-- MySQL dump 10.13  Distrib 5.7.16, for Linux (x86_64)
--
-- Host: localhost    Database: julio
-- ------------------------------------------------------
-- Server version	5.7.13-0ubuntu0.16.04.2

/*!40101 SET @OLD_CHARACTER_SET_CLIENT=@@CHARACTER_SET_CLIENT */;
/*!40101 SET @OLD_CHARACTER_SET_RESULTS=@@CHARACTER_SET_RESULTS */;
/*!40101 SET @OLD_COLLATION_CONNECTION=@@COLLATION_CONNECTION */;
/*!40101 SET NAMES utf8 */;
/*!40103 SET @OLD_TIME_ZONE=@@TIME_ZONE */;
/*!40103 SET TIME_ZONE='+00:00' */;
/*!40014 SET @OLD_UNIQUE_CHECKS=@@UNIQUE_CHECKS, UNIQUE_CHECKS=0 */;
/*!40014 SET @OLD_FOREIGN_KEY_CHECKS=@@FOREIGN_KEY_CHECKS, FOREIGN_KEY_CHECKS=0 */;
/*!40101 SET @OLD_SQL_MODE=@@SQL_MODE, SQL_MODE='NO_AUTO_VALUE_ON_ZERO' */;
/*!40111 SET @OLD_SQL_NOTES=@@SQL_NOTES, SQL_NOTES=0 */;

--
-- Table structure for table `clientes`
--

DROP TABLE IF EXISTS `clientes`;
/*!40101 SET @saved_cs_client     = @@character_set_client */;
/*!40101 SET character_set_client = utf8 */;
CREATE TABLE `clientes` (
  `id_cliente` int(11) NOT NULL AUTO_INCREMENT,
  `nombre` varchar(50) NOT NULL DEFAULT '0',
  `apellido` varchar(50) NOT NULL DEFAULT '0',
  `documento` varchar(18) NOT NULL DEFAULT '0',
  `domicilio` varchar(50) NOT NULL DEFAULT '0',
  `telefono` varchar(12) NOT NULL DEFAULT '0',
  `celular` varchar(15) NOT NULL DEFAULT '0',
  `ciudad` varchar(50) NOT NULL,
  PRIMARY KEY (`id_cliente`),
  UNIQUE KEY `documento` (`documento`)
) ENGINE=InnoDB AUTO_INCREMENT=528 DEFAULT CHARSET=utf8;
/*!40101 SET character_set_client = @saved_cs_client */;

--
-- Dumping data for table `clientes`
--

LOCK TABLES `clientes` WRITE;
/*!40000 ALTER TABLE `clientes` DISABLE KEYS */;
INSERT INTO `clientes` VALUES (1,'Artigas','Rodríguez','29257353','Nicolás Corbo s/n entre 19 de Abril y Fco. Fernánd','','098715311','Lascano'),(2,'Euclides Javier','Rosano Taborda','40183129','Ruta 14 km 462','','099392950','Lascano'),(3,'Andrea Carina','Pereira Escalante','49813381','Bolonia entre Calabria y Salerno','','099815794',''),(4,'Graciela Darley ','Pereira Da Terra Gomez','30141933','Sargento De Los Santos 619','44742197','099877057','Chuy'),(5,'Hector Eduardo','Souza Olivera','31224471','SIAV III Vivienda 0002','44557553','099537189','José Pedro Varela'),(6,'Horacio Gustavo','Gomez Sosa','46988109','Mevir I 14682','44567676','098363628','Lascano'),(7,'Juan Carlos','Marquez Rodriguez','45916240','Rocha esq Nicolas Corbo s/n','44568841 ','091493199','Lascano'),(8,'Rafael Nicolas','Rivero Velazquez','47398935','Arrozal Bonino Ruta 15 km 159','44506127','098802463','Lascano'),(9,'Robert','Fontes Ferreira','48490271','Calpase, Cebollati','','098575993','Cebollatí'),(10,'Silvana Judith','Elverdi Ricard','43929221','Joaquin Suarez  y Treinta y Tres','44567495','098964490','Lascano'),(11,'William Andres','Martinez Olivera','31840401','Bernabe Baldivieso','4456 7832','099498172','Lascano'),(12,'Walter Daniel','Fernandez Pereyra','45716149','Ruta 14 Los Indios Paraje La Masedonia','','099742500',''),(13,'Pedro Adais','Velazquez Contreras','36242214','19 de Abril s/n entre Rincon y Ituzaingo','44569258','','Lascano'),(14,'Ademar Francisco','Fernandez','26832895','Dr. Fonseca s/n entre Treinta y Tres y 19 de Abril','44568218','091035012','Lascano'),(15,'Adrin Benite','Noguera Viera','32304503','Laguna de Rocha 804, Barrio Hospital','','099225743','Chuy'),(16,'Alicia Mabel','Murdoch Lewis','48598623','Sociedad Civil Lascano Vivienda Nº 7','44568119','099565866','Lascano'),(17,'Carlos Julio','Vega Balao','34218938','Pinto Diago y Caimiel','','098855330',''),(18,'Enrique Hugo','Gil','39163914','Panamericana 201 Srgto. de Los Santos y S. Priliac','44744236','099335308','Chuy'),(19,'Edevaldo Damian','Suarez Romero','50099291','Mevir III 18679','','098145764','Lascano'),(20,'Hortencia','Rodriguez ','32108953','Lavalleja casi Joaquin Suarez','','091471769','Lascano'),(21,'Jandro Belmirio','Almeida Gonzelez','40974568','Porvenir Continuacion 25 de Mayo s/n','','091445810','Lascano'),(22,'Jose Enrique','Cabrera Puma','39887841','1ro de Agosto 1127','44569879','099171057','Lascano'),(23,'Luis Eduardo','Inzarraulde Teijeira','43980370','Adrián Acevedo s/n','44567673','','Lascano'),(24,'Maria Celia','Da Silva Terra','18012364','Barra del Chuy Parada 5','','098859956','Barra de Chuy'),(25,'Martin Sebastián','Acosta Cardozo','45716036','Alférez Ruta 15 km 114','','099168035','Lascano'),(27,'Michael','Silvera Vazquez','50222519','Francisco Fernandez s/n entre Nicolas Corbo','','098866446','Lascano'),(28,'Nancy Maribel','Silvera Correa','41743302','Mevir III 18719','','098396652','Lascano'),(29,'Iris Raquel','Velazquez Iguiní','26304026','Quitito Rodriguez  A. Acevedo y A. Yupanqui','','099513901',''),(30,'Romina Antonella','Esquivel Portugal','46823535','Mevir III 18705','44567745','099243676','Lascano'),(31,'Saturnino','Presa de Los Santos','34163511','Colón, Dpto. Lavalleja','','099620465','Colón'),(32,'Sergio Aldirio','Pereira Correa','42293358','Libertad y Francisco Fernandez s/n','44569500','099037788','Lascano'),(33,'Ana Maria','Pereira Velazquez','40412619','Adrian Acevedo entre19 de Abril y Treinta y Tres','44567438','099354670','Lascano'),(34,'Belkys','Mendoza Hernandez','32096922','viviendas de Mevir','','098612677',''),(35,'Carlos Rosalio','Caballero','35300691','Libertad 1177','','099856848','Lascano'),(36,'Carlos Eduardo','Jara Amaral','25276163','25 de Mayo esquina Arigoni','44569693','','Lascano'),(37,'Cliver Domingo','Hauret Bagnasco','10787606','Sarandi casi Lavalleja','44567022','098861208','Lascano'),(38,'Diego Javier','Fernandez Perez','47500827','Francisco Fernández','','099650929','Lascano'),(39,'Hector Daniel','Perez Amarilla','45188970','Mevir II Nº 961','','091290312','Lascano'),(40,'Hebert Luis','Velazco Bravo','44224444','Francisco Fernández c/ Victor Galcerán Fonseca','44567426','','Lascano'),(41,'Hector Eduardo','Correa Martinez','34802347','General Artigas s/n Aigua','44462272','','Aiguá'),(42,'José Lito','Larrosa','44739942','18 y Treinta y Tres','','098547892','Lascano'),(43,'Juan Marcelo','Pascal Silvera','52596752','Mevir III 18740','','099856530','Lascano'),(44,'Luis Marcel','Iriarte Acosta','50318249','25 de Agosto entre Libertad y 25 de Mayo','','091268203','Lascano'),(45,'Magdaleno Enrique','Martinez Graña','26773952','Calle Los Angelitos s/n de Barra del Chuy','44749667','','Barra de Chuy'),(46,'Maria Del Rosario','Correa Fernandez','42150603','25 de mayo esquina Joaquin Suárez','44567610','099719169','Lascano'),(47,'Lavalleja ','Cardoso Acosta','29980994','Av. España nº 416','','099876243',''),(48,'Mauro Sebastían','Aispurú Mier','41251658','Nicolás Corbo casi Joaquín Suarez','','099884009','Lascano'),(49,'Miguel Angel','Picca Gonzalez','32261892','Fonseca 1496','','','Lascano'),(50,'Osmarin Bentos','Sejas','38610104','Castillos casi Brasil','','099876266',''),(51,'Roberto Javier','Lorenzo Rodriguez','37571169','Calle Lascano','44599518','','Cebollatí'),(52,'Ruben Francisco','Santa Cruz Iriarte','49950719','Alferez, Ruta 15','','098013861','Lascano'),(53,'Rudeber','Fernandez','33734965 ','Avda. 2 camino de acceso a Barra del Chuy','','091655539','Barra de Chuy'),(54,'Sandra Yanet','Becerra Orges','42083624','Arrozal Bonino ruta 15 km. 159.500','','098148164','Lascano'),(55,'Sergio Victorino','Mendez Pereira','49976822','Fomento s/n','','099988865',''),(56,'Washington Eduardo','Garcia Othatz','33380251','Mario Sobrero s/n','44577217','',''),(57,'Sonia Lylian','Techera Recayte','19290014','Calle India Muerta','','099094183',''),(58,'Stephanie Fiorella','Techera Lorenzo','46572803','Calle Lavalleja s/n','','099991249','Lascano'),(59,'William Gaston','Bernardo Corbo','49367655','Walter Montaldo s/n','','099061347','Lascano'),(60,'Yeny Daiana','Almeida Gonzalez','48489995 ','Cebollatí','44599084','099856122','Cebollatí'),(61,'Maria Alicia','Staino Baez','18206383','Francisco Osorio Esq. Gral Pagola','44592390','094541569','Cebollatí'),(62,'Ariel Ernesto','Romaniuk Oborski','31220782','25 de Agosto 1095','44507025','099856444','Lascano'),(63,'Fernanda Araceli','Brun','47719030','Treinta y Tres','','095428674','Treinta y Tres'),(64,'Blanca Graciela','Agriel Ferreyra','28354879','Calle Libertad','44569979','','Lascano'),(65,'Carmen Leticia','Pintos Rodriguez','39568376','Barrio Las Cooperativas','','099072835',''),(66,'Cesar Fabian','Farias','49990737','Mevir °1 2722','44568091','099654764','Lascano'),(67,'Domingo Rafael','Techera Cabrera','42397099','Mevir I 2737','','095987657','Lascano'),(68,'Enio Daoy','Viojo Garrido','43920582','Lavalleja s/n','','098982784','Lascano'),(69,'Esther Susana','Hernández','30640581','Sarandí 1179','44567743','','Lascano'),(70,'Francisco','Silva Mendez','16081680','Dr. Mario Sobrero','44599028','',''),(71,'Gonzalo Cesar','Diaz','27441790','1º de Agosto s/n, casi Libertad','44568884','098715565','Lascano'),(72,'Leonardo Milton','Sosa','32607078','Joaquin de Paz, Barrio Pájaro Azul','','099857010',''),(73,'Manuel Darci','Techera Moreno','31031688','Parada 14 Puymayen','44749319','','Barra de Chuy'),(74,'Maria Agustina','Arboleya','40049925','Colonos Valdenses','','099887620',''),(75,'Maria Del Lourdes','Nuñez Aguirre','40110621','Francisca Otermin, La Candelaria','','098457677',''),(76,'Mario Gorgoño','Machado Fernández','48216813','Calle Las Tropas','','098795325',''),(77,'Miguel Angel','Pais Bringa','14000682','Rincón 1020','','099093193','Lascano'),(78,'Miguel Roberto','Pintos Rodriguez','32347977','Calle 1 y 7 de Maldonado Nuevo','','099810303','Maldonado'),(79,'Bernardo','Olmos Rodriguez','32401791','Pirarajá','','094808078','Pirarajá'),(80,'Patricia Silvana','Ardais Rodriguez','41687239','Mevir  II 4828','','099945976','Lascano'),(81,'Ruben Gabriel','Pintos','52056170','Mevir III 18693','','098517854','Lascano'),(82,'Santiago ','Lima Cruz','46418766','Rocha esquina Rincón','','091212709','Lascano'),(83,'Silvia Yanet','Fernández Sorozabal','36114885','Villa Cebollatí','','','Cebollatí'),(84,'Victor','Castallo','26663333','18 de Julio s/n','','099751712','Lascano'),(85,'Washington Daniel','Garcia Cabral','27663215','Rincón casi Sarandí','','098837274','Lascano'),(86,'Alvaro Antonio','Techera Hernandez','36689450','Ituzaingo 1340','44567580','099047738','Lascano'),(87,'Yesica Gisell ','Olivera Nuñez','45553559','Constitullente casi Libertad','','091403066','Lascano'),(88,'Johnn Esteven ','Techera Moreno','50228290','25 de agosto mandare','','091442631','Rocha'),(89,'Federico Martin','Sequeira Caseres','45069227','barrio capascho','','091032753','Coronilla '),(90,'Alfredo Sidiney','Camejo Serra','55075874','Mevir 1 4536 bis','','091365371','Castillos'),(91,'Pablo Enrique','Rodriguez Hernandez','37963407','barrio molino oficial 5','','098777860','Lascano'),(92,'Erique Carmelo','Diaz Hernandez','28058045','Lavalleja','44559470','098931026','Jose Pedro Varela'),(93,'Mirel Alaides ','Correa','42150590','san luis s/n','099962562','099962562','Cebollati'),(94,'Carlos ','Pimienta Criado','55206392','Mevir','','095984965','Velazques'),(95,'Juan Carlos','Mendez Rodriguez','44576302','mevir 1 2755','','092203366','Lascano'),(96,'Dustin Bjorn','Olivera Pereyra','35049524','camino abasto cuchilla jesus fernandez','','091438069','lascano'),(97,'Maria Victoria','Techera De Melo Correa','46274861','Barrio Ibañez','','098459733','Lascano'),(98,'Laura GRaciela','Acevedo Torres','26967169','calle 40 Barrio Porvenir','','098321373','Lascano'),(99,'Ana Maria','Barrios Pereira','44575568','Barrio Molino','','098018528','Lascano'),(100,'Silvia Beatriz','Geymonat Ricca','29244706','Ansina 1128','','099480083','Lascano'),(102,'Alvaro ','Sarasqueta Techera','34838481','Ruta 19 km 4','','099063699','Chuy'),(103,'Rogelio Marcelo','Acosta Silvera','37897723','Canelones 518','','098382015','Jose Pedro Varela'),(104,'Dario Gabriel','Puerto Amarilla','46278497','Airton Sena 455','','092202280','Chuy'),(105,'Ruben Dario','Fernandez Garcia','43304461','Mevir 1 2760','44568848','099755168','Lascano'),(106,'Oscar Santiago','Do Carmo de Abreu','46519104','Ruta 14 Estancia Ana Paula','','099402807','Lascano'),(107,'Gerusa','Messones Ramirez','57611783','Manuel Oribe','','099106574','Castillos'),(109,'Elsa ','Macedo Mello','38557099','Mevir 2 4838','44567240','099985957','Lascano'),(110,'Ernesto Waldemar','Terra Iriarte','47103752','25 de Agosto y 25 de mayo s/n','','098373586','Lascano'),(111,'EMILIANO ','CORREA RODA','51040984','CALLE CASTILLO ','','091068937','CEBOLLATI'),(112,'Miguel Angel','Burgeño Acosta','32170952','Bernave Baldivieso S/N ','','099856155','Lascano'),(113,'Danilo Sebastian','Disanti Cuello','42270673','Misiones 1325','','099507859','Lascano'),(114,'Esteban Leonardo','Altamiranda Martinez','44693104','Ituzaingo 1059','44567578','095167712','Lascano'),(115,'Lucía','Velázquez Acosta','47462724','Monzon y Rodo S/N','44724860','098126935','Rocha'),(116,'MIREYA NELLY ','ACOSTA DANIELSE','37553020','Barrio Capacho  La Coronilla','44762605','098029277','Rocha'),(117,' ELISEO SATURNINO ',' GUTIERREZ SANTANA','31296191','Angel Maria Rivero n 97','44728820','098327083','Rocha'),(118,'Juan Carlos','Tellechea Villar','39139486','Rincon de Aparicio','','099156363','Maldonado'),(119,'Daniel Dario','Hernandez Hernandez','25708693','Sarandi casi Guenoas','','099862728','Rocha'),(120,'Emiliano','Echenique Tourne','20198477','Doc. Corbo n 1336','44569551','098863855','Lascano'),(122,'Miguelito','Gonzalez Molina','41104534','Luis Alberto de Herrera n 286','','099506718','Rocha'),(123,'Carlos Alberto','Nuñez Iguinis','31338444','Eliseo Marzol n 233','','099949000','Rocha'),(124,'Graciela Susana','Llana Mancuello','36323101','Manuel Oribe, C 24, Apto 19','','099867174','Rocha'),(125,'Cesar Cirio','Trindade Rosa','42551354','Ruta 14 Km 281 – Las Novillas','091819426','094458067 ','Lascano'),(126,'Miguel','Aquino Rodriguez','35655818','Barrio La Alegría SN','','099221726','Rocha'),(127,'Roberto Never','Caceres Moreno','27176771','Calle 14 Balneario Arachania','44797940','099783995','Rocha'),(128,'FRANCISCO',' CALASTRETTI  PEREYRA','44220125','Julián Graña 293','44720802','099001948','Rocha'),(129,'Carlos Maria','Lorenzo Mendez','35018349','Manuel Oribe','44525211','098904843','Treinta y Tres'),(130,'Nestor Werfil','Valdivieso Pereyra','38743163','Gil Diaz S/N','44577182 ','099861295','Velazquez'),(131,'Leandro ','Del Pino ','33316771','Aigua','','098328082','Aigua'),(132,'Limber Daniel ','Ferreira Olivera','38110552','Francisco Fernandez s/n','44567452','099444852','Lascano'),(133,'Iris Griselta','Spalato Granero','33632777','Ruta 15 km 74 ','44507172','095863935','Velazques'),(134,'Marlene ','Segovia','36090950','Sanluis s/n','','099442288','Cebollati'),(136,'Victor Quintin','Piriz Larrosa','26128723','Jose Reventos 1871','','098340636','Treinta y Tres'),(137,'Silvia Naguar','Montes De Oca De La Vega','35206392','Calle 43 Barrio Porvenir','','099538614','Lascano'),(138,'Carlos','Caceres Niño','19396139','Grito de Ascencio 2179','','095414818','Rocha'),(139,'Jose Manuel','Almada','33648382','Orozman de los Santos esq Guaraní','','098496525','Rocha'),(140,'Walter Clever',' Pereyra Iriarte','29144077','Andrés Cheveste y Agraciada','','098860716','Rocha'),(141,'Nelson Osmarin','Decuadro De la cruz','36738221','Los talas ','44406638','091431660','Maldonado'),(142,'Mariela Rosario','Aguirrezabala','29432919','Continuacion Podesta S/N','44559834','099496794','Jose Pedro Varela'),(143,'Yonne Rif','Davila Bordachar','33708809','Las novillas tambo 2','','091721713','lascano'),(144,'Paul Pierre',' Ramirez Correa','48442729','Barrio Jardin','','098373356','Lascano'),(145,'Veronica  Andrea ','Torres Miraballes','46204036','AV Del Parao ','44599209','091477580 ','Cebollati'),(146,'Luz  Maria  ','Rivero Quintero','39794903','San Luis al medio','44704030 ','099744275','san luis'),(147,'Andres Miguel ','Rodriguez Fernandez','49458084','Calle 8 casi avenida ','44799500 ','098578545','la paloma'),(148,'Marcos Daniel','Curbelo Rosas','41463045','Walter montaldo y 25 de mayo','','092045217','lascano'),(149,'Hilton ','Sena Gonzalez','30094568','Leopoldo fernandez s/n','44762884','098882709','La coronilla rocha'),(150,'Andres ','Soria Baz','39468120','Gustabo gallinal 1783 apto 3','','099351973','Montevideo'),(152,'Wilberto Dario ','Hernandez Velazquez','43477375','19 de abril y av del centenario ','','098152717','lascano'),(153,'Mariela Rosario ','Aguirrezabala','35661928','Continuacion podesta s/n ','44559834','099496794','Jose Pedro Varela'),(154,'Neri Walter','Reggiardo Olmedo','33807073','Complejo c24 apto 007','44721853','099870490','Rocha'),(155,'Abrahm ','Larroca Calastretti','33704900','Barrio Porvenir','','091425348','Lascano'),(156,'Luis Eduardo','Alonzo Rodriguez','26814966','Rincon en barrio porvenir','44568932','098922252','Lascano'),(158,'LUIS EXEQUIEL','SCHIAVO PEREZ','5.164.149-1','Monzón nº187','','098587036','Rocha'),(159,'Luis Alberto','Magallanes Dalta','41788542','Treinta Tres 1218','44569586','096663256','Lascano'),(160,'Maria Emilia','Fernandez Sosa','33279202','Monzon n 195','','091045233','Rocha'),(161,'OSCAR EDUARDO',' ACUÑA ARAGON','1812495','Viviendas Siav n°1 Barrio Londres','44723953','098437890','Rocha'),(162,'DANIEL ALEJANDRO','SOTO LEIS','42723539','CUZCO 4343','23154827','095221738','MONTEVIDEO'),(163,'RUBEN DARIO','MARTINEZ VELAZQUEZ','150114600018','Arrigoni y Nicolás Corbo','','099104800','Lascano'),(164,'Julio Cesar ','Sosa Garcia','27791757','RUTA 15 MEVIR I 1489','44599396 ','098552951','CEBOLLATI'),(165,'Aida Elvira','Irioldi Pereyra','33417432','Mercurio y Urano, La Paloma','','099953252','Rocha'),(166,'Blanca Nieve','Pereyra Rocha','26251445','Dinegri Costa c/ Jose Hernandez','','099444861','Rocha'),(167,'Anibal Felix','Sosa Terra','37982829','Calle Puerto de los Botes','','095490060','Rocha'),(168,'Sergio Humberto','Revelez Altez','42536336','Orozman de los Santos y Julio J. Martinez','','099455319','Rocha'),(169,'LUIS ALBERTO','BURGOS','27807035','ENRIQUE CASTRO 4131','22117947','097216766','MONTEVIDEO'),(170,'JULIO EDUARDO','DICCEA TRILLO','15769960','EMANCIPACION 4361 AP. 69','23053903','094677835','MONTEVIDEO'),(171,'JORGE EDUARDO','DE BIAGGI GARCIA','14426492','ESPINILLO 1386 AP. 402','22038883','098836251','MONTEVIDEO'),(172,'NATALIA CECILIA','MORENO VEJAS','41610252','ARIEL 5226','23570411','094882075','MONTEVIDEO'),(173,'CARLOS','FALERO','12972734','AGRACIADA 3373','','099665447','MONTEVIDEO'),(174,'FERNANDO','SAPPIA AQUINO','26186331','PALLEJA 5997','23118652','098654432','MONTEVIDEO'),(175,'JUAN SEBASTIAN','SOLDONA SONEGO','40063717','GENERAL HORNOS 4642 AP.3','','095234449','MONTEVIDEO'),(176,'ALBERTO MARTIN','ALMEIDA ORTEGA','42778562','LA GALLETA M:72 S:21','23477601','098822158','DELTA DEL TIGRE - SAN JOSE'),(177,'CARLOS EDUARDO','RODRIGUEZ TREMEZANO','40959299','TOMKINSON 2870','','099149016','MONTEVIDEO'),(178,'ALEJANDRA KARINA','LLANES SAN MARTIN','54688278','LAS TROPAS 2604','23150531','09430162','MONTEVIDEO'),(179,'MIRIAN YAKELINE','MATIAS RECA','32400151','TOMKINSON 285','','098755667','MONTEVIDEO'),(180,'INA SILVESTRE','LEDESMA PEREZ','40373089','CHUINA 1731 AP. 4','','093718386','MONTEVIDEO'),(181,'MARCELA LAURA','GIGLI RODRIGUEZ','32755710','18 DE JULIO 295 PISO 6','45422077','096301200','CARMELO COLONIA'),(182,'WILSON','ACOSTA','19774525','PAMPLONA 2790','25089429','099648740','MONTEVIDEO'),(183,'WALDEMAR ','ROSANO VALDEZ','27029914','LONDRES 3675','22167137','099244978','MONTEVIDEO'),(184,'FERNANDO RAMON','ASTRO SUAREZ','39812420','LA CARRETA 1971','23122213','096222166','MONTEVIDEO'),(185,'ANTONIO ','BELLO IBARRA','14798447','CERRITO 327 PISO 1 AP. 104','29151808','099322874','MONTEVIDEO'),(186,'ALEJANDRA LOANA','VICENTE ROBAINA','25608986','RUSIA 2162','','094734529','MONTEVIDEO'),(187,'ROBERTO ALEX','BAGDASARIAN DER BOGHOSSIAN','28114431','ASUNCION 1528','29242047','094224045','MONTEVIDEO'),(188,'CARLOS GUILLERMO','SOUTO MANFREDI','16976223','DOLORES PEREYRA DE SOSELL 1687','26287277','099631205','MONTEVIDEO'),(189,'GABRIEL ENRIQUE','ANDIÑO','52385381','LUIS BATLLE BERRES 4442','23084727','094847422','MONTEVIDEO'),(190,'LUIS ANGEL','VALLERINO RODRIGUEZ','27365666','LOS NOGALES 2644','23123064','094940663','MONTEVIDEO'),(191,'MARIA BEATRIZ','LLANES CASTRO','18712277','ZORRILLA DE SAN MARTIN 249','23623446','096012822','MONTEVIDEO'),(192,'JOSEPH','MILBURD NAPOLI','36620531','LIS A . DE HERRERA 2208 A','','097189881','MONTEVIDEO'),(193,'JOSE MARIA','VIERA','26339677','ELIAS REGULES 16','23477615','096657954','PLAYA PASCUAL - SAN JOSE'),(194,'MATHIAS AMADEO','VILARIÑO PEÑA','43437141','CALLE B Nº 11240','','093849117','MONTEVIDEO'),(195,'ERNESTO WASHINGTON','WANSEELE MELGAREJO','16689222','GUAVIYU 2932 A AP. 004','','094430010','MONTEVIDEO'),(196,'CARLOS ALFREDO','ECHAGÜE PEREIRA','42925644','CALLE A 6043','23238614','098787935','LA PAZ - CANELONES'),(197,'NOELIA FERNANDA','MENDOZA FLEITAS','41436377','GRAGONES 3544 AP. 1','23045808','099079247','MONTEVIDEO'),(198,'RODRIGO SEBASTIAN ','CACERES RODRIGUEZ','45356911','CAMINO CIVILS 4491 AP. 006','23201498','098126135','MONTEVIDEO'),(199,'LEONARDO','SELIAR CAMPANA','42131598','CARLOS MARIA DE PENA 5847','','097047083','MONTEVIDEO'),(200,'ALEJANDRA ','CORBO GOMEZ','27512214','PEREIRA DE LA LUZ 1287 AP. 801','','099107922','MONTEVIDEO'),(201,'LOURDES ','BACCINO COUTO','16156613','28 DE FEBRERO 140','23625703','095548743','LA PAZ - CANELONES'),(202,'GLORIA CRISTINA','CANCLINI OTTON','12149339','GRITO DE ASENCIO 1259 AP. 303','','099075951','MONTEVIDEO'),(203,'ELSA AIDA','AMADO SUAREZ','18089181','EMANCIPACION 4947','23099717','098231845','MONTEVIDEO'),(204,'EUCLIDES DANIEL','OLIVERA','17859820','MONTE CASEROS 3044','24805867','','MONTEVIDEO'),(205,'VITO ','CRAMMALDO CORTAZZO','12024789','BURGUES 3814','22162988','','MONTEVIDEO'),(206,'WUELFIN EDUARDO','RODRIGUEZ','42975097','JOSE LLUPES 5482','23046536','097071281','MONTEVIDEO'),(207,'SANDRA JACQUELINE','DE ARMAS FARIAS','42981408','PASAJE EL BAÑADO 1780','23074948','099453119','MONTEVIDEO'),(208,'EDUARDO','LAFLUF','36910158','CONT. SARANDI VIV. MUNIC. Nº 26 SENDA A','42661170','098905407','SAN CARLOS - MALDONADO'),(209,'CESAR OMAR','NOVIS CASAS','36892619','GENERAL HORNOS 4827','23074291','','MONTEVIDEO'),(210,'ALEXANDRA MARIANA ','BURGANTE','33238773','AGUSTI MUÑOZ 4254','23078389','099467038','MONTEVIDEO'),(211,'CRISTINA RAMONA','FIGUEROA','12492837','SAN MATEO 4108','23047939','099424244','MONTEVIDEO'),(212,'CARLOS JAVIER','RODRIGUEZ AGUIRREGABIRIA','4025449','GENERAL HORNOS 5120','23045120','094257025','MONTEVIDEO'),(213,'FRANCIACO ALBERTO','GUIDOBONO AYCAGUER','14028646','SANTA LUCIA 5429','23375154','095976328','MONTEVIDEO'),(214,'JHON RICHARD','FERNANDEZ AROSTEGUI','29152674','18 DE JULIO Y PEDRO GUERRA','','099635284','LASCANO - ROCHA'),(215,'JORGE ALFONSO','CARBON FERNANDEZ','19433482','AV. LA PLAYA M:751 S:1','','096296869','PARQUE SOLYMAR - CANELONES'),(216,'EDGARDO ALBERTO','SENATORE REGINA','34774764','RUSIA 1718','23140479','','MONTEVIDEO'),(217,'RUBEN ALCIDES','BENTANCOUR GUTIERREZ','13331345','GENERAL HORNOS 5019','23092010','094603064','MONTEVIDEO'),(218,'AUGUSTO RICARDO','MENDEZ FERNANDEZ','11760556','JOSE MARTI 3244 AP. 102','27083276','099609428','MONTEVIDEO'),(219,'MARIO CAMILO','MARQUEZ SABANES','11235626','JUAN JOSE ARTEAGA 1317 AP. 302','','099666958','MONTEVIDEO'),(220,'MARIA ESTHER ','CABRERA AREVALO','36711631','LA CARRETA 1857','23112066','095884989','MONTEVIDEO'),(221,'JULIO RUBEN','MORA LOMEZ','15217741','JOSEFA PALACIO 6349','23122287','','MONTEVIDEO'),(222,'MIGUEL JUAN ','GARCIA ALANIS','18829850','PREVISION 4247','22271810','094815298','MONTEVIDEO'),(223,'WALDEMAR ','VAZQUEZ MARTINEZ','11227665','POLONIA 4082','23132524','095414011','MONTEVIDEO'),(224,'STELLA MARY','GONZALEZ COLLAZO','29355238','TIMOTE 5710','223057499','094033300','MONTEVIDEO'),(225,'JOSE MARIA','MORGADE AMESTOY','12824672','BENITO RIQUET 915','23086315','099282580','MONTEVIDEO'),(226,'RAUL EDUARDO','MARQUEZ PONCE DE LEON','','COMP. MILLAN Y LECQOC  CALLE 1 898 AP. 202','23576088','','MONTEVIDEO'),(227,'OSCAR NELSON','MILANO ALEM','42372786','RIVERA DE RUETA M:324 VIV 15','','096065724','BARROS BLANCOS - CANELONES'),(228,'MARIO OMAR','HERNANDEZ CURBELO','26856336','RUTA 1 KM 26500 ','','099609050','CIUDAD DEL PLATA - SAN JOSE'),(229,'ELENA JENIFFER','XIMENO ALBARENGA','39490149','ALBANIA 3753','25112038','099980083','MONTEVIDEO'),(230,'JUAN JOSE','RODRIGUEZ LARROSA','13241738','ARIEL 5785','23597434','094617929','MONTEVIDEO'),(231,'CHRISTIAN ALEJANDRO','BARK DE MORA','44625907','CNO. MELILLA 6420 BLOCK 17 AP. 13','','094981444','MONTEVIDEO'),(232,'JUAN CARLOS','AQUINO MIERES','18900258','DOLORES CANDALE 5927','2132692','095404363','MONTEVIDEO'),(233,'KAREN GIOVANA','ROMERO SILVA','46436388','BLV.PEDO CEA AP. 12 COOP COVIPLAPA','','094950205','VILLA OLIMPICA - SAN JOSE'),(234,'FABIANA ANDREA','MUSSO CARRASCO','27878977','HERVIDERO 2821','','091249828','MONTEVIDEO'),(235,'FERNANDA JUDHIT','PEREZ GELPI','37130080','MARCOS MUÑOZ 232','23059565','095255495','MONTEVIDEO'),(236,'MARIA ADRIANA','GONZALEZ MALLARINO','19251652','CORINDON 6772','','099278956','MONTEVIDEO'),(237,'HECTOR ANDRES','RODRIGUEZ FERRON','41643582','M:8 S:16 MONTE GRANDE','','094885590','CIUDAD DEL PLATA'),(238,'MIRTHA LORELEY','SCOTTO BAEZ','12784474','FRIAS 4510','','094334890','MONTEVIDEO'),(239,'NELSON ALFREDO','BALBI CUFRE','42143533','CAMPICHUELO 302','','093523391','MONTEVIDEO'),(240,'EDUARDO RENE','MANFRU VAZQUEZ','42736722','RUTA 8 KM 23 COOP PRIMARIA 143','22884487','094914416','BARROS BLANCOS - CANELONES'),(243,'JOEL VICENTE ','HERNANDEZ ROLANDO','50207472','PANTANOSO 4654','','098372732','MONTEVIDEO'),(244,'LUIS ALBERTO','GONZALEZ CABRERA','45526922','ESTACION MIGUES','','099708814','MIGUES - CANELONES'),(245,'JUAN CARLOS','MONTERO PARODI','11582095','EJIDO 1557 PORTERIA','29004414','098883583','MONTEVIDEO'),(246,'GUSTAVO ROLANDO','CORREA VIGNALI','215766220010','RUTA 15 KM 88','','099872000','LASCANO - ROCHA'),(247,'DIEGO OMAR','MOTTA ESCOBAR','36012669','AENCIO 1259 AP. 102','22081762','094132615','MONTEVIDEO'),(248,'LEDER EDUARDO ','PEREIRA CORREA','37919531','MEVIR III 18661 ','','099522559','lascano'),(249,'MIGUEL ANGEL ','CAMPOS MOLINA','27434523','MEVIR II 3804','','098914778','LASCANO'),(250,'JULIA ELENA ','SUAREZ CABRERA','43540176','19 DE ABRIL Y ATAGUALPA YUPANQUI ','','099468427','LASCANO'),(252,'OSVALDO SATURNINO ','RODRIGUEZ FERNANDEZ','30396766','CALLE 5','44704402','099675947','SAN LUIS'),(254,'Juan Martin','Arboleya Miraballes','40049919','Sarandi 1220','','099379850','Lascano'),(255,'SERGIO ELOY ','CARDOSO DELGADO','20037489','MELO 1174 ','','091341670','CHUY'),(256,'Graciela','Amaral Acevedo','25396989','Mercurio entre Urano y del Sol','','099913092','La Paloma Rocha'),(257,'Daniel Alberto','Graña Iroldi','43840978','Calle 19 esq. Av del Navio, La Paloma','','091880814','Rocha'),(258,'Pablo Andres','Delgado Gutierrez','26807868','Barrio Parque, La Paloma','','098448926','Rocha'),(259,'Delia Matilde ','Serron Muñoz','29388449','Estrela Do Mar 38','','099202601','Barra Do Chui '),(260,'Milton Hugo','Campos','10697259','CALLE 40 ESQ CASIMIRO LASCANO ','','098645648','Lascano'),(261,'Natalia Yeannette ','Acosta','45782150','Parque Nacional Santa Teresa','098816713','091222628 ','Santa Teresa'),(262,'Sergio Aladino','Ferreira Ferreira','41881574','Libertad S/N','44567796','099056752 ','Lascano'),(263,'Ismael ','Cardoso Cardoso','33314717','san luis al medio','','098072866','san luis'),(264,'Adriana Elizabeth','Brun Olid','00000000','Luciano Velázquez S/N','','099114313','Rocha'),(265,'ESTIR DERIS','GARCIA VELAZQUEZ','32962345','1 DE AGOSTO ENTRE LIBERTAD Y 25 DE MAYO','','099907646','LASCANO'),(266,'DIEGO SEBASTIAN','PEREIRA ','46421761','PORTO ALEGRE','','099022936','CHUY'),(267,'CARLOS ','RODRIGUEZ','26867327','MEVIR II 4848','','098996901','LASCANO'),(268,'Arturo Leonel','Malo','32409618','Calle H y M, Br Hipodromo','','098365482','Rocha'),(269,'JORGE MARTIN','MACHADO VAZQUEZ','50290669','CALLE 45 BARRIO PORVENIR','','091457698','LASCANO'),(270,'SILVIA MICAELA','EWSPALA','49485677','AV.RIO DE LA PLATA PARADA 1 S:39','23477081','096404467','PLAYA PASCUAL - SAN JOSE'),(271,'GONZALO WASHIGTON','NALERIO FONTINOVO','43900473','SUSANA SOCA 1854','23205946','096317308','MONTEVIDEO'),(272,'LEONARDO GABRIEL','TORENA FIERRO','37849629','ALBERTO FLANGINI 827','23080315','094732765','MONTEVIDEO'),(273,'GERARDO JORGE','SEÑORALES BRAY','18212073','COMP. AMERICA 2146 C BLOCK R3 AP.311','','094287651','MONTEVIDEO'),(274,'MARTIN','BIANCHI BESIO','47238030','MERCEDES 1324 AP. 103','','091080031','MONTEVIDEO'),(275,'SEBASTIAN CHRISTIAN','ARIOSO CHARQUERO','42502999','OSCAR NICASTRO 20','23134182','094874321','MONTEVIDEO'),(276,'CARLOS ANDRES','VIÑALES DUMPIERREZ','47582506','CARACE 5554','23109120','094584248','MONTEVIDEO'),(277,'CARLOS ','TCHODJUKLIAN BENLIAN','14518972','AGRACIADA 3558 AP. 101','','094465225','MONTEVIDEO'),(278,'PAULA LETICIA','CRISTALDO PAN','41983370','MAZANGANO 745','23050888','094805421','MONTEVIDEO'),(279,'RODRIGO','BERRONDO','42984494','CURUZUCUATIA 2915','098570274','098570275','MONTEVIDEO'),(280,'ARTURO NORDLUN','AGUERO MONTES','33061190','BELLONI 4800','22200062','099254703','MONTEVIDEO'),(281,'GUILLERMO ANDRES','FIGLIOLIO GROSSO','41592666','ALEJANDRO FLEMING 1653 B','','099354903','MONTEVIDEO'),(282,'RAFAEL EDUARDO','PEÑA CHAMORRO','45570105','PASAJE 4 Nº 2180 BIS BARRIO MUNICIPAL 31','23131820','095222471','MONTEVIDEO'),(283,'NELLY LUCIA','STIPANICIC GARBACIAUSKAS','11177511','SUEVIA 1830','','23141616','MONTEVIDEO'),(284,'ALVARO','RAVASCHIO FREIRE','40952752','CARLOS TELLIER 4666','','093938880','MONTEVIDEO'),(285,'ROBERT ALBERTO','AIRES MIERES','17752450','RUTA 33 KM 22 GARCIA DE ZUNIGA S: 45  VILLA CRESPO','22908953','096116366','SAN ANDRES CANELONES'),(286,'PEDRO VIRGILIO','RAMIREZ ESCOBAR','34367743','PASAJE DEMOCRACIA 108 BIS','','094095900','MONTEVIDEO'),(287,'FLORENCIA SABRINA','ROMAN DELGADO','51950377','VIZCAYA 3462','23120534','094466438','MONTEVIEO'),(288,'RUBEN RODOLFO','QUESADA','33047875','DIONICIO CORONEL 566','','097941996','MONTEVIDEO'),(289,'PABLO DANIEL','RUIZ GONZALEZ','36915302','SANTA LUCIA 4124','','099181021','MONTEVIDEO'),(290,'EUGENIO','BENTANCUR ALGRE','19094408','RUTA 7 KM 33500','22939793','098368323','TOTORAL DEL SAUCE - CANELONES'),(291,'GABRIEL','POSE','19786344','MARIMOÑA 3539','095568053','095568053','MONTEVIDEO'),(292,'MARIA INOCENCIA','OLIVERA GONZALEZ','53263314','OLIVERA 4318 ESQ. SORIA','','0953001890','MONTEVIDEO'),(294,'JUAN CARLOS ','SOCA GUERRA','5178508','LA VIA 046','','095671847','MONTEVIDEO'),(295,'JOSE MARIO','PERDOMO','32538063','GOBERNADOR DE LA PROVIDENCIA ORIENTAL 85','23180853','095504312','MONTEVIDEO'),(296,'JUAN ANTONIO','NUÑEZ','42663147','GREGORIO MAS 131','23071083','091202611','MONTEVIDEO'),(297,'ERNESTO ROLANDO ','LAUZ GONZALEZ','26425482','CAMINO DEL DOMADOR 11614','23128221','095636295','MONTEVIDEO'),(298,'HERALDO LEONARDO','GARCIA DAVOINE','19261451','AV.BOLIVIA 2551, CALLE 3, TIRA 69, CASA 2787C','','094210421','MONTEVIDEO'),(299,'OLID ESTRELLA','MARR HERNANDEZ','17225776','CALLE MONTEVIDEO ESQ. FLORES M: 46 S: 6 ','22966549','093813748','VILLA SAN JOSE'),(300,'ARMANDO EGAR','SILVA DALIES','10932928','CARABELAS 3109','22083885','096801008','MONTEVIDEO'),(301,'WILIAM AGUSTIN ','TRUJILLO MARTINEZ','9515193','MANUEL AROSTEGUI 5869','23123527','094845861','MONTEVIDEO'),(302,'FERNANDO GASTON','WERNER DELLANTONIO','51921190','COSTANERA 2630 ESQ. CIBILS','23145392','091205098','MONTEVIDEO'),(303,'HUGO ALBERTO','GONZALEZ ABELLAL','11805431','AGRACIADA 3588','23095177','099007691','MONTEVIDEO'),(304,'RUBEN','DOMINGUEZ DURAN','16434029','GUSTAVO GALLINAL 1973','','099577319','MONTEVIDEO'),(305,'YOSUA EXEQUIEL','PIRIZ ARANCIO','55198749','CALLE 5 Nº 732 TRES OMBUES','096436384','096897000','MONTEVIDEO'),(306,'RUBENS GERARDO','VAZQUEZ GONZALEZ','7929431','BELVEDERE 4347','','099589106','MONTEVIDEO'),(307,'ENRIQUE SCHUBERT','ENRIQUE VIZCAINO','19758638','LAS ROSAS 3484','23131722','099169735','MONTEVIDEO'),(308,'RICHARD ADRIAN ','LAMAS MARSIGLIA','25381453','LUIS MORO 4519','23580133','094609261','MONTEVIDEO'),(309,'ROBERTO GONZALO','LAMBACH BURAGLIA','37762465','MANANTIALES 4736','095405997','094978024','MONTEVIDEO'),(310,'JAVIER ALBERTO','LOPEZ RAMA','18999548','BARROSO 3740','','095336190','MONTEVIDEO'),(311,'JAVIER ALBERTO','LOPEZ RAMA','18999518','BARROSO 3740','','095336190','MONTEVIDEO'),(312,'SEBASTIAN ALBERTO','PATIÑO RUBANO','400731598','MONTE CASEROS 2722 AP. 802','24879853','094847959','MONTEVIDEO'),(313,'SUSANA ','GONZALEZ ABREU','10587436','ARENAL GRANDE 1887','29246409','094506392','MONTEVIDEO'),(314,'ANTONIO DANIEL','CAMEJO CABRAL','34725309','LUIS BATLLE BERRES 5077','23055194','','MONTEVIDEO'),(315,'GUILLERMO ','SBURLATTI BREGERO','14740848','SOLIS M: 23 S: 1 SAN JOSE DE CARRASCO','26832724','094958095','CANELONES'),(316,'GLADYS MARGARITA','QUINTEROS ROSENDO','11062691','LEOPARDI 1630 BIS','26138070','091417005','MONTEVIDEO'),(317,'JORGE ERNESTO','SAAVEDRA IZQUIERDO','19039745','PARADA 3 M: 35 S:2','','099270790','CIUDAD DEL PLATA - SAN JOSE'),(318,'JAVIER IVAN ','JARDIN PASTOR','40054633','SUECIA 1633','23157197','093969286','MONTEVIDEO'),(319,'WILSON GUARANI','TUBIN CUPARO','13564572','MOLINOS DE RAFFO 893 AP.8','099135380','099693503','MONTEVIDEO'),(320,'CESAR GUSTAVO','SELLANES ALVES','47880639','CARLOS DE LA VEGA 5090','094554345','094137778','MONTEVIDEO'),(321,'MELANY SABRINA','MEDINA CASARRUBIOS','47130765','BURDEOS 3549 BIS','','096248256','MONTEVIDEO'),(322,'ALFREDO','GARCIA VALERIO','44994110','LOS TRICOLORES Y SOLARI M:47 S:7','','098668441','CIUDAD DEL PALTA - SAN JOSE'),(323,'GLADYS ADELA','ALLENDE SENA','11048865','FRANCISCO MIRANDA 4528','23080705','097056940','MONTEVIDEO'),(324,'ALFREDO FERNANDO','MEIZOSO MOREIRA','32821466','WILSON FERREIRA ALDUNATE 1255','29004985','097970569',''),(325,'VICTOR HERNAN ','PIRIZ ZULUAGA','44906218','PEDRO ZUFRIATEGUI  376','44523160','098439671','TREINTA Y TRES'),(326,'GIOVANA LORELEY','DIAZ','40832851','CARLOS A LOPEZ 8306 BLOCK J AP. 304','23207768','097991133','MONTEVIDEO'),(327,'ALISON JOANA ',',ERSICA BERNARD','40205987','25 DE MAYO Y LARRAÑAGA','22972978','095528362','SUAREZ - CANELONES'),(328,'PERLA ELISABETH','MOREL MAFRUDIS','57907542','VIRGEN DE LOURDES 400','','094709625','LAS PIEDRAS - CANELONES'),(329,'JEAN PIERRE','SELLEFRANQUE BARROS','27115387','PASAJE LA REPRESA 3058','','098281585','MONTEVIDEO'),(330,'PABLO MARCELO','ECHAMENDI RIBAGA','28851582','APARICIO SARAVIA SINCHA 45','','094876983','PANDO - CANELONES'),(333,'ADRIAN MAXIMILIANO','VAZQUEZ NUÑEZ','29701348','AGRACIADA 2863','22098469','094565690','MONTEVIDEO'),(334,'PABLO GUSTAVO','MARTINEZ RODRIGUEZ','47533856','AURELIA RAMOS CEGARRA 4498','','096724488','MONTEVIDEO'),(336,'GERMAN','GONCALVES BOTTARI','30008040','CAYETANO RIVAS 3942','23088147','097347230','MONTEVIDEO'),(337,'ANGEL ARIEL','ALVEZ SILVA','40390099','BERNARDO DE GUZMAN 254','','099481471','MONTEVIDEO'),(338,'ILDA CLARA','DEL ARCO LASSALLE','8170954','ISLA DEL TIGRE 458K','23120539','094772973','MONTEVIDEO'),(339,'JUAN MARCOS','SANABRIA GONZALEZ','27863629','LA GOLETA M:60 S:27','23474920','093914079','DELTA DEL TIGRE - SAN JOSE'),(340,'NELSON FREDDY','NUÑEZ FERANNDEZ','14443606','CUBA 4410','23114009','099295126','MONTEVIDEO'),(342,'HUGO OMAR','MACHADO MACHADO','37072389','CNO.SANTOS Y BERING PASAJE 128 CASA 1226','','097000387','MONTEVIDEO'),(343,'PROSPERO ','MARCOS DIAZ','18934190','CHAJA 6046','23201397','094972077','MONTEVIDEO'),(344,'RAFAEL HUGO','BELLOMUSTO MARTINEZ','10919538','CONCORDIA 4398','23048991','','MONTEVIDEO'),(345,'MARCELA ALEJANDRA','POME INZAURRALDE','44316849','CAMINO DE LAS TROPAS 2450','094783237','095789934','MONTEVIDEO'),(346,'DOUGLAS AMALIO','HERNANDEZ DOTTI','10134782','LA CUMPARSITA 1381 AP. 201','29029265','096707401','MONTEVIDEO'),(347,'HECTOR ALFREDO','CACERES MOREIRA','31502150','LOS CEIBOS 2474','','099385112','MONTEVIDEO'),(349,'EDUARDO','LOPEZ CARBIA','16239398','INDIA MUERTA 4022','23040620','091000670','MONTEVIDEO'),(350,'HENRY LOGAN','BARRERA GONZALEZ','44959823','M:B S:11 EDUARDO PASCAL ESQ. RUTA NUEVA','23479740','095233823','PLAYA PSCUAL - SAN JOSE'),(351,'DANIEL ALEJANDRO ','PEREZ ROSAS','36820240','OFICIAL 2 Nº 13 ESQ.VIVIAN TRIAS','23663479','095092617','LAS PIEDRAS - CANELONES'),(352,'RAMON LUCIO','RODRIGUEZ LEGIZAMON','10384082','EDGAR ALAN POE 6614','23123331','095063240','MONTEVIDEO'),(353,'ALVARO DANIEL ','NEVES OLIVERI','26581533','CELEDONIO ROJAS 1541','22004196','099665298','MONTEVIDEO'),(354,'SUSANA RODARIO','RAMIREZ ACUÑA','15212531','ENRIQEU FYNN 5555','23200216','095695139','MONTEVIDEO'),(355,'MARIA ISABEL ','VEIGA PEREZ','13833110','ISIDORO LARAYA 4618','25227537','097306409','MONTEVIDEO'),(356,'OMAR','SOUZA TAROCO','18751491','14 DE MARZO 2783','','099283754','MONTEVIDEO'),(357,'FLAVIA SILVANA','MORA GONZALEZ','42917031','CARLOS DE LA VEGA 5375 AP.5','095529555','23062684','MONTEVIDEO'),(358,'FERNANDO RODOLFO','BERNIAL SANCHEZ','17920441','PIRATAS 4939','23077685','095224093','MNTEVIDEO'),(359,'GUSTAVO DANIEL','PEREYRA RIVERO','12883585','ESPINOLA 399','23642928','099938053','LAS PIEDRAS - CANELONES'),(360,'GUSTAVO EDUARDO ','VALDEZ UM','33912056','TEJERIA AMILICIA 717 BARRIO ESTACION','44420970','095549995','MINAS - LAVALLEJA'),(361,'REINALDO','CARTAGENA GEREZ','35471052','CORONEL RAIZ 1451','','099186075','MONTEVIDEO'),(362,'MARIEL DINORAH DEL CARME','FAJIAN','37673545','CONCILIACION 4035','094425297','094269348','MONTEVIDEO'),(363,'MONICA ELIZABEHT ','RECARTE TERAN','17990828','LOS PINOS 2272','22964767','099247962','MONTEVIDEO'),(364,'OSCAR WALTER','MARTINEZ HERNANDEZ','28227375','CAMINO BUFFA 2525 CASA C','','094600510','MONTEVIDEO'),(365,'EDGAR WILFREDO ','VELAZCO NEME','10271944','BLAS BASUALDO 3733','23078270','099229520','MONTEVIDEO'),(366,'HECTOR JAVIER','RODRIGUEZ PRIOLI','45387146','MAZANGANO 768 BIS','','094625585','MONTEVIDEO'),(367,'LAURA RAQUEL','VISINTIN BARRIOS','29536336','INCLUSA 68','','097454838','MONTEVIDEO'),(368,'ALVARO GABRIEL','CACERES IGLESIAS','41100732','RUTA 5 KM32','43358140','098781794','JOANICO - CANELONES'),(369,'RUDEBER','BUELA ALONSO','25618967','RUTA 5 KM 31800 CUATRO PIEDRAS','23691302','091095087','PROGRESO - CAELONES'),(370,'ANTONELLA VIRGINIA','SPAGNOLO','31333472','AREQUITA 2185','','091032781','MONTEVIDEO'),(371,'ELBIO  NELSON ','BERRUTI SILVA','17306908','MUNICNIPIO 393 AP. 108','23650684','095564663','LAS PIEDRAS - CANELONES'),(372,'ESTEBAN EDUARDO','FAGUNDEZ ALVEZ','094741183','LUIS BATLLE BERRES 7646','','094741183','MONTEVIDEO'),(373,'HECTOR ABEL','RUIZ DIAZ VALENTE','17162837','CAMINO REPETTO 3569','093716035','093716035','MONTEVIDEO'),(374,'WALTER FERNANDO','VERTOPLUS','43945964','PASAJE 4770 CERRO','23113285','94162538','MONTEVIDEO'),(375,'JOSE LUIS','HERNANDEZ CASTRO','15821883','AGUSTIN MUÑOZ 4147','23057283','099241851','MONTEVIDEO'),(376,'EDUARDO ULISES','PENESO SALINA','29799579','TRES CRUCES 275','23079193','098870318','MOTEVIDEO'),(377,'FERNANDO LUIS','PERAZZO IRIBARNE','38482068','AV.COSTA AZUL M:202','','095570965','NEPTUNIA - CANELONES'),(378,'PALLARES BRUZZONE SRL','','212752890014','AGRACIADA 3302','23093313','','MONTEVIDEO'),(379,'MARISOL ESTEFANI','FERNANDEZ FERRERA','49416119','CALLE 5 Nº 732 BIS AL FONDO TRES OMBUES','','093897617','MONTEVIDEO'),(380,'CARLOS DANIEL','DURAN MODERNELL','14007072','PEREZ CASTELLANO 1282','29159581','098493161','MONTEVIDO'),(381,'RUTH MACARENA','RODRIGUEZ MATIAS','17513323','CORRADO MOLLER 105','23625622','097047862','LA PAZ - CANELONES'),(382,'JUAN JOSE','GONZALEZ OLMOS','26816209','LA VIA CALLE 5 Nº 3746','','094468779','MONTEVIDEO'),(383,'PAULA','ROSSI VICCI','40312645','CALLE 3 Nº 5355 ESQ. RAMO ARAÑA','22276508','095219273','MONTEVIDEO'),(384,'OSCAR ADRIAN ','ETCHEVERRY RODRIGUEZ','16698801','PEDRO SANGUINETTO 5386','23137693','094653921','MONTEVIDEO'),(385,'ANGELES XIMENA','DURE GOMEZ','37907336','BENITO RIQUET 1015 BIS','','099762921','MONTEVIDEO'),(386,'VICTOR MANUEL','DE LEON DA FONSECA','44975958','CALLE AGUACATE 266 ESQ. CICLAMOUR','23693276','094241765','PROGRESO - CANELONES'),(387,'RICHARD DANIEL','GADEA ESCOBAR','37221362','RUTA 33 KM 29200 BARRIO LOS SOLARES','','094713774','SAUCE - CANELONES'),(388,'ALEXIS MAGDALENA ','PEREYRA ALTEZ','26899807','MAVIR 1468 ','','099501602','CEBOLLATI - ROCHA'),(389,'PABLO FABIAN ','BERLINGIERI','42305925','TRIAS 253','23048953','094885088','MONTEVIDEO'),(390,'RUBEN FERNANDO','AUZA GANDINI','37952955','VERA 2593','','097491290','MONTVIDEO'),(391,'JOSE INDALECIO','ROCHA SUAREZ','42704468','SANTIN CARLOS ROSSI 74','','093944013','MONTEVIDEO'),(392,'BEATRIZ ELIZABETH','MAINARD ROTUNDO','34030944','URUGUAYANA 3778','23058547','095801551','MONTEVIDEO'),(393,'ROBERTO','SILVERA FURTADO','51308899','GARIBALDI 551','','098994012','LAS PIEDRAS - CAELONES'),(394,'HECTOR ','CARABALLO CARDOZO','39030018','JOSE MARIA FALERO 3299 AP. 1009','23360368','095622618','MONTEVIDEO'),(395,'NICOLAS ANDRES','ADINOLFI MATTEI','33616222','NORTAZO M:31 S:7 ','','091048330','LOMAS DE SOLYMAR - CANELONES'),(396,'BRAULIO','LUNA CABRERA','28874944','POLONIA 4090','23151071','091374791','MONTEVIDEO'),(397,'CANESSA NOEL','CADEPONT BURGOS','38600167','JOSE BATLLE Y ORDOÑEZ 2133 AP. 2','','099849380','MONTEVIDEO'),(398,'OSVALDO','FLUIDINO PARODI','13943489','RUTA 1 KM 27 ','23472821','094655639','RINCON DE LA BOLS - SAN JOSE'),(399,'ELISA IPURE','PELERI CORREA','50269848','SANTIAGO LABANDERA 722 BIS','23057988','099470435','MONTEVIDEO'),(400,'SANTIAGO ','EIRALDI','45611517','','','099676397','LA PALOMA - DURAZNO'),(401,'FELIPE EDUARDO','KLIMAS SILVA','28716055','AGUSTIN VELAZQUEZ 3980','','095020602','MONTEVDEO'),(402,'MARGARITA MARIA','HENAO OSORIO','42616207','ZAPICAN 2639','22042090','099808126','MONTEVIDEO'),(403,'ALEJANDRO','GAGLIANONE MOSSI','19260231','GRECIA 3828 AP.4','23116929','097353836','MONTEVIDEO'),(404,'VICTOR HUGO','CASANYES SOSA','11471159','VICTOR HUGO CASANYES SOS','23049097','093826843','MONTEVIDEO'),(405,'SERGIO WASHIGTON','HERRERA HERNANDEZ','17244756','RAUL MORETI 4372','23119432','099688456','MONTEVIDEO'),(406,'LETICIA','SOSA SUEIRO','43750656','M:47 S:32 RUTA 1 KM 27 ','23472447','094394559','PARQUE POSTEL - SAN JOSE'),(407,'ANDREA VERONICA','LARRUDE MACHADO','3502911-4','AGRACIADA 4129','23081816','097401091','MONTEVIDEO'),(408,'ELSA ','GRAÑA TON','35014199','ROCHA S/N ','','099472469','LASCANO - ROCHA'),(409,'SAMAN S.A.','','21000291002','','','',''),(410,'HECTOR ENRIQUE','ALVES DE LEON','38295398','SERAFIN J.GARCIA 410','23478259','097290981','PLAYA PASCUAL - SAN JOSE'),(411,'MONICA FABIANA','GOLFARINI BRIGNONI','19285083','JOAQUIN REQUENA 1983 AP.3','24092424','099261429','MONTEVIDEO'),(412,'DANIEL SANTIAGO','CARETTI TUCCI','3748730','ALBERTO FLAGINI 830','23094968','098935067','MONTEVIDEO'),(414,'GABRIEL ','REY LEMES','32717700','OMBU 3116','','093351552','MONTEVIDEO'),(415,'ANIBAL ','AGUILAR MARQUEZ','47168352','CARAFI 1061 BIS AP.02','23582297','096212448','MONTEVIDEO'),(417,'LUIS ALBERTO ','AGUILAR CARRIATTI','18025193','EALLADOLID 3521','','099456905','MONTEVIDEO'),(418,'JOSE ANTONIO','GARCIA ACOSTA','11342748','GOETH 4638','23574958','099859329','MONTEVIDEO'),(419,'WILSON WILLIAMS ','PEREIRA SILVA','36627636','EGIPTO 3837','23146982','091887485','MONTEVIDEO'),(420,'JORGE PABLO ','ZAPARRART OLIVERA','40178671','CONTINUACION RUSIA 2559','23132527','095521831','MONTEVIDEO'),(421,'Alvaro ','de Leon Graña','37191816','Arachanes S/N, entre Rep Española y Rodo','','098218856','Rocha'),(422,'PABLO ARNOLDO ','ORTIZ SILVA','28094687','RUTA 15 KM 131 PEGADO A COOPAR','','099916032','LASCANO'),(423,'MAICOL ANDRES','SILVERA SALINAS','28393849 ','RUTA 14 KM 281- LAS NOVILLAS ','','099036926','LASCANO'),(424,'GUSTAVO','ATENSSIA DIAZ','37174828','18 de julio 1212','','091214889','lascano'),(425,'MARIA ANGELICA','FERNADEZ MACEDA','35165269','CALLE TREINTA Y TRES S/N','44559172 ','098665623','JOSE PEDRO VARELA'),(426,'NOHEMIA','CORREA CONTRERA','27282639','ANSINA CASI RINCON S/N','','','LASCANO'),(427,'MAIQUEL GERARDO ','GARCIA FERNANDEZ','48445925','RUTA 19 KM 42500','','099457740','LASCANO'),(428,'BLANCA LOENOR','BATISTA Del PUERTO','30720985','JUAN APARICIO S/N ','44406407','099820584','AIGUA'),(429,'NELSON','ALTEZ','34194285','RUTA 14 EN FRENTE A ESTANCIA ANA PAULA ','44506386','099760412','LASCANO'),(430,'JUAN PABLO','RODRIGUEZ SILVERA','25055341','FRANCISCO FERNADEZ S/N ','44569746 ','099936693 ','LASCANO'),(431,'AMABELIA','TECHERA ALVAREZ','44382264','ARROYITO','','098757945','ROCHA'),(432,'GRACIELA  ALEJANDRA ','FERNADEZ PEREIRA','46666676','FRANCISCO FERNADEZ S/N ','44567178 ','099329461','LASCANO'),(433,'JUAN JOSE','FLOTIO PERERA','37804649','18 DE JULIO 1152 ','','094151736','LASCANO'),(434,'SERGIO GUSTAVO','DI SANTI MIONI','33462619  ','COLON 486','46431748','099800831 ','MELO'),(435,'AJUSTE','','1234','','','',''),(436,'JUAN MANUEL','LIMA MACHADO','42838863','FORTALEZA DE SANTA TERESA','44772139','098516130','FORTALEZA DE SANTA TERESA'),(437,'JOSUEE','MACHADO GIMENEZ','43336838','JOAQUIN SUAREZ ESQ LAVALLEJA','','091240690','LASCANO'),(438,'DARDO HEBER','ELIZONDO CABRERA','44699409','SOCIEDAD CIVIL 23','44567857','099856172 ','LASCANO'),(439,'JOSE LUIS','OBISPO','41949849','CALLE 34 BARRIO PORVENIR','098873358','091337927','LASCANO'),(440,'MIGUEL ANGEL ','ESCUDERO GARCIA','43275561','RUTA 13 KM 183 PARAJE EL LEON ','44406660','094178319 ','AIGUA'),(441,'IVER DANIEL ','ALEGRE RODRIGUEZ','44131318','AV DEL CENTENARIO S/N ','44567611 ','091248097','lascano'),(442,'Walter Jose','Prieto Mancuello','33469770','Acuario entre Paloma y Antares, La Paloma','44790408','099879056','Rocha'),(443,'Patricia Veronica','Unibazo Marchand','33582093','Rodo nº 21','','094699626','Rocha'),(444,'BENJAMIN BERTRAND ','REAU FABERES','57844681','Paso 22, Arachania','','098552484','Rocha'),(445,'Hector Ariel','Rique Ferreira','45237967','Charrúa S/N, entre Rodo y Lavalleja','','091448296','Rocha'),(446,'HERIBERTO','MENDEZ PEREZ','41065556','NICOLAS CORBO 1027','','099027110','LASCANO'),(447,'JESUS HUGO','BRUNENGO BENTOS','47159983','Ruta 15, Br. La Cuchilla','','099461784','Rocha'),(448,'NYBIA YOLANDA',' IRISARRI PLADA','28704026','Ituzaingo nº 194','',' 096138507','Rocha'),(449,'Olga','Cabrera Martinez','26604890','Lavalleja nº 110 B','44729444','','Rocha'),(450,'Jose Antonio','Fraguglia Larrosa','35750531','Mario Ansa nº 325','44722121','099356683','Rocha'),(451,'Sandra Lilian','Seijas Pezzolo','41265099','Grito de Ascencio nº 2035','','099949481','Rocha'),(453,'Melissa','Corbo Barrios','47665770','Calle Milsev, La Paloma','','099861441','Rocha'),(454,'Nelly','Garaza Armendariz','25343299','25 de Agosto nº 109','44723014','099089621','Rocha'),(455,'OLIVAR AMADRO','SOSA PRIETO','28881280','Lucio Sanz y Sancho nº122','','098731981','Rocha'),(456,'Victor Gabriel','Cardoso Bonilla','49846824','Barrio Galeano ','','094228600','Rocha'),(457,'Maria de los Angeles','Riera Alvarez','9697363','Sabia y Calandria, La Riviera','','099681803','Rocha'),(458,'Club de leones San Luis','San luis ','12345','san Luis ','098171675','098171675','San luis'),(459,'EDGAR RAUL ','VIERA SILVA','41776278','NICOLAS CORBO 1005','44567749 ','095073654','LASCANO'),(460,'PABLO FERNANDO','BARBOZA ESPINO','42465367','GENERAL FRUCTUOSO RIVERA S/N ','','091320822','ACEGUA'),(461,'MIRTA TERESA ','MALDONADO TECHERA ','37044037','MEVIR II 4807','44568730','','LASCANO'),(462,'EDUARDO ','PEREZ PEREZ','37537923','SAN LUIS AL MEDIO','','099884597','SAN LUIS AL MEDIO'),(463,'MARCOS ARIEL ','MORALES','42695451','MEVIR II 5458 ','44557745','099478680 ','JOSE PEDRO VARELA'),(464,'EDUARDO ALEXIS','SILVA DA ROSA','48062357','FRANCISCO FERNADEZ S/N CASI LIBERTAD ','44569851 ','098508655','LASCANO'),(465,'JOSE MAURICIO ','PINTADO ROTALA','53555854','CALLE OFICIAL 3 S/N','091270596 ','099413491','LASCANO'),(466,'MARCELO ARIEL ','PIRIZ RISSO','45008219','CALLE 11 DIAGONAL 3','43175308','099418316 ','MONTES (CANELONES)'),(467,'VICTOR ENRIQUE ','FERNANDEZ SUAREZ','50207983','CALLE 3 BARRIO JARDIN ','','099446565','LASCANO'),(468,'LUIS ALBERTO ','PRIETO MARTINEZ','39933262','DINEGRI COSTA Y ELIAS REGULES ','','091096095','ROCHA'),(469,'Victor Homero','Valiero Pereyra','39051654','Calle Juan Ortiz, Barrio Lavalleja','','095068590','Rocha'),(470,'RAUL EDMUNDO','ARBILLA FALERO','26069294','CAMINOS LAS PITAS 1110','','','MINAS'),(471,'MARIO ALBERTO','BUENO CAMARGO','44254829','RUTA 14 KM 246','44706373','091301210 ','ESTANCIA MONASTERIO'),(472,'MARTIN ARTIGAS ','RIVERO','11529095','TREINTA Y TRES 1133 ','44569440','','LASCANO'),(473,'EDUARDO ','FERREIRA BARROS','29540988','ACEVEDO DIAZ S/N','098386087 ','098328673','TREINTA Y TRES'),(474,'VALERIA CASIANA ','CARNALES HERNANDEZ ','42916269','PABLO ZUFRATEGUI 754 ','','','TREINTA Y TRES'),(476,'VIRGINIA JANET','CHIFTEIAN de los SANTOS','27194951','1 DE AGOSTO S/N ','','098457723','LASCANO'),(477,'ANIBAL ANDRES ','MIER OLIVERA','51129124','CASIMIRO LASCANO CALLE 40 S/N','','099537197','LASCANO'),(478,'LUISA ANDREA ','da COSTA PRESTE','49134456','CALLE SIEMPREVIVA PARADA 6','','099946372','BARRA DEL CHUY '),(479,'FRANCISCO VIRGINIO ','VIERA PEREZ','44908028','CALLE TREINTA Y TRES 1177 ','44568284','098601943 ','LASCANO'),(480,'MIRTA NEOMI','CHAMBON ALLIO','28257283','MEVIR II 4843 ','44568227 ','099079397','LASCANO'),(481,'ANASTACIO EFRAIN ','MOLINA ','32511730','PARAGUAY 802','44745681 ','098960624','CHUY'),(482,'CARLOS ALBERTO ','CABRERA PUMAR','39017587','ASINA 1227','44567368 ','099983520','LASCANO'),(483,'ANA MARIA ','GARCIA GARCIA','38272124','','','',''),(484,'SAUL SOLEDAD','OLIVERA MARTINEZ','26862571','lascano','','091097244','lascano'),(485,'WASHINGTON DAMIN','MARETINEZ VARGAS','48797510','TREINTA Y TRES 1244','44567429','098351355 ','LASCANO'),(486,'VICTOR DANIEL ','MIER ','43996098 ','BARRIO PORVENIR ','','098352753','lascano'),(487,'JAVIER ALFREDO','GRAÑA SOSA','29196707','ALFERES RUTA 15 KM 115','','099755054','alferes'),(488,'GUALBERTO ','ALMEIDA GONZALEZ','27757793','RINCON CASI MEVIR I S/N ','44568164','098250048 ','LASCANO'),(489,'NUMAR JAVIER','PIÑEIRO SOCA','33991783','BARRIO COLLA ','','098665627','J.P. VARELA'),(490,'CYNTHIA VANESSA','ORTEGA SUAREZ','38226501','FSCO FERNANDEZ ENTRE RONCON Y LIBERTAD S/N ','','099851824','LASCANO'),(491,'ESTELA BEATRIZ','RODA','41283326','TROPAS CAMINO CEMENTERIO','44599008','099160951 ','CEBOLLATI'),(493,'ELIANA MARIA','SANTOS FABRICIO','49974307','JOAQUIN SUAREZ S/N ENTRE 18 DE JULIO Y LAVALLEJA','','099673659','LASCANO'),(494,'ALFREDO ROMERO ','ALVAREZ','26231708','AV. DEL CENTENARIO S/N','44568971','','LASCANO'),(495,'MARY JACQUELINE ','SUAREZ  LAVIEJA ','44714225','CONTITUYENTE ESQ. RINCON','','091286062','LASCANO'),(497,'HECTOR JORGE ','OLID','33777436','CONTINUACION SARANDI S/N SAPICAN','','098823539','LAVALLEJA'),(498,'MARCIA','GARRIDO REYES','030216750018','VIRREY ARREDONDO 930  Río Branco','46755797','','CERRO LARGO'),(499,'DOMINGO ARTURO','VIDAL NAVARRO','39075800','LIBERTAD S/N BARRIO IBAÑEZ','','098735395','LASCANO'),(500,'VICTODR ARIEL ','RODRIGUEZ VEIGA','27630703','PUNTA DEL DIABLO','','091808100','PUNTA DEL DIABLO'),(501,'MARIA CECILIA',' ACEVEDO ROCHA','25802704','AVENIDA ESPAÑA 422','','099457629','CHUY'),(502,'JUAN ANGEL ','GOMEZ GOMEZ','42890110','BARRIO PORVENIR CALLE 34','098373499 ','098645643','LASCANO'),(503,'LILIAN ','OLIVERA VIOJO','44544991','PUESTO BONINO RUTA 19 KM 161,5','44567369 ','092377564','LASCANO'),(504,'CRISTIAN ALEXANDER ','PINTOS MARTINEZ','49993854','MEVIR II 4822','44568597 ','092602940','LASCANO'),(505,'LUIS ALBERTO ','PEREZ SANES','54817829','SAMUEL PRILIAC 1212','','094876020','CHUY'),(506,'NESTOR FABIAN ','MENDEZ CAIRO','43043899','BARRIO CARRERA S/N ','','098868795','LASCANO'),(507,'CARLOS JULIO ','MACHADO PEREZ','33438175','RAUL RODRIGUEZ S/N','','097494051','LASCANO'),(508,'SERGIO DANIEL ','SANCHEZ CORREA','46303125','MEVIR II 4836 ','44567805 ','099834327','LASCANO'),(509,'EDUARDO ISOLINO ','GONZALEZ','29196359','MEVIR 9097 ','44762113 ','092615453','LA CORONILLA'),(510,'SILVIA TERESA ','OLIVERA ALMEIDA','31830458','CALLE SAN MIGUEL S/N','','099938987','CEBOLLATI'),(511,'ANDRES AURELIANO ','RODRIGUEZ SUAREZ','38322648','en WILMAN 256 ESQ MIGUEL BARREIRO ','44420897 ','099489231','MINAS'),(512,'NANCY','VELAZQUEZ','36112586','CALLE  25 DE MAYO CASI 25 DE AGOSTO S/N','44567937 ','098046172 ','LASCANO'),(513,'LUIS SEBASTIAN ','DI SANTO YOZZI','34309066','ANSINA 1248 ','44567683 ','099676029','LASCANO'),(514,'ARTURO','SENA TERRA','29375400','SANTA VICTORIA 928','44743938','','CHUY'),(515,'ROSANA MIKAELA ','ABREU ACOSTA','47826635','CAMINO 10 RUTA 14','099848672 ','091373011','lascano'),(516,'CARLOS JULIO ','PEREIRA GARCIA','46238586','MEVIR III 18733 ','','091286635','LASCANO'),(517,'TERESA LUISA ','SILVERA LATORRE','28430045','JULIAN LAGUNA 1618 ','44522599','099033897 ','TREINTA Y TRES'),(518,'NELSA ESTELA ','GARRIDO TECHERA','45511355','PASO BARRANCAS ','','091645707','SAN LUIS'),(519,'CARLOS RUBEN','CAMPOS','29617650','1º DE AGOSTO S/N ','44569283','','LASCANO'),(521,'ANDREA LORENA ','BALDIVIESO DIAZ','43784394','CONTINUACION ARIGONI S/N','','099363273','LASCANO'),(522,'CAMILA STEFANY','PEREIRA PERAIRA DA TERRA','45589825','TREINTA Y TRES ENTRE 18 DE JULIO Y PIEDRAS S/N','','091688630','LASCANO'),(523,'SILVIA YOVANA','MENDEZ GONZALEZ','47390052','OFICIAL 4','0','098031044','LASCANO'),(524,'ELENA','FARIAS','48358053','MEVIR 3 18696','0','092443515','LASCANO'),(525,'ANDREA ELIZABETH','RODRIGUEZ SUAREZ','42164141','MEVIR 1 2714','44568473','091246372','LASCANO'),(526,'SILVIA FABIANA','RODRIGUEZ OLIVERA','47026071','LAVALLEJA Y FRANCISCO FERNANDEZ S/N','0','091441108','LASCANO'),(527,'DARIO LEANDRO','SILVA OJEDA','48442779','ANSINA ESQ. RINCON','0','099896597','LASCANO');
/*!40000 ALTER TABLE `clientes` ENABLE KEYS */;
UNLOCK TABLES;

--
-- Table structure for table `conceptos`
--

DROP TABLE IF EXISTS `conceptos`;
/*!40101 SET @saved_cs_client     = @@character_set_client */;
/*!40101 SET character_set_client = utf8 */;
CREATE TABLE `conceptos` (
  `id_concepto` int(11) NOT NULL AUTO_INCREMENT,
  `concepto` varchar(50) NOT NULL DEFAULT '0',
  PRIMARY KEY (`id_concepto`)
) ENGINE=InnoDB AUTO_INCREMENT=4 DEFAULT CHARSET=utf8;
/*!40101 SET character_set_client = @saved_cs_client */;

--
-- Dumping data for table `conceptos`
--

LOCK TABLES `conceptos` WRITE;
/*!40000 ALTER TABLE `conceptos` DISABLE KEYS */;
INSERT INTO `conceptos` VALUES (1,'Pago cuota'),(2,'Seña'),(3,'Título');
/*!40000 ALTER TABLE `conceptos` ENABLE KEYS */;
UNLOCK TABLES;

--
-- Table structure for table `cuotas`
--

DROP TABLE IF EXISTS `cuotas`;
/*!40101 SET @saved_cs_client     = @@character_set_client */;
/*!40101 SET character_set_client = utf8 */;
CREATE TABLE `cuotas` (
  `id_cuota` int(11) NOT NULL AUTO_INCREMENT,
  `id_operacion` varchar(20) NOT NULL DEFAULT '0',
  `nro_cuota` tinyint(4) NOT NULL DEFAULT '0',
  `importe` double NOT NULL DEFAULT '0',
  `fecha_vencimiento` date NOT NULL,
  `fecha_pago` date DEFAULT NULL,
  `usuario_genera` int(11) NOT NULL DEFAULT '0',
  `usuario_pago` int(11) NOT NULL DEFAULT '0',
  `tipo` tinyint(4) NOT NULL DEFAULT '0',
  `tipo_detalle` varchar(80) NOT NULL DEFAULT ' ',
  `sobrecuota` set('Sí','No') NOT NULL DEFAULT 'No',
  `modificado` timestamp NOT NULL DEFAULT CURRENT_TIMESTAMP ON UPDATE CURRENT_TIMESTAMP,
  PRIMARY KEY (`id_cuota`)
) ENGINE=InnoDB AUTO_INCREMENT=2129 DEFAULT CHARSET=utf8;
/*!40101 SET character_set_client = @saved_cs_client */;

--
-- Dumping data for table `cuotas`
--

LOCK TABLES `cuotas` WRITE;
/*!40000 ALTER TABLE `cuotas` DISABLE KEYS */;
INSERT INTO `cuotas` VALUES (1,'JL/20140117001',1,250,'2014-02-17','2014-02-17',1,1,1,'Lascano','No','0000-00-00 00:00:00'),(22,'JL/20140115001',1,440,'2014-02-15','2014-06-12',1,1,1,'Lascano','No','0000-00-00 00:00:00'),(23,'JL/20140115001',2,440,'2014-03-15','2014-08-28',1,1,1,'Lascano','No','0000-00-00 00:00:00'),(24,'JL/20140115001',3,440,'2014-04-15',NULL,1,0,0,' ','No','0000-00-00 00:00:00'),(25,'JL/20140115001',4,440,'2014-05-15',NULL,1,0,0,' ','No','0000-00-00 00:00:00'),(26,'JL/20140115001',5,440,'2014-06-15',NULL,1,0,0,' ','No','0000-00-00 00:00:00'),(27,'JL/20140102001',1,55,'2014-02-02','2014-07-02',1,1,2,'BROU','No','0000-00-00 00:00:00'),(28,'JL/20140102001',2,55,'2014-03-02',NULL,1,0,0,' ','No','0000-00-00 00:00:00'),(29,'JL/20140102001',3,55,'2014-04-02',NULL,1,0,0,' ','No','0000-00-00 00:00:00'),(30,'JL/20140102001',4,55,'2014-05-02',NULL,1,0,0,' ','No','0000-00-00 00:00:00'),(31,'JL/20140102001',5,55,'2014-06-02',NULL,1,0,0,' ','No','0000-00-00 00:00:00'),(32,'JL/20140102001',6,55,'2014-07-02',NULL,1,0,0,' ','No','0000-00-00 00:00:00'),(33,'JL/20140115002',1,215,'2014-02-15',NULL,2,0,0,' ','No','0000-00-00 00:00:00'),(34,'JL/20140115002',2,215,'2014-03-15',NULL,2,0,0,' ','No','0000-00-00 00:00:00'),(35,'JL/20140115002',3,215,'2014-04-15',NULL,2,0,0,' ','No','0000-00-00 00:00:00'),(36,'JL/20140115002',4,215,'2014-05-15',NULL,2,0,0,' ','No','0000-00-00 00:00:00'),(37,'JL/20140115002',5,215,'2014-06-15',NULL,2,0,0,' ','No','0000-00-00 00:00:00'),(38,'JL/20140115002',6,215,'2014-07-15',NULL,2,0,0,' ','No','0000-00-00 00:00:00'),(39,'JL/20140115002',7,215,'2014-08-15',NULL,2,0,0,' ','No','0000-00-00 00:00:00'),(40,'JL/20140115002',8,215,'2014-09-15',NULL,2,0,0,' ','No','0000-00-00 00:00:00'),(41,'JL/20140115002',9,215,'2014-10-15',NULL,2,0,0,' ','No','0000-00-00 00:00:00'),(42,'JL/20140115002',10,215,'2014-11-15',NULL,2,0,0,' ','No','0000-00-00 00:00:00'),(43,'JL/20140115002',11,215,'2014-12-15',NULL,2,0,0,' ','No','0000-00-00 00:00:00'),(44,'JL/20140115002',12,215,'2015-01-15',NULL,2,0,0,' ','No','0000-00-00 00:00:00'),(45,'JL/20140115002',13,215,'2015-02-15',NULL,2,0,0,' ','No','0000-00-00 00:00:00'),(46,'JL/20140115002',14,215,'2015-03-15',NULL,2,0,0,' ','No','0000-00-00 00:00:00'),(47,'JL/20140115002',15,215,'2015-04-15',NULL,2,0,0,' ','No','0000-00-00 00:00:00'),(48,'JL/20140115002',16,215,'2015-05-15',NULL,2,0,0,' ','No','0000-00-00 00:00:00'),(49,'JL/20140115002',17,215,'2015-06-15',NULL,2,0,0,' ','No','0000-00-00 00:00:00'),(50,'JL/20140115002',18,215,'2015-07-15',NULL,2,0,0,' ','No','0000-00-00 00:00:00'),(51,'JL/20140115002',19,215,'2015-08-15',NULL,2,0,0,' ','No','0000-00-00 00:00:00'),(52,'JL/20140115002',20,215,'2015-09-15',NULL,2,0,0,' ','No','0000-00-00 00:00:00'),(53,'JL/20140115002',21,215,'2015-10-15',NULL,2,0,0,' ','No','0000-00-00 00:00:00'),(54,'JL/20140115002',22,215,'2015-11-15',NULL,2,0,0,' ','No','0000-00-00 00:00:00'),(55,'JL/20140115002',23,215,'2015-12-15',NULL,2,0,0,' ','No','0000-00-00 00:00:00'),(56,'JL/20140115002',24,215,'2016-01-15',NULL,2,0,0,' ','No','0000-00-00 00:00:00'),(57,'JL/20140111001',1,185,'2014-02-11',NULL,2,0,0,' ','No','0000-00-00 00:00:00'),(58,'JL/20140111001',2,185,'2014-03-11',NULL,2,0,0,' ','No','0000-00-00 00:00:00'),(59,'JL/20140111001',3,185,'2014-04-11',NULL,2,0,0,' ','No','0000-00-00 00:00:00'),(60,'JL/20140111001',4,185,'2014-05-11',NULL,2,0,0,' ','No','0000-00-00 00:00:00'),(61,'JL/20140111001',5,185,'2014-06-11',NULL,2,0,0,' ','No','0000-00-00 00:00:00'),(62,'JL/20140111001',6,185,'2014-07-11',NULL,2,0,0,' ','No','0000-00-00 00:00:00'),(63,'JL/20140111001',7,185,'2014-08-11',NULL,2,0,0,' ','No','0000-00-00 00:00:00'),(64,'JL/20140111001',8,185,'2014-09-11',NULL,2,0,0,' ','No','0000-00-00 00:00:00'),(65,'JL/20140111001',9,185,'2014-10-11',NULL,2,0,0,' ','No','0000-00-00 00:00:00'),(66,'JL/20140111001',10,185,'2014-11-11',NULL,2,0,0,' ','No','0000-00-00 00:00:00'),(67,'JL/20140111001',11,185,'2014-12-11',NULL,2,0,0,' ','No','0000-00-00 00:00:00'),(68,'JL/20140111001',12,185,'2015-01-11',NULL,2,0,0,' ','No','0000-00-00 00:00:00'),(69,'JL/20140111001',13,185,'2015-02-11',NULL,2,0,0,' ','No','0000-00-00 00:00:00'),(70,'JL/20140111001',14,185,'2015-03-11',NULL,2,0,0,' ','No','0000-00-00 00:00:00'),(71,'JL/20140111001',15,185,'2015-04-11',NULL,2,0,0,' ','No','0000-00-00 00:00:00'),(72,'JL/20140111001',16,185,'2015-05-11',NULL,2,0,0,' ','No','0000-00-00 00:00:00'),(73,'JL/20140111001',17,185,'2015-06-11',NULL,2,0,0,' ','No','0000-00-00 00:00:00'),(74,'JL/20140111001',18,185,'2015-07-11',NULL,2,0,0,' ','No','0000-00-00 00:00:00'),(75,'JL/20140111001',19,185,'2015-08-11',NULL,2,0,0,' ','No','0000-00-00 00:00:00'),(76,'JL/20140111001',20,185,'2015-09-11',NULL,2,0,0,' ','No','0000-00-00 00:00:00'),(77,'JL/20140111001',21,185,'2015-10-11',NULL,2,0,0,' ','No','0000-00-00 00:00:00'),(78,'JL/20140111001',22,185,'2015-11-11',NULL,2,0,0,' ','No','0000-00-00 00:00:00'),(79,'JL/20140111001',23,185,'2015-12-11',NULL,2,0,0,' ','No','0000-00-00 00:00:00'),(80,'JL/20140111001',24,185,'2016-01-11',NULL,2,0,0,' ','No','0000-00-00 00:00:00'),(81,'JL/20140102003',1,420,'2014-02-02',NULL,2,0,0,' ','No','0000-00-00 00:00:00'),(82,'JL/20140102003',2,420,'2014-03-02',NULL,2,0,0,' ','No','0000-00-00 00:00:00'),(83,'JL/20140102003',3,420,'2014-04-02',NULL,2,0,0,' ','No','0000-00-00 00:00:00'),(84,'JL/20140102003',4,420,'2014-05-02',NULL,2,0,0,' ','No','0000-00-00 00:00:00'),(85,'JL/20140102003',5,420,'2014-06-02',NULL,2,0,0,' ','No','0000-00-00 00:00:00'),(86,'JL/20140102003',6,420,'2014-07-02',NULL,2,0,0,' ','No','0000-00-00 00:00:00'),(87,'JL/20140102003',7,420,'2014-08-02',NULL,2,0,0,' ','No','0000-00-00 00:00:00'),(88,'JL/20140102003',8,420,'2014-09-02',NULL,2,0,0,' ','No','0000-00-00 00:00:00'),(89,'JL/20140102003',9,420,'2014-10-02',NULL,2,0,0,' ','No','0000-00-00 00:00:00'),(90,'JL/20140102003',10,420,'2014-11-02',NULL,2,0,0,' ','No','0000-00-00 00:00:00'),(91,'JL/20140102003',11,420,'2014-12-02',NULL,2,0,0,' ','No','0000-00-00 00:00:00'),(92,'JL/20140102003',12,420,'2015-01-02',NULL,2,0,0,' ','No','0000-00-00 00:00:00'),(93,'JL/20140102003',13,420,'2015-02-02',NULL,2,0,0,' ','No','0000-00-00 00:00:00'),(94,'JL/20140102003',14,420,'2015-03-02',NULL,2,0,0,' ','No','0000-00-00 00:00:00'),(95,'JL/20140102003',15,420,'2015-04-02',NULL,2,0,0,' ','No','0000-00-00 00:00:00'),(96,'JL/20140102003',16,420,'2015-05-02',NULL,2,0,0,' ','No','0000-00-00 00:00:00'),(97,'JL/20140102003',17,420,'2015-06-02',NULL,2,0,0,' ','No','0000-00-00 00:00:00'),(98,'JL/20140102003',18,420,'2015-07-02',NULL,2,0,0,' ','No','0000-00-00 00:00:00'),(99,'JL/20140102003',19,420,'2015-08-02',NULL,2,0,0,' ','No','0000-00-00 00:00:00'),(100,'JL/20140102003',20,420,'2015-09-02',NULL,2,0,0,' ','No','0000-00-00 00:00:00'),(101,'JL/20140102003',21,420,'2015-10-02',NULL,2,0,0,' ','No','0000-00-00 00:00:00'),(102,'JL/20140102003',22,420,'2015-11-02',NULL,2,0,0,' ','No','0000-00-00 00:00:00'),(103,'JL/20140102003',23,420,'2015-12-02',NULL,2,0,0,' ','No','0000-00-00 00:00:00'),(104,'JL/20140102003',24,420,'2016-01-02',NULL,2,0,0,' ','No','0000-00-00 00:00:00'),(105,'JL/20140115002',101,1250,'2014-07-23',NULL,2,0,0,' ','Sí','0000-00-00 00:00:00'),(210,'JL/20140725001',1,285,'2014-08-25','2014-07-25',1,1,1,'Lascano','No','0000-00-00 00:00:00'),(211,'JL/20140725001',2,285,'2014-09-25','2015-02-14',1,1,1,'o´kok','No','0000-00-00 00:00:00'),(212,'JL/20140725001',3,285,'2014-10-25',NULL,1,0,0,' ','No','0000-00-00 00:00:00'),(213,'JL/20140725001',4,285,'2014-11-25',NULL,1,0,0,' ','No','0000-00-00 00:00:00'),(214,'JL/20140725001',5,285,'2014-12-25',NULL,1,0,0,' ','No','0000-00-00 00:00:00'),(215,'JL/20140725001',6,285,'2015-01-25',NULL,1,0,0,' ','No','0000-00-00 00:00:00'),(216,'JL/20140725001',7,285,'2015-02-25',NULL,1,0,0,' ','No','0000-00-00 00:00:00'),(217,'JL/20140725001',8,285,'2015-03-25',NULL,1,0,0,' ','No','0000-00-00 00:00:00'),(218,'JL/20140725001',9,285,'2015-04-25',NULL,1,0,0,' ','No','0000-00-00 00:00:00'),(219,'JL/20140725001',10,285,'2015-05-25',NULL,1,0,0,' ','No','0000-00-00 00:00:00'),(220,'JL/20140725001',11,285,'2015-06-25',NULL,1,0,0,' ','No','0000-00-00 00:00:00'),(221,'JL/20140725001',12,285,'2015-07-25',NULL,1,0,0,' ','No','0000-00-00 00:00:00'),(222,'JL/20140725001',13,285,'2015-08-25',NULL,1,0,0,' ','No','0000-00-00 00:00:00'),(223,'JL/20140725001',14,285,'2015-09-25',NULL,1,0,0,' ','No','0000-00-00 00:00:00'),(224,'JL/20140725001',15,285,'2015-10-25',NULL,1,0,0,' ','No','0000-00-00 00:00:00'),(225,'JL/20140725001',16,285,'2015-11-25',NULL,1,0,0,' ','No','0000-00-00 00:00:00'),(226,'JL/20140725001',17,285,'2015-12-25',NULL,1,0,0,' ','No','0000-00-00 00:00:00'),(227,'JL/20140725001',18,285,'2016-01-25',NULL,1,0,0,' ','No','0000-00-00 00:00:00'),(228,'JL/20140725001',19,285,'2016-02-25',NULL,1,0,0,' ','No','0000-00-00 00:00:00'),(229,'JL/20140725001',20,285,'2016-03-25',NULL,1,0,0,' ','No','0000-00-00 00:00:00'),(230,'JL/20140725001',21,285,'2016-04-25',NULL,1,0,0,' ','No','0000-00-00 00:00:00'),(231,'JL/20140725001',22,285,'2016-05-25',NULL,1,0,0,' ','No','0000-00-00 00:00:00'),(232,'JL/20140725001',23,285,'2016-06-25',NULL,1,0,0,' ','No','0000-00-00 00:00:00'),(233,'JL/20140725001',24,285,'2016-07-25',NULL,1,0,0,' ','No','0000-00-00 00:00:00'),(234,'JL/20140725001',101,500,'2014-08-25',NULL,1,0,0,' ','Sí','0000-00-00 00:00:00'),(235,'JL/20140725001',102,500,'2014-09-25',NULL,1,0,0,' ','Sí','0000-00-00 00:00:00'),(236,'las20140806',1,100,'2014-09-13','2014-08-06',1,1,1,'200 pago','No','0000-00-00 00:00:00'),(237,'las20140806',2,100,'2014-10-13','2014-08-06',1,1,1,'los otros 100 del primer pago que fueron 200','No','0000-00-00 00:00:00'),(238,'las20140806',3,100,'2014-11-13','2014-08-08',1,1,1,'','No','0000-00-00 00:00:00'),(239,'las20140806',4,100,'2014-12-13','2014-08-14',1,1,1,'lascano','No','0000-00-00 00:00:00'),(240,'las20140806',5,100,'2015-01-13','2016-07-22',1,1,1,'lascano','No','2016-07-22 22:29:30'),(241,'las20140806',6,100,'2015-02-13',NULL,1,0,0,' ','No','0000-00-00 00:00:00'),(242,'las20140806',7,100,'2015-03-13',NULL,1,0,0,' ','No','0000-00-00 00:00:00'),(243,'las20140806',8,100,'2015-04-13',NULL,1,0,0,' ','No','0000-00-00 00:00:00'),(244,'las20140806',9,100,'2015-05-13',NULL,1,0,0,' ','No','0000-00-00 00:00:00'),(245,'las20140806',10,100,'2015-06-13',NULL,1,0,0,' ','No','0000-00-00 00:00:00'),(246,'las20140806',11,100,'2015-07-13',NULL,1,0,0,' ','No','0000-00-00 00:00:00'),(247,'las20140806',12,100,'2015-08-13',NULL,1,0,0,' ','No','0000-00-00 00:00:00'),(248,'las20140806',13,100,'2015-09-13',NULL,1,0,0,' ','No','0000-00-00 00:00:00'),(249,'las20140806',14,100,'2015-10-13',NULL,1,0,0,' ','No','0000-00-00 00:00:00'),(250,'las20140806',15,100,'2015-11-13',NULL,1,0,0,' ','No','0000-00-00 00:00:00'),(251,'las20140806',101,1500,'2014-08-15',NULL,1,0,0,' ','Sí','0000-00-00 00:00:00'),(252,'123456789',1,200,'2014-09-14','2014-08-29',1,1,1,'','No','0000-00-00 00:00:00'),(253,'123456789',2,200,'2014-10-14','2014-08-30',1,1,1,'','No','0000-00-00 00:00:00'),(254,'123456789',3,200,'2014-11-14','2014-08-30',1,1,1,'','No','0000-00-00 00:00:00'),(255,'123456789',4,200,'2014-12-14','2014-08-30',1,1,1,'','No','0000-00-00 00:00:00'),(256,'123456789',5,200,'2015-01-14','2014-09-04',1,1,1,'','No','0000-00-00 00:00:00'),(257,'123456789',6,200,'2015-02-14','2014-09-05',1,1,1,'','No','0000-00-00 00:00:00'),(258,'123456789',7,200,'2015-03-14','2014-09-10',1,1,1,'','No','0000-00-00 00:00:00'),(259,'123456789',8,200,'2015-04-14','2014-09-10',1,1,1,'','No','0000-00-00 00:00:00'),(260,'123456789',9,200,'2015-05-14','2014-10-04',1,3,2,'321','No','0000-00-00 00:00:00'),(261,'123456789',10,200,'2015-06-14','2014-10-23',1,1,1,'','No','0000-00-00 00:00:00'),(262,'123456789',11,200,'2015-07-14',NULL,1,0,0,' ','No','0000-00-00 00:00:00'),(263,'123456789',12,200,'2015-08-14',NULL,1,0,0,' ','No','0000-00-00 00:00:00'),(264,'123456789',13,200,'2015-09-14',NULL,1,0,0,' ','No','0000-00-00 00:00:00'),(265,'123456789',14,200,'2015-10-14',NULL,1,0,0,' ','No','0000-00-00 00:00:00'),(266,'123456789',15,200,'2015-11-14',NULL,1,0,0,' ','No','0000-00-00 00:00:00'),(267,'123456789',16,200,'2015-12-14',NULL,1,0,0,' ','No','0000-00-00 00:00:00'),(268,'123456789',17,200,'2016-01-14',NULL,1,0,0,' ','No','0000-00-00 00:00:00'),(269,'123456789',18,200,'2016-02-14',NULL,1,0,0,' ','No','0000-00-00 00:00:00'),(270,'123456789',19,200,'2016-03-14',NULL,1,0,0,' ','No','0000-00-00 00:00:00'),(271,'123456789',20,200,'2016-04-14',NULL,1,0,0,' ','No','0000-00-00 00:00:00'),(272,'123456789',21,200,'2016-05-14',NULL,1,0,0,' ','No','0000-00-00 00:00:00'),(273,'123456789',22,200,'2016-06-14',NULL,1,0,0,' ','No','0000-00-00 00:00:00'),(274,'123456789',23,200,'2016-07-14',NULL,1,0,0,' ','No','0000-00-00 00:00:00'),(275,'123456789',24,200,'2016-08-14',NULL,1,0,0,' ','No','0000-00-00 00:00:00'),(276,'123456789',101,500,'2014-10-08',NULL,1,0,0,' ','Sí','0000-00-00 00:00:00'),(277,'las23082014',1,80,'2014-09-23',NULL,1,0,0,' ','No','0000-00-00 00:00:00'),(278,'las23082014',2,80,'2014-10-23',NULL,1,0,0,' ','No','0000-00-00 00:00:00'),(279,'las23082014',3,80,'2014-11-23',NULL,1,0,0,' ','No','0000-00-00 00:00:00'),(280,'las23082014',4,80,'2014-12-23',NULL,1,0,0,' ','No','0000-00-00 00:00:00'),(281,'las23082014',5,80,'2015-01-23',NULL,1,0,0,' ','No','0000-00-00 00:00:00'),(282,'las23082014',6,80,'2015-02-23',NULL,1,0,0,' ','No','0000-00-00 00:00:00'),(283,'las23082014',7,80,'2015-03-23',NULL,1,0,0,' ','No','0000-00-00 00:00:00'),(284,'las23082014',8,80,'2015-04-23',NULL,1,0,0,' ','No','0000-00-00 00:00:00'),(285,'las23082014',9,80,'2015-05-23',NULL,1,0,0,' ','No','0000-00-00 00:00:00'),(286,'las23082014',10,80,'2015-06-23',NULL,1,0,0,' ','No','0000-00-00 00:00:00'),(287,'las23082014',11,80,'2015-07-23',NULL,1,0,0,' ','No','0000-00-00 00:00:00'),(288,'las23082014',12,80,'2015-08-23',NULL,1,0,0,' ','No','0000-00-00 00:00:00'),(289,'las23082014',13,80,'2015-09-23',NULL,1,0,0,' ','No','0000-00-00 00:00:00'),(290,'las23082014',14,80,'2015-10-23',NULL,1,0,0,' ','No','0000-00-00 00:00:00'),(291,'las23082014',15,80,'2015-11-23',NULL,1,0,0,' ','No','0000-00-00 00:00:00'),(292,'las23082014',16,80,'2015-12-23',NULL,1,0,0,' ','No','0000-00-00 00:00:00'),(293,'las23082014',17,80,'2016-01-23',NULL,1,0,0,' ','No','0000-00-00 00:00:00'),(294,'las23082014',18,80,'2016-02-23',NULL,1,0,0,' ','No','0000-00-00 00:00:00'),(313,'Las/26082014',1,105,'2014-09-26',NULL,1,0,0,' ','No','0000-00-00 00:00:00'),(314,'Las/26082014',2,105,'2014-10-26',NULL,1,0,0,' ','No','0000-00-00 00:00:00'),(315,'Las/26082014',3,105,'2014-11-26',NULL,1,0,0,' ','No','0000-00-00 00:00:00'),(316,'Las/26082014',4,105,'2014-12-26',NULL,1,0,0,' ','No','0000-00-00 00:00:00'),(317,'Las/26082014',5,105,'2015-01-26',NULL,1,0,0,' ','No','0000-00-00 00:00:00'),(318,'Las/26082014',6,105,'2015-02-26',NULL,1,0,0,' ','No','0000-00-00 00:00:00'),(319,'Las/26082014',7,105,'2015-03-26',NULL,1,0,0,' ','No','0000-00-00 00:00:00'),(320,'Las/26082014',8,105,'2015-04-26',NULL,1,0,0,' ','No','0000-00-00 00:00:00'),(321,'Las/26082014',9,105,'2015-05-26',NULL,1,0,0,' ','No','0000-00-00 00:00:00'),(322,'Las/26082014',10,105,'2015-06-26',NULL,1,0,0,' ','No','0000-00-00 00:00:00'),(323,'Las/26082014',11,105,'2015-07-26',NULL,1,0,0,' ','No','0000-00-00 00:00:00'),(324,'Las/26082014',12,105,'2015-08-26',NULL,1,0,0,' ','No','0000-00-00 00:00:00'),(325,'las/28082014',1,2000,'2014-09-28',NULL,1,0,0,' ','No','0000-00-00 00:00:00'),(326,'las/30082014',1,100,'2014-09-30','2014-09-11',1,3,1,'','No','0000-00-00 00:00:00'),(327,'las/30082014',2,100,'2014-10-30',NULL,1,0,0,' ','No','0000-00-00 00:00:00'),(328,'Las/01092014',1,85,'2014-10-01',NULL,3,0,0,' ','No','0000-00-00 00:00:00'),(329,'Las/01092014',2,85,'2014-11-01',NULL,3,0,0,' ','No','0000-00-00 00:00:00'),(330,'Las/01092014',3,85,'2014-12-01',NULL,3,0,0,' ','No','0000-00-00 00:00:00'),(331,'Las/01092014',4,85,'2015-01-01',NULL,3,0,0,' ','No','0000-00-00 00:00:00'),(332,'Las/01092014',5,85,'2015-02-01',NULL,3,0,0,' ','No','0000-00-00 00:00:00'),(333,'Las/01092014',6,85,'2015-03-01',NULL,3,0,0,' ','No','0000-00-00 00:00:00'),(334,'LAS/03092014',1,1190,'2014-10-03','2014-09-09',3,3,1,'TENIA SEÑA DE 100','No','0000-00-00 00:00:00'),(335,'las/05092014',1,475,'2014-10-05','2014-09-09',3,3,1,'entrego en el momento 05/09/2014','No','0000-00-00 00:00:00'),(336,'las/05092014',2,475,'2014-11-05',NULL,3,0,0,' ','No','0000-00-00 00:00:00'),(337,'las/10092014',1,7000,'2014-10-10','2014-09-10',3,3,1,'hoy 10/09/2014','No','0000-00-00 00:00:00'),(338,'las/08092014',1,65,'2014-10-08',NULL,3,0,0,' ','No','0000-00-00 00:00:00'),(339,'las/08092014',2,65,'2014-11-08',NULL,3,0,0,' ','No','0000-00-00 00:00:00'),(340,'las/08092014',3,65,'2014-12-08',NULL,3,0,0,' ','No','0000-00-00 00:00:00'),(341,'las/08092014',4,65,'2015-01-08',NULL,3,0,0,' ','No','0000-00-00 00:00:00'),(342,'las/08092014',5,65,'2015-02-08',NULL,3,0,0,' ','No','0000-00-00 00:00:00'),(343,'las/08092014',6,65,'2015-03-08',NULL,3,0,0,' ','No','0000-00-00 00:00:00'),(344,'las/08092014',7,65,'2015-04-08',NULL,3,0,0,' ','No','0000-00-00 00:00:00'),(345,'las/08092014',8,65,'2015-05-08',NULL,3,0,0,' ','No','0000-00-00 00:00:00'),(346,'las/08092014',9,65,'2015-06-08',NULL,3,0,0,' ','No','0000-00-00 00:00:00'),(347,'las/08092014',10,65,'2015-07-08',NULL,3,0,0,' ','No','0000-00-00 00:00:00'),(348,'las/08092014',11,65,'2015-08-08',NULL,3,0,0,' ','No','0000-00-00 00:00:00'),(349,'las/08092014',12,65,'2015-09-08',NULL,3,0,0,' ','No','0000-00-00 00:00:00'),(350,'las/13092014',101,14850,'2014-09-15',NULL,3,0,0,' ','Sí','0000-00-00 00:00:00'),(351,'las28082014',1,85,'2014-09-28',NULL,1,0,0,' ','No','0000-00-00 00:00:00'),(352,'las28082014',2,85,'2014-10-28',NULL,1,0,0,' ','No','0000-00-00 00:00:00'),(353,'las28082014',3,85,'2014-11-28',NULL,1,0,0,' ','No','0000-00-00 00:00:00'),(354,'las28082014',4,85,'2014-12-28',NULL,1,0,0,' ','No','0000-00-00 00:00:00'),(355,'las28082014',5,85,'2015-01-28',NULL,1,0,0,' ','No','0000-00-00 00:00:00'),(356,'las28082014',6,85,'2015-02-28',NULL,1,0,0,' ','No','0000-00-00 00:00:00'),(357,'las28082014',7,85,'2015-03-28',NULL,1,0,0,' ','No','0000-00-00 00:00:00'),(358,'las28082014',8,85,'2015-04-28',NULL,1,0,0,' ','No','0000-00-00 00:00:00'),(359,'las28082014',9,85,'2015-05-28',NULL,1,0,0,' ','No','0000-00-00 00:00:00'),(360,'las28082014',10,85,'2015-06-28',NULL,1,0,0,' ','No','0000-00-00 00:00:00'),(361,'las28082014',11,85,'2015-07-28',NULL,1,0,0,' ','No','0000-00-00 00:00:00'),(362,'las28082014',12,85,'2015-08-28',NULL,1,0,0,' ','No','0000-00-00 00:00:00'),(363,'las10092014',1,170,'2014-10-10',NULL,1,0,0,' ','No','0000-00-00 00:00:00'),(364,'las10092014',2,170,'2014-11-10',NULL,1,0,0,' ','No','0000-00-00 00:00:00'),(365,'las10092014',3,170,'2014-12-10',NULL,1,0,0,' ','No','0000-00-00 00:00:00'),(366,'las10092014',4,170,'2015-01-10',NULL,1,0,0,' ','No','0000-00-00 00:00:00'),(367,'las10092014',5,170,'2015-02-10',NULL,1,0,0,' ','No','0000-00-00 00:00:00'),(368,'las10092014',6,170,'2015-03-10',NULL,1,0,0,' ','No','0000-00-00 00:00:00'),(369,'las10092014',7,170,'2015-04-10',NULL,1,0,0,' ','No','0000-00-00 00:00:00'),(370,'las10092014',8,170,'2015-05-10',NULL,1,0,0,' ','No','0000-00-00 00:00:00'),(371,'las10092014',9,170,'2015-06-10',NULL,1,0,0,' ','No','0000-00-00 00:00:00'),(372,'las10092014',10,170,'2015-07-10',NULL,1,0,0,' ','No','0000-00-00 00:00:00'),(373,'las10092014',11,170,'2015-08-10',NULL,1,0,0,' ','No','0000-00-00 00:00:00'),(374,'las10092014',12,170,'2015-09-10',NULL,1,0,0,' ','No','0000-00-00 00:00:00'),(375,'las10092014',13,170,'2015-10-10',NULL,1,0,0,' ','No','0000-00-00 00:00:00'),(376,'las10092014',14,170,'2015-11-10',NULL,1,0,0,' ','No','0000-00-00 00:00:00'),(377,'las10092014',15,170,'2015-12-10',NULL,1,0,0,' ','No','0000-00-00 00:00:00'),(378,'las10092014',16,170,'2016-01-10',NULL,1,0,0,' ','No','0000-00-00 00:00:00'),(379,'las10092014',17,170,'2016-02-10',NULL,1,0,0,' ','No','0000-00-00 00:00:00'),(380,'las10092014',18,170,'2016-03-10',NULL,1,0,0,' ','No','0000-00-00 00:00:00'),(381,'las10092014',19,170,'2016-04-10',NULL,1,0,0,' ','No','0000-00-00 00:00:00'),(382,'las10092014',20,170,'2016-05-10',NULL,1,0,0,' ','No','0000-00-00 00:00:00'),(383,'las10092014',21,170,'2016-06-10',NULL,1,0,0,' ','No','0000-00-00 00:00:00'),(384,'las10092014',22,170,'2016-07-10',NULL,1,0,0,' ','No','0000-00-00 00:00:00'),(385,'las10092014',23,170,'2016-08-10',NULL,1,0,0,' ','No','0000-00-00 00:00:00'),(386,'las10092014',24,170,'2016-09-10',NULL,1,0,0,' ','No','0000-00-00 00:00:00'),(387,'las10092014',101,1000,'2015-01-15',NULL,1,0,0,' ','Sí','0000-00-00 00:00:00'),(388,'las10092014',102,1000,'2015-06-15',NULL,1,0,0,' ','Sí','0000-00-00 00:00:00'),(389,'las10092014_002',1,95,'2014-10-10',NULL,1,0,0,' ','No','0000-00-00 00:00:00'),(390,'las10092014_002',2,95,'2014-11-10',NULL,1,0,0,' ','No','0000-00-00 00:00:00'),(391,'las10092014_002',3,95,'2014-12-10',NULL,1,0,0,' ','No','0000-00-00 00:00:00'),(392,'las10092014_002',4,95,'2015-01-10',NULL,1,0,0,' ','No','0000-00-00 00:00:00'),(393,'las10092014_002',5,95,'2015-02-10',NULL,1,0,0,' ','No','0000-00-00 00:00:00'),(394,'las10092014_002',6,95,'2015-03-10',NULL,1,0,0,' ','No','0000-00-00 00:00:00'),(395,'las10092014_002',7,95,'2015-04-10',NULL,1,0,0,' ','No','0000-00-00 00:00:00'),(396,'las10092014_002',8,95,'2015-05-10',NULL,1,0,0,' ','No','0000-00-00 00:00:00'),(397,'las10092014_002',9,95,'2015-06-10',NULL,1,0,0,' ','No','0000-00-00 00:00:00'),(398,'las10092014_002',10,95,'2015-07-10',NULL,1,0,0,' ','No','0000-00-00 00:00:00'),(399,'las100920140',1,60,'2014-10-10',NULL,1,0,0,' ','No','0000-00-00 00:00:00'),(400,'las100920140',2,60,'2014-11-10',NULL,1,0,0,' ','No','0000-00-00 00:00:00'),(401,'las100920140',3,60,'2014-12-10',NULL,1,0,0,' ','No','0000-00-00 00:00:00'),(402,'las100920140',4,60,'2015-01-10',NULL,1,0,0,' ','No','0000-00-00 00:00:00'),(403,'las100920140',5,60,'2015-02-10',NULL,1,0,0,' ','No','0000-00-00 00:00:00'),(404,'las100920140',6,60,'2015-03-10',NULL,1,0,0,' ','No','0000-00-00 00:00:00'),(405,'12092014',1,1650,'2014-10-12','2014-10-14',1,3,1,'pago el 12/09/2014','No','0000-00-00 00:00:00'),(406,'las/15092014001',1,200,'2014-10-15',NULL,1,0,0,' ','No','0000-00-00 00:00:00'),(407,'las/15092014001',2,200,'2014-11-15',NULL,1,0,0,' ','No','0000-00-00 00:00:00'),(408,'las/15092014001',3,200,'2014-12-15',NULL,1,0,0,' ','No','0000-00-00 00:00:00'),(409,'las/15092014001',4,200,'2015-01-15',NULL,1,0,0,' ','No','0000-00-00 00:00:00'),(410,'las/15092014001',5,200,'2015-02-15',NULL,1,0,0,' ','No','0000-00-00 00:00:00'),(411,'las/15092014001',6,200,'2015-03-15',NULL,1,0,0,' ','No','0000-00-00 00:00:00'),(412,'las/15092014001',7,200,'2015-04-15',NULL,1,0,0,' ','No','0000-00-00 00:00:00'),(413,'las/15092014001',8,200,'2015-05-15',NULL,1,0,0,' ','No','0000-00-00 00:00:00'),(414,'las/15092014001',9,200,'2015-06-15',NULL,1,0,0,' ','No','0000-00-00 00:00:00'),(415,'las/15092014001',10,200,'2015-07-15',NULL,1,0,0,' ','No','0000-00-00 00:00:00'),(416,'las/15092014001',11,200,'2015-08-15',NULL,1,0,0,' ','No','0000-00-00 00:00:00'),(417,'las/15092014001',12,200,'2015-09-15',NULL,1,0,0,' ','No','0000-00-00 00:00:00'),(418,'las/15092014001',13,200,'2015-10-15',NULL,1,0,0,' ','No','0000-00-00 00:00:00'),(419,'las/15092014001',14,200,'2015-11-15',NULL,1,0,0,' ','No','0000-00-00 00:00:00'),(420,'las/15092014001',15,200,'2015-12-15',NULL,1,0,0,' ','No','0000-00-00 00:00:00'),(421,'las/15092014001',16,200,'2016-01-15',NULL,1,0,0,' ','No','0000-00-00 00:00:00'),(422,'las/15092014001',17,200,'2016-02-15',NULL,1,0,0,' ','No','0000-00-00 00:00:00'),(423,'las/15092014001',18,200,'2016-03-15',NULL,1,0,0,' ','No','0000-00-00 00:00:00'),(424,'las/15092014001',19,200,'2016-04-15',NULL,1,0,0,' ','No','0000-00-00 00:00:00'),(425,'las/15092014001',20,200,'2016-05-15',NULL,1,0,0,' ','No','0000-00-00 00:00:00'),(426,'las/15092014001',21,200,'2016-06-15',NULL,1,0,0,' ','No','0000-00-00 00:00:00'),(427,'las/15092014001',22,200,'2016-07-15',NULL,1,0,0,' ','No','0000-00-00 00:00:00'),(428,'las/15092014001',23,200,'2016-08-15',NULL,1,0,0,' ','No','0000-00-00 00:00:00'),(429,'las/15092014001',24,200,'2016-09-15',NULL,1,0,0,' ','No','0000-00-00 00:00:00'),(430,'las/15092014001',101,500,'2015-03-25',NULL,1,0,0,' ','Sí','0000-00-00 00:00:00'),(431,'las/15092014001',102,500,'2015-09-25',NULL,1,0,0,' ','Sí','0000-00-00 00:00:00'),(432,'LAS16092014',1,185,'2014-10-16',NULL,1,0,0,' ','No','0000-00-00 00:00:00'),(433,'LAS16092014',2,185,'2014-11-16',NULL,1,0,0,' ','No','0000-00-00 00:00:00'),(434,'LAS/1609_001',1,21990,'2014-10-16',NULL,1,0,0,' ','No','0000-00-00 00:00:00'),(435,'las/17092014',1,100,'2014-10-17',NULL,3,0,0,' ','No','0000-00-00 00:00:00'),(436,'las/17092014',2,100,'2014-11-17',NULL,3,0,0,' ','No','0000-00-00 00:00:00'),(437,'las/17092014',3,100,'2014-12-17',NULL,3,0,0,' ','No','0000-00-00 00:00:00'),(438,'las/17092014',4,100,'2015-01-17',NULL,3,0,0,' ','No','0000-00-00 00:00:00'),(439,'las/17092014',5,100,'2015-02-17',NULL,3,0,0,' ','No','0000-00-00 00:00:00'),(440,'las/17092014',6,100,'2015-03-17',NULL,3,0,0,' ','No','0000-00-00 00:00:00'),(441,'las/17092014',7,100,'2015-04-17',NULL,3,0,0,' ','No','0000-00-00 00:00:00'),(442,'las/03092014004',1,130,'2014-10-03',NULL,3,0,0,' ','No','0000-00-00 00:00:00'),(443,'las/03092014004',2,130,'2014-11-03',NULL,3,0,0,' ','No','0000-00-00 00:00:00'),(444,'las/03092014004',3,130,'2014-12-03',NULL,3,0,0,' ','No','0000-00-00 00:00:00'),(445,'las/03092014004',4,130,'2015-01-03',NULL,3,0,0,' ','No','0000-00-00 00:00:00'),(446,'las/03092014004',5,130,'2015-02-03',NULL,3,0,0,' ','No','0000-00-00 00:00:00'),(447,'las/03092014004',6,130,'2015-03-03',NULL,3,0,0,' ','No','0000-00-00 00:00:00'),(448,'las/03092014004',7,130,'2015-04-03',NULL,3,0,0,' ','No','0000-00-00 00:00:00'),(449,'las/03092014004',8,130,'2015-05-03',NULL,3,0,0,' ','No','0000-00-00 00:00:00'),(450,'las/03092014004',9,130,'2015-06-03',NULL,3,0,0,' ','No','0000-00-00 00:00:00'),(451,'las/03092014004',10,130,'2015-07-03',NULL,3,0,0,' ','No','0000-00-00 00:00:00'),(452,'las/03092014004',11,130,'2015-08-03',NULL,3,0,0,' ','No','0000-00-00 00:00:00'),(453,'las/03092014004',12,130,'2015-09-03',NULL,3,0,0,' ','No','0000-00-00 00:00:00'),(454,'las/03092014004',13,130,'2015-10-03',NULL,3,0,0,' ','No','0000-00-00 00:00:00'),(455,'las/03092014004',14,130,'2015-11-03',NULL,3,0,0,' ','No','0000-00-00 00:00:00'),(456,'las/03092014004',15,130,'2015-12-03',NULL,3,0,0,' ','No','0000-00-00 00:00:00'),(457,'las/03092014004',16,130,'2016-01-03',NULL,3,0,0,' ','No','0000-00-00 00:00:00'),(458,'las/03092014004',17,130,'2016-02-03',NULL,3,0,0,' ','No','0000-00-00 00:00:00'),(459,'las/03092014004',18,130,'2016-03-03',NULL,3,0,0,' ','No','0000-00-00 00:00:00'),(460,'las/03092014004',19,130,'2016-04-03',NULL,3,0,0,' ','No','0000-00-00 00:00:00'),(461,'las/03092014004',20,130,'2016-05-03',NULL,3,0,0,' ','No','0000-00-00 00:00:00'),(462,'las/03092014004',21,130,'2016-06-03',NULL,3,0,0,' ','No','0000-00-00 00:00:00'),(463,'las/03092014004',22,130,'2016-07-03',NULL,3,0,0,' ','No','0000-00-00 00:00:00'),(464,'las/03092014004',23,130,'2016-08-03',NULL,3,0,0,' ','No','0000-00-00 00:00:00'),(465,'las/03092014004',24,130,'2016-09-03',NULL,3,0,0,' ','No','0000-00-00 00:00:00'),(466,'las/03092014004',101,500,'2015-03-20',NULL,3,0,0,' ','Sí','0000-00-00 00:00:00'),(467,'las/03092014004',102,500,'2015-09-20',NULL,3,0,0,' ','Sí','0000-00-00 00:00:00'),(468,'las/08092014005',1,1000,'2014-10-08','2014-09-20',3,3,1,'08/09/2014','No','0000-00-00 00:00:00'),(469,'las/27082014006',1,17690,'2014-10-27','2014-09-20',3,3,1,'27/08/2014','No','0000-00-00 00:00:00'),(470,'JR 2014-09-23',1,8900,'2014-10-23',NULL,8,0,0,' ','No','0000-00-00 00:00:00'),(471,'las/23092014002',1,515,'2014-10-23',NULL,3,0,0,' ','No','0000-00-00 00:00:00'),(472,'las/23092014002',2,515,'2014-11-23',NULL,3,0,0,' ','No','0000-00-00 00:00:00'),(473,'las/23092014002',3,515,'2014-12-23',NULL,3,0,0,' ','No','0000-00-00 00:00:00'),(474,'las/23092014002',4,515,'2015-01-23',NULL,3,0,0,' ','No','0000-00-00 00:00:00'),(475,'las/23092014002',5,515,'2015-02-23',NULL,3,0,0,' ','No','0000-00-00 00:00:00'),(476,'las/23092014002',6,515,'2015-03-23',NULL,3,0,0,' ','No','0000-00-00 00:00:00'),(477,'las/23092014002',7,515,'2015-04-23',NULL,3,0,0,' ','No','0000-00-00 00:00:00'),(478,'las/23092014002',8,515,'2015-05-23',NULL,3,0,0,' ','No','0000-00-00 00:00:00'),(479,'las/23092014002',9,515,'2015-06-23',NULL,3,0,0,' ','No','0000-00-00 00:00:00'),(480,'las/23092014002',10,515,'2015-07-23',NULL,3,0,0,' ','No','0000-00-00 00:00:00'),(481,'las/23092014002',11,515,'2015-08-23',NULL,3,0,0,' ','No','0000-00-00 00:00:00'),(482,'las/23092014002',12,515,'2015-09-23',NULL,3,0,0,' ','No','0000-00-00 00:00:00'),(483,'las/23092014002',13,515,'2015-10-23',NULL,3,0,0,' ','No','0000-00-00 00:00:00'),(484,'las/23092014002',14,515,'2015-11-23',NULL,3,0,0,' ','No','0000-00-00 00:00:00'),(485,'las/23092014002',15,515,'2015-12-23',NULL,3,0,0,' ','No','0000-00-00 00:00:00'),(486,'las/23092014002',16,515,'2016-01-23',NULL,3,0,0,' ','No','0000-00-00 00:00:00'),(487,'las/23092014002',17,515,'2016-02-23',NULL,3,0,0,' ','No','0000-00-00 00:00:00'),(488,'las/23092014002',18,515,'2016-03-23',NULL,3,0,0,' ','No','0000-00-00 00:00:00'),(489,'las/23092014002',19,515,'2016-04-23',NULL,3,0,0,' ','No','0000-00-00 00:00:00'),(490,'las/23092014002',20,515,'2016-05-23',NULL,3,0,0,' ','No','0000-00-00 00:00:00'),(491,'las/23092014002',21,515,'2016-06-23',NULL,3,0,0,' ','No','0000-00-00 00:00:00'),(492,'las/23092014002',22,515,'2016-07-23',NULL,3,0,0,' ','No','0000-00-00 00:00:00'),(493,'las/23092014002',23,515,'2016-08-23',NULL,3,0,0,' ','No','0000-00-00 00:00:00'),(494,'las/23092014002',24,515,'2016-09-23',NULL,3,0,0,' ','No','0000-00-00 00:00:00'),(495,'JR 2014-09-24',1,15990,'2014-10-24',NULL,8,0,0,' ','No','0000-00-00 00:00:00'),(496,'JL 2014-09-19',1,3000,'2014-10-19','2014-09-25',8,1,2,'brou lascano','No','0000-00-00 00:00:00'),(497,'JR 2014-09-18',1,4900,'2014-10-18',NULL,8,0,0,' ','No','0000-00-00 00:00:00'),(498,'JR 2014-09-17',1,11000,'2014-10-17',NULL,8,0,0,' ','No','0000-00-00 00:00:00'),(499,'JR. 2014-09-22',1,7040,'2014-10-22',NULL,8,0,0,' ','No','0000-00-00 00:00:00'),(500,'las/2409201401',1,580,'2014-10-24',NULL,3,0,0,' ','No','0000-00-00 00:00:00'),(501,'las/2409201401',2,580,'2014-11-24',NULL,3,0,0,' ','No','0000-00-00 00:00:00'),(502,'las/2409201401',3,580,'2014-12-24',NULL,3,0,0,' ','No','0000-00-00 00:00:00'),(503,'las/2409201401',4,580,'2015-01-24',NULL,3,0,0,' ','No','0000-00-00 00:00:00'),(504,'las/2409201401',5,580,'2015-02-24',NULL,3,0,0,' ','No','0000-00-00 00:00:00'),(505,'las/2409201401',6,580,'2015-03-24',NULL,3,0,0,' ','No','0000-00-00 00:00:00'),(506,'las/2409201401',7,580,'2015-04-24',NULL,3,0,0,' ','No','0000-00-00 00:00:00'),(507,'las/2409201401',8,580,'2015-05-24',NULL,3,0,0,' ','No','0000-00-00 00:00:00'),(508,'JR 2014-09-15',1,6300,'2014-10-15',NULL,8,0,0,' ','No','0000-00-00 00:00:00'),(509,'JR 2 2014-09-17  ',1,7000,'2014-10-17',NULL,8,0,0,' ','No','0000-00-00 00:00:00'),(510,'JR 2 2014-09-22',1,120,'2014-10-22',NULL,8,0,0,' ','No','0000-00-00 00:00:00'),(511,'JR 2 2014-09-22',2,120,'2014-11-22',NULL,8,0,0,' ','No','0000-00-00 00:00:00'),(512,'JR 2 2014-09-22',3,120,'2014-12-22',NULL,8,0,0,' ','No','0000-00-00 00:00:00'),(513,'JR 2 2014-09-22',4,120,'2015-01-22',NULL,8,0,0,' ','No','0000-00-00 00:00:00'),(514,'JR 2 2014-09-22',5,120,'2015-02-22',NULL,8,0,0,' ','No','0000-00-00 00:00:00'),(515,'JR 2 2014-09-22',6,120,'2015-03-22',NULL,8,0,0,' ','No','0000-00-00 00:00:00'),(516,'JR 2 2014-09-22',7,120,'2015-04-22',NULL,8,0,0,' ','No','0000-00-00 00:00:00'),(517,'JR 2 2014-09-22',8,120,'2015-05-22',NULL,8,0,0,' ','No','0000-00-00 00:00:00'),(518,'JR 2 2014-09-22',9,120,'2015-06-22',NULL,8,0,0,' ','No','0000-00-00 00:00:00'),(519,'JR 2 2014-09-22',10,120,'2015-07-22',NULL,8,0,0,' ','No','0000-00-00 00:00:00'),(520,'JR 2 2014-09-22',101,1000,'2014-12-30',NULL,8,0,0,' ','Sí','0000-00-00 00:00:00'),(521,'las/30092014',101,2500,'2014-10-10',NULL,3,0,0,' ','Sí','0000-00-00 00:00:00'),(522,'las/30092014',102,2730,'2014-11-10',NULL,3,0,0,' ','Sí','0000-00-00 00:00:00'),(523,'las/30092014',103,2730,'2014-12-10',NULL,3,0,0,' ','Sí','0000-00-00 00:00:00'),(524,'las/30092014',104,2730,'2015-01-10',NULL,3,0,0,' ','Sí','0000-00-00 00:00:00'),(525,'las/30092014',105,2730,'2015-02-10',NULL,3,0,0,' ','Sí','0000-00-00 00:00:00'),(526,'las/30092014',106,2730,'2015-03-10',NULL,3,0,0,' ','Sí','0000-00-00 00:00:00'),(527,'las/01102014',1,5790,'2014-11-01','2014-10-01',3,3,1,'','No','0000-00-00 00:00:00'),(528,'LAS/10022014',1,13740,'2014-11-02','2014-10-04',3,1,1,'pago el 02/10/2014','No','0000-00-00 00:00:00'),(529,'las03102013',1,200,'2014-11-03',NULL,1,0,0,' ','No','0000-00-00 00:00:00'),(530,'las03102013',2,200,'2014-12-03',NULL,1,0,0,' ','No','0000-00-00 00:00:00'),(531,'las03102013',3,200,'2015-01-03',NULL,1,0,0,' ','No','0000-00-00 00:00:00'),(532,'las03102013',4,200,'2015-02-03',NULL,1,0,0,' ','No','0000-00-00 00:00:00'),(533,'las03102013',5,200,'2015-03-03',NULL,1,0,0,' ','No','0000-00-00 00:00:00'),(534,'las03102013',6,200,'2015-04-03',NULL,1,0,0,' ','No','0000-00-00 00:00:00'),(535,'las03102013',7,200,'2015-05-03',NULL,1,0,0,' ','No','0000-00-00 00:00:00'),(536,'las03102013',8,200,'2015-06-03',NULL,1,0,0,' ','No','0000-00-00 00:00:00'),(537,'las03102013',9,200,'2015-07-03',NULL,1,0,0,' ','No','0000-00-00 00:00:00'),(538,'las03102013',10,200,'2015-08-03',NULL,1,0,0,' ','No','0000-00-00 00:00:00'),(539,'las03102013',11,200,'2015-09-03',NULL,1,0,0,' ','No','0000-00-00 00:00:00'),(540,'las03102013',12,200,'2015-10-03',NULL,1,0,0,' ','No','0000-00-00 00:00:00'),(541,'las03102013',13,200,'2015-11-03',NULL,1,0,0,' ','No','0000-00-00 00:00:00'),(542,'las03102013',14,200,'2015-12-03',NULL,1,0,0,' ','No','0000-00-00 00:00:00'),(543,'las03102013',15,200,'2016-01-03',NULL,1,0,0,' ','No','0000-00-00 00:00:00'),(544,'las03102013',16,200,'2016-02-03',NULL,1,0,0,' ','No','0000-00-00 00:00:00'),(545,'las03102013',17,200,'2016-03-03',NULL,1,0,0,' ','No','0000-00-00 00:00:00'),(546,'las03102013',18,200,'2016-04-03',NULL,1,0,0,' ','No','0000-00-00 00:00:00'),(547,'las03102013',19,200,'2016-05-03',NULL,1,0,0,' ','No','0000-00-00 00:00:00'),(548,'las03102013',20,200,'2016-06-03',NULL,1,0,0,' ','No','0000-00-00 00:00:00'),(549,'las03102013',21,200,'2016-07-03',NULL,1,0,0,' ','No','0000-00-00 00:00:00'),(550,'las03102013',22,200,'2016-08-03',NULL,1,0,0,' ','No','0000-00-00 00:00:00'),(551,'las03102013',23,200,'2016-09-03',NULL,1,0,0,' ','No','0000-00-00 00:00:00'),(552,'las03102013',24,200,'2016-10-03',NULL,1,0,0,' ','No','0000-00-00 00:00:00'),(553,'las031020140',1,19990,'2014-11-03','2014-10-04',1,1,1,'','No','0000-00-00 00:00:00'),(554,'0310191401',1,17224,'2014-11-03','2014-10-04',1,1,1,'','No','0000-00-00 00:00:00'),(555,'las/04102014',1,3500,'2014-11-04','2014-10-04',1,1,1,'negocio con permuta','No','0000-00-00 00:00:00'),(556,'las02102014003',1,200,'2014-11-02','2014-10-04',1,1,1,'pago el 03/10/2014','No','0000-00-00 00:00:00'),(557,'JR 2014-10-06',1,11000,'2014-11-06',NULL,8,0,0,' ','No','0000-00-00 00:00:00'),(558,'JR 2 2014-10-06',1,12790,'2014-11-06',NULL,8,0,0,' ','No','0000-00-00 00:00:00'),(559,'JR 2014-10-01',1,185,'2014-11-01',NULL,8,0,0,' ','No','0000-00-00 00:00:00'),(560,'JR 2014-10-01',2,185,'2014-12-01',NULL,8,0,0,' ','No','0000-00-00 00:00:00'),(561,'JR 2014-10-01',3,185,'2015-01-01',NULL,8,0,0,' ','No','0000-00-00 00:00:00'),(562,'JR 2014-10-01',4,185,'2015-02-01',NULL,8,0,0,' ','No','0000-00-00 00:00:00'),(563,'JR 2014-10-01',5,185,'2015-03-01',NULL,8,0,0,' ','No','0000-00-00 00:00:00'),(564,'JR 2014-10-01',6,185,'2015-04-01',NULL,8,0,0,' ','No','0000-00-00 00:00:00'),(565,'JR 2014-10-01',7,185,'2015-05-01',NULL,8,0,0,' ','No','0000-00-00 00:00:00'),(566,'JR 2014-10-01',8,185,'2015-06-01',NULL,8,0,0,' ','No','0000-00-00 00:00:00'),(567,'JR 2014-10-01',9,185,'2015-07-01',NULL,8,0,0,' ','No','0000-00-00 00:00:00'),(568,'JR 2014-10-01',10,185,'2015-08-01',NULL,8,0,0,' ','No','0000-00-00 00:00:00'),(569,'JR 2014-10-01',11,185,'2015-09-01',NULL,8,0,0,' ','No','0000-00-00 00:00:00'),(570,'JR 2014-10-01',12,185,'2015-10-01',NULL,8,0,0,' ','No','0000-00-00 00:00:00'),(571,'JR 2014-10-01',13,185,'2015-11-01',NULL,8,0,0,' ','No','0000-00-00 00:00:00'),(572,'JR 2014-10-01',14,185,'2015-12-01',NULL,8,0,0,' ','No','0000-00-00 00:00:00'),(573,'JR 2014-10-01',15,185,'2016-01-01',NULL,8,0,0,' ','No','0000-00-00 00:00:00'),(574,'JR 2014-10-01',16,185,'2016-02-01',NULL,8,0,0,' ','No','0000-00-00 00:00:00'),(575,'JR 2014-10-01',17,185,'2016-03-01',NULL,8,0,0,' ','No','0000-00-00 00:00:00'),(576,'JR 2014-10-01',18,185,'2016-04-01',NULL,8,0,0,' ','No','0000-00-00 00:00:00'),(577,'JR 2014-10-01',19,185,'2016-05-01',NULL,8,0,0,' ','No','0000-00-00 00:00:00'),(578,'JR 2014-10-01',20,185,'2016-06-01',NULL,8,0,0,' ','No','0000-00-00 00:00:00'),(579,'JR 2014-10-01',21,185,'2016-07-01',NULL,8,0,0,' ','No','0000-00-00 00:00:00'),(580,'JR 2014-10-01',22,185,'2016-08-01',NULL,8,0,0,' ','No','0000-00-00 00:00:00'),(581,'JR 2014-10-01',23,185,'2016-09-01',NULL,8,0,0,' ','No','0000-00-00 00:00:00'),(582,'JR 2014-10-01',24,185,'2016-10-01',NULL,8,0,0,' ','No','0000-00-00 00:00:00'),(583,'las06102014',1,360,'2014-11-06',NULL,1,0,0,' ','No','0000-00-00 00:00:00'),(584,'las06102014',2,360,'2014-12-06',NULL,1,0,0,' ','No','0000-00-00 00:00:00'),(585,'las06102014',3,360,'2015-01-06',NULL,1,0,0,' ','No','0000-00-00 00:00:00'),(586,'las06102014',4,360,'2015-02-06',NULL,1,0,0,' ','No','0000-00-00 00:00:00'),(587,'las06102014',5,360,'2015-03-06',NULL,1,0,0,' ','No','0000-00-00 00:00:00'),(588,'las06102014',6,360,'2015-04-06',NULL,1,0,0,' ','No','0000-00-00 00:00:00'),(589,'las06102014',7,360,'2015-05-06',NULL,1,0,0,' ','No','0000-00-00 00:00:00'),(590,'las06102014',8,360,'2015-06-06',NULL,1,0,0,' ','No','0000-00-00 00:00:00'),(591,'las06102014',9,360,'2015-07-06',NULL,1,0,0,' ','No','0000-00-00 00:00:00'),(592,'las06102014',10,360,'2015-08-06',NULL,1,0,0,' ','No','0000-00-00 00:00:00'),(593,'las06102014',101,2000,'2014-10-06','2014-10-09',1,1,1,'','Sí','0000-00-00 00:00:00'),(594,'LAS/10092014008',1,60,'2014-10-10',NULL,3,0,0,' ','No','0000-00-00 00:00:00'),(595,'LAS/10092014008',2,60,'2014-11-10',NULL,3,0,0,' ','No','0000-00-00 00:00:00'),(596,'LAS/10092014008',3,60,'2014-12-10',NULL,3,0,0,' ','No','0000-00-00 00:00:00'),(597,'LAS/10092014008',4,60,'2015-01-10',NULL,3,0,0,' ','No','0000-00-00 00:00:00'),(598,'LAS/10092014008',5,60,'2015-02-10',NULL,3,0,0,' ','No','0000-00-00 00:00:00'),(599,'LAS/10092014008',6,60,'2015-03-10',NULL,3,0,0,' ','No','0000-00-00 00:00:00'),(600,'las071020141',1,55,'2014-11-07',NULL,3,0,0,' ','No','0000-00-00 00:00:00'),(601,'las071020141',2,55,'2014-12-07',NULL,3,0,0,' ','No','0000-00-00 00:00:00'),(602,'las071020141',3,55,'2015-01-07',NULL,3,0,0,' ','No','0000-00-00 00:00:00'),(603,'las071020141',4,55,'2015-02-07',NULL,3,0,0,' ','No','0000-00-00 00:00:00'),(604,'las071020141',5,55,'2015-03-07',NULL,3,0,0,' ','No','0000-00-00 00:00:00'),(605,'las071020141',6,55,'2015-04-07',NULL,3,0,0,' ','No','0000-00-00 00:00:00'),(606,'las071020141',7,55,'2015-05-07',NULL,3,0,0,' ','No','0000-00-00 00:00:00'),(607,'las071020141',8,55,'2015-06-07',NULL,3,0,0,' ','No','0000-00-00 00:00:00'),(608,'las071020141',9,55,'2015-07-07',NULL,3,0,0,' ','No','0000-00-00 00:00:00'),(609,'las071020141',10,55,'2015-08-07',NULL,3,0,0,' ','No','0000-00-00 00:00:00'),(610,'las071020141',11,55,'2015-09-07',NULL,3,0,0,' ','No','0000-00-00 00:00:00'),(611,'las071020141',12,55,'2015-10-07',NULL,3,0,0,' ','No','0000-00-00 00:00:00'),(612,'las08/10/20142',1,260,'2014-11-08',NULL,3,0,0,' ','No','0000-00-00 00:00:00'),(613,'las08/10/20142',2,260,'2014-12-08',NULL,3,0,0,' ','No','0000-00-00 00:00:00'),(614,'las08/10/20142',3,260,'2015-01-08',NULL,3,0,0,' ','No','0000-00-00 00:00:00'),(615,'las08/10/20142',4,260,'2015-02-08',NULL,3,0,0,' ','No','0000-00-00 00:00:00'),(616,'las08/10/20142',5,260,'2015-03-08',NULL,3,0,0,' ','No','0000-00-00 00:00:00'),(617,'las08/10/20142',6,260,'2015-04-08',NULL,3,0,0,' ','No','0000-00-00 00:00:00'),(618,'las08/10/20142',7,260,'2015-05-08',NULL,3,0,0,' ','No','0000-00-00 00:00:00'),(619,'las08/10/20142',8,260,'2015-06-08',NULL,3,0,0,' ','No','0000-00-00 00:00:00'),(620,'las08/10/20142',9,260,'2015-07-08',NULL,3,0,0,' ','No','0000-00-00 00:00:00'),(621,'las08/10/20142',10,260,'2015-08-08',NULL,3,0,0,' ','No','0000-00-00 00:00:00'),(622,'las08/10/20142',11,260,'2015-09-08',NULL,3,0,0,' ','No','0000-00-00 00:00:00'),(623,'las08/10/20142',12,260,'2015-10-08',NULL,3,0,0,' ','No','0000-00-00 00:00:00'),(624,'las08/10/20142',13,260,'2015-11-08',NULL,3,0,0,' ','No','0000-00-00 00:00:00'),(625,'las08/10/20142',14,260,'2015-12-08',NULL,3,0,0,' ','No','0000-00-00 00:00:00'),(626,'las08/10/20142',15,260,'2016-01-08',NULL,3,0,0,' ','No','0000-00-00 00:00:00'),(627,'las08/10/20142',16,260,'2016-02-08',NULL,3,0,0,' ','No','0000-00-00 00:00:00'),(628,'las08/10/20142',17,260,'2016-03-08',NULL,3,0,0,' ','No','0000-00-00 00:00:00'),(629,'las08/10/20142',18,260,'2016-04-08',NULL,3,0,0,' ','No','0000-00-00 00:00:00'),(630,'las08/10/20142',19,260,'2016-05-08',NULL,3,0,0,' ','No','0000-00-00 00:00:00'),(631,'las08/10/20142',20,260,'2016-06-08',NULL,3,0,0,' ','No','0000-00-00 00:00:00'),(632,'las08/10/20142',21,260,'2016-07-08',NULL,3,0,0,' ','No','0000-00-00 00:00:00'),(633,'las08/10/20142',22,260,'2016-08-08',NULL,3,0,0,' ','No','0000-00-00 00:00:00'),(634,'las08/10/20142',23,260,'2016-09-08',NULL,3,0,0,' ','No','0000-00-00 00:00:00'),(635,'las08/10/20142',24,260,'2016-10-08',NULL,3,0,0,' ','No','0000-00-00 00:00:00'),(636,'las08/10/20142',101,500,'2014-11-08',NULL,3,0,0,' ','Sí','0000-00-00 00:00:00'),(637,'las08/10/20142',102,500,'2014-12-08',NULL,3,0,0,' ','Sí','0000-00-00 00:00:00'),(638,'las08/10/20142',103,1500,'2015-07-08',NULL,3,0,0,' ','Sí','0000-00-00 00:00:00'),(639,'las08108201403',1,560,'2014-11-08','2014-11-07',3,3,1,'','No','0000-00-00 00:00:00'),(640,'las08108201403',2,560,'2014-12-08',NULL,3,0,0,' ','No','0000-00-00 00:00:00'),(641,'las08108201403',3,560,'2015-01-08',NULL,3,0,0,' ','No','0000-00-00 00:00:00'),(642,'las08108201403',4,560,'2015-02-08',NULL,3,0,0,' ','No','0000-00-00 00:00:00'),(643,'las08108201403',5,560,'2015-03-08',NULL,3,0,0,' ','No','0000-00-00 00:00:00'),(644,'las08108201403',6,560,'2015-04-08',NULL,3,0,0,' ','No','0000-00-00 00:00:00'),(645,'las10/102014',1,215,'2014-11-10',NULL,3,0,0,' ','No','0000-00-00 00:00:00'),(646,'las10/102014',2,215,'2014-12-10',NULL,3,0,0,' ','No','0000-00-00 00:00:00'),(647,'las10/102014',3,215,'2015-01-10',NULL,3,0,0,' ','No','0000-00-00 00:00:00'),(648,'las10/102014',4,215,'2015-02-10',NULL,3,0,0,' ','No','0000-00-00 00:00:00'),(649,'las10/102014',5,215,'2015-03-10',NULL,3,0,0,' ','No','0000-00-00 00:00:00'),(650,'las10/102014',6,215,'2015-04-10',NULL,3,0,0,' ','No','0000-00-00 00:00:00'),(651,'las10/102014',7,215,'2015-05-10',NULL,3,0,0,' ','No','0000-00-00 00:00:00'),(652,'las10/102014',8,215,'2015-06-10',NULL,3,0,0,' ','No','0000-00-00 00:00:00'),(653,'las10/102014',9,215,'2015-07-10',NULL,3,0,0,' ','No','0000-00-00 00:00:00'),(654,'las10/102014',10,215,'2015-08-10',NULL,3,0,0,' ','No','0000-00-00 00:00:00'),(655,'las10/102014',11,215,'2015-09-10',NULL,3,0,0,' ','No','0000-00-00 00:00:00'),(656,'las10/102014',12,215,'2015-10-10',NULL,3,0,0,' ','No','0000-00-00 00:00:00'),(657,'las10/102014',13,215,'2015-11-10',NULL,3,0,0,' ','No','0000-00-00 00:00:00'),(658,'las10/102014',14,215,'2015-12-10',NULL,3,0,0,' ','No','0000-00-00 00:00:00'),(659,'las10/102014',15,215,'2016-01-10',NULL,3,0,0,' ','No','0000-00-00 00:00:00'),(660,'las10/102014',16,215,'2016-02-10',NULL,3,0,0,' ','No','0000-00-00 00:00:00'),(661,'las10/102014',17,215,'2016-03-10',NULL,3,0,0,' ','No','0000-00-00 00:00:00'),(662,'las10/102014',18,215,'2016-04-10',NULL,3,0,0,' ','No','0000-00-00 00:00:00'),(663,'las10/102014',19,215,'2016-05-10',NULL,3,0,0,' ','No','0000-00-00 00:00:00'),(664,'las10/102014',20,215,'2016-06-10',NULL,3,0,0,' ','No','0000-00-00 00:00:00'),(665,'las10/102014',21,215,'2016-07-10',NULL,3,0,0,' ','No','0000-00-00 00:00:00'),(666,'las10/102014',22,215,'2016-08-10',NULL,3,0,0,' ','No','0000-00-00 00:00:00'),(667,'las10/102014',23,215,'2016-09-10',NULL,3,0,0,' ','No','0000-00-00 00:00:00'),(668,'las10/102014',24,215,'2016-10-10',NULL,3,0,0,' ','No','0000-00-00 00:00:00'),(669,'las10/102014',101,1500,'2014-12-15',NULL,3,0,0,' ','Sí','0000-00-00 00:00:00'),(670,'las10/102014',102,1500,'2015-07-15',NULL,3,0,0,' ','Sí','0000-00-00 00:00:00'),(671,'las1010201403',1,115,'2014-11-10',NULL,3,0,0,' ','No','0000-00-00 00:00:00'),(672,'las1010201403',2,115,'2014-12-10',NULL,3,0,0,' ','No','0000-00-00 00:00:00'),(673,'las1010201403',3,115,'2015-01-10',NULL,3,0,0,' ','No','0000-00-00 00:00:00'),(674,'las1010201403',4,115,'2015-02-10',NULL,3,0,0,' ','No','0000-00-00 00:00:00'),(675,'las1010201403',5,115,'2015-03-10',NULL,3,0,0,' ','No','0000-00-00 00:00:00'),(676,'las1010201403',6,115,'2015-04-10',NULL,3,0,0,' ','No','0000-00-00 00:00:00'),(677,'las1010201403',7,115,'2015-05-10',NULL,3,0,0,' ','No','0000-00-00 00:00:00'),(678,'las1010201403',8,115,'2015-06-10',NULL,3,0,0,' ','No','0000-00-00 00:00:00'),(679,'las1010201403',9,115,'2015-07-10',NULL,3,0,0,' ','No','0000-00-00 00:00:00'),(680,'las1010201403',10,115,'2015-08-10',NULL,3,0,0,' ','No','0000-00-00 00:00:00'),(681,'las1010201403',11,115,'2015-09-10',NULL,3,0,0,' ','No','0000-00-00 00:00:00'),(682,'las1010201403',12,115,'2015-10-10',NULL,3,0,0,' ','No','0000-00-00 00:00:00'),(683,'las1010201403',13,115,'2015-11-10',NULL,3,0,0,' ','No','0000-00-00 00:00:00'),(684,'las1010201403',14,115,'2015-12-10',NULL,3,0,0,' ','No','0000-00-00 00:00:00'),(685,'las1010201403',15,115,'2016-01-10',NULL,3,0,0,' ','No','0000-00-00 00:00:00'),(686,'las1010201403',16,115,'2016-02-10',NULL,3,0,0,' ','No','0000-00-00 00:00:00'),(687,'las1010201403',17,115,'2016-03-10',NULL,3,0,0,' ','No','0000-00-00 00:00:00'),(688,'las1010201403',18,115,'2016-04-10',NULL,3,0,0,' ','No','0000-00-00 00:00:00'),(689,'las1110201401',1,140,'2014-11-11',NULL,3,0,0,' ','No','0000-00-00 00:00:00'),(690,'las1110201401',2,140,'2014-12-11',NULL,3,0,0,' ','No','0000-00-00 00:00:00'),(691,'las1110201401',3,140,'2015-01-11',NULL,3,0,0,' ','No','0000-00-00 00:00:00'),(692,'las1110201401',4,140,'2015-02-11',NULL,3,0,0,' ','No','0000-00-00 00:00:00'),(693,'las1110201401',5,140,'2015-03-11',NULL,3,0,0,' ','No','0000-00-00 00:00:00'),(694,'las1110201401',6,140,'2015-04-11',NULL,3,0,0,' ','No','0000-00-00 00:00:00'),(695,'las1110201401',7,140,'2015-05-11',NULL,3,0,0,' ','No','0000-00-00 00:00:00'),(696,'las1110201401',8,140,'2015-06-11',NULL,3,0,0,' ','No','0000-00-00 00:00:00'),(697,'las1110201401',9,140,'2015-07-11',NULL,3,0,0,' ','No','0000-00-00 00:00:00'),(698,'las1110201401',10,140,'2015-08-11',NULL,3,0,0,' ','No','0000-00-00 00:00:00'),(699,'las1110201401',11,140,'2015-09-11',NULL,3,0,0,' ','No','0000-00-00 00:00:00'),(700,'las1110201401',12,140,'2015-10-11',NULL,3,0,0,' ','No','0000-00-00 00:00:00'),(701,'las1110201401',13,140,'2015-11-11',NULL,3,0,0,' ','No','0000-00-00 00:00:00'),(702,'las1110201401',14,140,'2015-12-11',NULL,3,0,0,' ','No','0000-00-00 00:00:00'),(703,'las1110201401',15,140,'2016-01-11',NULL,3,0,0,' ','No','0000-00-00 00:00:00'),(704,'las1110201401',16,140,'2016-02-11',NULL,3,0,0,' ','No','0000-00-00 00:00:00'),(705,'las1110201401',17,140,'2016-03-11',NULL,3,0,0,' ','No','0000-00-00 00:00:00'),(706,'las1110201401',18,140,'2016-04-11',NULL,3,0,0,' ','No','0000-00-00 00:00:00'),(707,'las1110201401',19,140,'2016-05-11',NULL,3,0,0,' ','No','0000-00-00 00:00:00'),(708,'las1110201401',20,140,'2016-06-11',NULL,3,0,0,' ','No','0000-00-00 00:00:00'),(709,'las1110201401',21,140,'2016-07-11',NULL,3,0,0,' ','No','0000-00-00 00:00:00'),(710,'las1110201401',22,140,'2016-08-11',NULL,3,0,0,' ','No','0000-00-00 00:00:00'),(711,'las1110201401',23,140,'2016-09-11',NULL,3,0,0,' ','No','0000-00-00 00:00:00'),(712,'las1110201401',24,140,'2016-10-11',NULL,3,0,0,' ','No','0000-00-00 00:00:00'),(713,'las0410201425',1,250,'2014-11-04',NULL,3,0,0,' ','No','0000-00-00 00:00:00'),(714,'las0410201425',2,250,'2014-12-04',NULL,3,0,0,' ','No','0000-00-00 00:00:00'),(715,'las0410201425',3,250,'2015-01-04',NULL,3,0,0,' ','No','0000-00-00 00:00:00'),(716,'las0410201425',4,250,'2015-02-04',NULL,3,0,0,' ','No','0000-00-00 00:00:00'),(717,'las0410201425',5,250,'2015-03-04',NULL,3,0,0,' ','No','0000-00-00 00:00:00'),(718,'las0410201425',6,250,'2015-04-04',NULL,3,0,0,' ','No','0000-00-00 00:00:00'),(719,'las0410201425',7,250,'2015-05-04',NULL,3,0,0,' ','No','0000-00-00 00:00:00'),(720,'las0410201425',8,250,'2015-06-04',NULL,3,0,0,' ','No','0000-00-00 00:00:00'),(721,'las0410201425',9,250,'2015-07-04',NULL,3,0,0,' ','No','0000-00-00 00:00:00'),(722,'las0410201425',10,250,'2015-08-04',NULL,3,0,0,' ','No','0000-00-00 00:00:00'),(723,'las0410201425',11,250,'2015-09-04',NULL,3,0,0,' ','No','0000-00-00 00:00:00'),(724,'las0410201425',12,250,'2015-10-04',NULL,3,0,0,' ','No','0000-00-00 00:00:00'),(725,'las0410201425',13,250,'2015-11-04',NULL,3,0,0,' ','No','0000-00-00 00:00:00'),(726,'las0410201425',14,250,'2015-12-04',NULL,3,0,0,' ','No','0000-00-00 00:00:00'),(727,'las0410201425',15,250,'2016-01-04',NULL,3,0,0,' ','No','0000-00-00 00:00:00'),(728,'las0410201425',16,250,'2016-02-04',NULL,3,0,0,' ','No','0000-00-00 00:00:00'),(729,'las0410201425',17,250,'2016-03-04',NULL,3,0,0,' ','No','0000-00-00 00:00:00'),(730,'las0410201425',18,250,'2016-04-04',NULL,3,0,0,' ','No','0000-00-00 00:00:00'),(731,'las0410201425',19,250,'2016-05-04',NULL,3,0,0,' ','No','0000-00-00 00:00:00'),(732,'las0410201425',20,250,'2016-06-04',NULL,3,0,0,' ','No','0000-00-00 00:00:00'),(733,'las0410201425',21,250,'2016-07-04',NULL,3,0,0,' ','No','0000-00-00 00:00:00'),(734,'las0410201425',22,250,'2016-08-04',NULL,3,0,0,' ','No','0000-00-00 00:00:00'),(735,'las0410201425',23,250,'2016-09-04',NULL,3,0,0,' ','No','0000-00-00 00:00:00'),(736,'las0410201425',24,250,'2016-10-04',NULL,3,0,0,' ','No','0000-00-00 00:00:00'),(737,'las0410201425',101,1500,'2014-12-26',NULL,3,0,0,' ','Sí','0000-00-00 00:00:00'),(738,'las0410201425',102,1500,'2015-01-26',NULL,3,0,0,' ','Sí','0000-00-00 00:00:00'),(739,'las0410201425',103,1100,'2015-06-26',NULL,3,0,0,' ','Sí','0000-00-00 00:00:00'),(740,'las0410201425',104,1100,'2015-12-26',NULL,3,0,0,' ','Sí','0000-00-00 00:00:00'),(741,'las0410201425',105,1100,'2016-01-26',NULL,3,0,0,' ','Sí','0000-00-00 00:00:00'),(742,'las0410201425',106,1100,'2016-06-26',NULL,3,0,0,' ','Sí','0000-00-00 00:00:00'),(743,'las0410201425',107,1100,'2016-12-26',NULL,3,0,0,' ','Sí','0000-00-00 00:00:00'),(744,'las1110201402',101,1700,'2014-10-13','2014-10-14',3,3,1,'ayer 13/10/2014','Sí','0000-00-00 00:00:00'),(745,'las1110201402',102,1050,'2014-11-11',NULL,3,0,0,' ','Sí','0000-00-00 00:00:00'),(746,'las1110201402',103,1050,'2014-12-11',NULL,3,0,0,' ','Sí','0000-00-00 00:00:00'),(747,'las1110201403',1,220,'2014-11-11',NULL,3,0,0,' ','No','0000-00-00 00:00:00'),(748,'las1110201403',2,220,'2014-12-11',NULL,3,0,0,' ','No','0000-00-00 00:00:00'),(749,'las1110201403',3,220,'2015-01-11',NULL,3,0,0,' ','No','0000-00-00 00:00:00'),(750,'las1110201403',101,1700,'2014-10-13',NULL,3,0,0,' ','Sí','0000-00-00 00:00:00'),(751,'las1110201403',102,1050,'2014-11-11',NULL,3,0,0,' ','Sí','0000-00-00 00:00:00'),(752,'las1110201403',103,1050,'2014-12-11',NULL,3,0,0,' ','Sí','0000-00-00 00:00:00'),(753,'las111020140112',1,215,'2014-11-11',NULL,3,0,0,' ','No','0000-00-00 00:00:00'),(754,'las111020140112',2,215,'2014-12-11',NULL,3,0,0,' ','No','0000-00-00 00:00:00'),(755,'las111020140112',3,215,'2015-01-11',NULL,3,0,0,' ','No','0000-00-00 00:00:00'),(756,'las111020140112',4,215,'2015-02-11',NULL,3,0,0,' ','No','0000-00-00 00:00:00'),(757,'las111020140112',5,215,'2015-03-11',NULL,3,0,0,' ','No','0000-00-00 00:00:00'),(758,'las111020140112',6,215,'2015-04-11',NULL,3,0,0,' ','No','0000-00-00 00:00:00'),(759,'las111020140112',7,215,'2015-05-11',NULL,3,0,0,' ','No','0000-00-00 00:00:00'),(760,'las111020140112',8,215,'2015-06-11',NULL,3,0,0,' ','No','0000-00-00 00:00:00'),(761,'las111020140112',9,215,'2015-07-11',NULL,3,0,0,' ','No','0000-00-00 00:00:00'),(762,'las111020140112',10,215,'2015-08-11',NULL,3,0,0,' ','No','0000-00-00 00:00:00'),(763,'las111020140112',11,215,'2015-09-11',NULL,3,0,0,' ','No','0000-00-00 00:00:00'),(764,'las111020140112',12,215,'2015-10-11',NULL,3,0,0,' ','No','0000-00-00 00:00:00'),(765,'las111020140112',13,215,'2015-11-11',NULL,3,0,0,' ','No','0000-00-00 00:00:00'),(766,'las111020140112',14,215,'2015-12-11',NULL,3,0,0,' ','No','0000-00-00 00:00:00'),(767,'las111020140112',15,215,'2016-01-11',NULL,3,0,0,' ','No','0000-00-00 00:00:00'),(768,'LAS60102014033',1,440,'2014-11-06',NULL,3,0,0,' ','No','0000-00-00 00:00:00'),(769,'LAS60102014033',2,440,'2014-12-06',NULL,3,0,0,' ','No','0000-00-00 00:00:00'),(770,'LAS13/10/2014',1,6190,'2014-11-13','2014-10-15',3,3,2,'EL 13/10/2014','No','0000-00-00 00:00:00'),(771,'LAS14/10/2014',1,2000,'2014-11-14',NULL,3,0,0,' ','No','0000-00-00 00:00:00'),(772,'LAS14/10/2014',2,2000,'2014-12-14',NULL,3,0,0,' ','No','0000-00-00 00:00:00'),(773,'LAS14/10/2014',3,2000,'2015-01-14',NULL,3,0,0,' ','No','0000-00-00 00:00:00'),(774,'LAS14/10/2014',4,2000,'2015-02-14',NULL,3,0,0,' ','No','0000-00-00 00:00:00'),(775,'LAS14/10/2014',5,2000,'2015-03-14',NULL,3,0,0,' ','No','0000-00-00 00:00:00'),(776,'LAS14/10/2014',6,2000,'2015-04-14',NULL,3,0,0,' ','No','0000-00-00 00:00:00'),(777,'JR 2014-10-09',1,7200,'2014-11-09',NULL,8,0,0,' ','No','0000-00-00 00:00:00'),(778,'JR 2014-10-13',1,7490,'2014-11-13',NULL,8,0,0,' ','No','0000-00-00 00:00:00'),(779,'JR2 2014-10-06',1,11250,'2014-11-06',NULL,8,0,0,' ','No','0000-00-00 00:00:00'),(780,'JR 2014-10-10',1,21990,'2014-11-10',NULL,8,0,0,' ','No','0000-00-00 00:00:00'),(781,'JR 2014-10-17',1,16000,'2014-11-17',NULL,8,0,0,' ','No','0000-00-00 00:00:00'),(782,'JR 2014-10-15',1,6800,'2014-11-15',NULL,8,0,0,' ','No','0000-00-00 00:00:00'),(783,'JR 2014-10-21',1,195,'2014-11-21',NULL,8,0,0,' ','No','0000-00-00 00:00:00'),(784,'JR 2014-10-21',2,195,'2014-12-21',NULL,8,0,0,' ','No','0000-00-00 00:00:00'),(785,'JR 2014-10-21',3,195,'2015-01-21',NULL,8,0,0,' ','No','0000-00-00 00:00:00'),(786,'JR 2014-10-21',4,195,'2015-02-21',NULL,8,0,0,' ','No','0000-00-00 00:00:00'),(787,'JR 2014-10-21',5,195,'2015-03-21',NULL,8,0,0,' ','No','0000-00-00 00:00:00'),(788,'JR 2014-10-21',6,195,'2015-04-21',NULL,8,0,0,' ','No','0000-00-00 00:00:00'),(789,'JR 2014-10-21',7,195,'2015-05-21',NULL,8,0,0,' ','No','0000-00-00 00:00:00'),(790,'JR 2014-10-21',8,195,'2015-06-21',NULL,8,0,0,' ','No','0000-00-00 00:00:00'),(791,'JR 2014-10-21',9,195,'2015-07-21',NULL,8,0,0,' ','No','0000-00-00 00:00:00'),(792,'JR 2014-10-21',10,195,'2015-08-21',NULL,8,0,0,' ','No','0000-00-00 00:00:00'),(793,'JR 2014-10-21',11,195,'2015-09-21',NULL,8,0,0,' ','No','0000-00-00 00:00:00'),(794,'JR 2014-10-21',12,195,'2015-10-21',NULL,8,0,0,' ','No','0000-00-00 00:00:00'),(795,'JR 2014-10-21',13,195,'2015-11-21',NULL,8,0,0,' ','No','0000-00-00 00:00:00'),(796,'JR 2014-10-21',14,195,'2015-12-21',NULL,8,0,0,' ','No','0000-00-00 00:00:00'),(797,'JR 2014-10-21',15,195,'2016-01-21',NULL,8,0,0,' ','No','0000-00-00 00:00:00'),(798,'JR 2014-10-21',16,195,'2016-02-21',NULL,8,0,0,' ','No','0000-00-00 00:00:00'),(799,'JR 2014-10-21',17,195,'2016-03-21',NULL,8,0,0,' ','No','0000-00-00 00:00:00'),(800,'JR 2014-10-21',18,195,'2016-04-21',NULL,8,0,0,' ','No','0000-00-00 00:00:00'),(801,'JR 2014-10-21',19,195,'2016-05-21',NULL,8,0,0,' ','No','0000-00-00 00:00:00'),(802,'JR 2014-10-21',20,195,'2016-06-21',NULL,8,0,0,' ','No','0000-00-00 00:00:00'),(803,'JR 2014-10-21',21,195,'2016-07-21',NULL,8,0,0,' ','No','0000-00-00 00:00:00'),(804,'JR 2014-10-21',22,195,'2016-08-21',NULL,8,0,0,' ','No','0000-00-00 00:00:00'),(805,'JR 2014-10-21',23,195,'2016-09-21',NULL,8,0,0,' ','No','0000-00-00 00:00:00'),(806,'JR 2014-10-21',24,195,'2016-10-21',NULL,8,0,0,' ','No','0000-00-00 00:00:00'),(807,'JR 2014-10-21',101,1000,'2014-12-30',NULL,8,0,0,' ','Sí','0000-00-00 00:00:00'),(808,'JR 2014-10-21',102,1000,'2014-06-30',NULL,8,0,0,' ','Sí','0000-00-00 00:00:00'),(809,'JR 2014-10-20',1,255,'2014-11-20',NULL,8,0,0,' ','No','0000-00-00 00:00:00'),(810,'JR 2014-10-20',2,255,'2014-12-20',NULL,8,0,0,' ','No','0000-00-00 00:00:00'),(811,'JR 2014-10-20',3,255,'2015-01-20',NULL,8,0,0,' ','No','0000-00-00 00:00:00'),(812,'JR 2014-10-20',4,255,'2015-02-20',NULL,8,0,0,' ','No','0000-00-00 00:00:00'),(813,'JR 2014-10-20',5,255,'2015-03-20',NULL,8,0,0,' ','No','0000-00-00 00:00:00'),(814,'JR 2014-10-20',6,255,'2015-04-20',NULL,8,0,0,' ','No','0000-00-00 00:00:00'),(815,'JR 2014-10-20',7,255,'2015-05-20',NULL,8,0,0,' ','No','0000-00-00 00:00:00'),(816,'JR 2014-10-20',8,255,'2015-06-20',NULL,8,0,0,' ','No','0000-00-00 00:00:00'),(817,'JR 2014-10-20',9,255,'2015-07-20',NULL,8,0,0,' ','No','0000-00-00 00:00:00'),(818,'JR 2014-10-20',10,255,'2015-08-20',NULL,8,0,0,' ','No','0000-00-00 00:00:00'),(819,'JR 2014-10-20',11,255,'2015-09-20',NULL,8,0,0,' ','No','0000-00-00 00:00:00'),(820,'JR 2014-10-20',12,255,'2015-10-20',NULL,8,0,0,' ','No','0000-00-00 00:00:00'),(821,'JR 2014-10-20',13,255,'2015-11-20',NULL,8,0,0,' ','No','0000-00-00 00:00:00'),(822,'JR 2014-10-20',14,255,'2015-12-20',NULL,8,0,0,' ','No','0000-00-00 00:00:00'),(823,'JR 2014-10-20',15,255,'2016-01-20',NULL,8,0,0,' ','No','0000-00-00 00:00:00'),(824,'JR 2014-10-20',101,500,'2014-10-30',NULL,8,0,0,' ','Sí','0000-00-00 00:00:00'),(825,'JR 2 2014-10-09',1,550,'2014-11-09',NULL,8,0,0,' ','No','0000-00-00 00:00:00'),(826,'JR 2 2014-10-09',2,550,'2014-12-09',NULL,8,0,0,' ','No','0000-00-00 00:00:00'),(827,'JR 2 2014-10-09',3,550,'2015-01-09',NULL,8,0,0,' ','No','0000-00-00 00:00:00'),(828,'JR 2 2014-10-09',4,550,'2015-02-09',NULL,8,0,0,' ','No','0000-00-00 00:00:00'),(829,'JR 2 2014-10-09',5,550,'2015-03-09',NULL,8,0,0,' ','No','0000-00-00 00:00:00'),(830,'JR 2 2014-10-09',6,550,'2015-04-09',NULL,8,0,0,' ','No','0000-00-00 00:00:00'),(831,'JR 2 2014-10-09',7,550,'2015-05-09',NULL,8,0,0,' ','No','0000-00-00 00:00:00'),(832,'JR 2 2014-10-09',8,550,'2015-06-09',NULL,8,0,0,' ','No','0000-00-00 00:00:00'),(833,'JR 2 2014-10-09',9,550,'2015-07-09',NULL,8,0,0,' ','No','0000-00-00 00:00:00'),(834,'JR 2 2014-10-09',10,550,'2015-08-09',NULL,8,0,0,' ','No','0000-00-00 00:00:00'),(835,'JR 2 2014-10-09',11,550,'2015-09-09',NULL,8,0,0,' ','No','0000-00-00 00:00:00'),(836,'JR 2 2014-10-09',12,550,'2015-10-09',NULL,8,0,0,' ','No','0000-00-00 00:00:00'),(837,'JR 2 2014-10-09',13,550,'2015-11-09',NULL,8,0,0,' ','No','0000-00-00 00:00:00'),(838,'JR 2 2014-10-09',14,550,'2015-12-09',NULL,8,0,0,' ','No','0000-00-00 00:00:00'),(839,'JR 2 2014-10-09',15,550,'2016-01-09',NULL,8,0,0,' ','No','0000-00-00 00:00:00'),(840,'JR 2 2014-10-09',16,550,'2016-02-09',NULL,8,0,0,' ','No','0000-00-00 00:00:00'),(841,'JR 2 2014-10-09',17,550,'2016-03-09',NULL,8,0,0,' ','No','0000-00-00 00:00:00'),(842,'JR 2 2014-10-09',18,550,'2016-04-09',NULL,8,0,0,' ','No','0000-00-00 00:00:00'),(843,'JR 2 2014-10-09',19,550,'2016-05-09',NULL,8,0,0,' ','No','0000-00-00 00:00:00'),(844,'JR 2 2014-10-09',20,550,'2016-06-09',NULL,8,0,0,' ','No','0000-00-00 00:00:00'),(845,'JR 2 2014-10-09',21,550,'2016-07-09',NULL,8,0,0,' ','No','0000-00-00 00:00:00'),(846,'JR 2 2014-10-09',22,550,'2016-08-09',NULL,8,0,0,' ','No','0000-00-00 00:00:00'),(847,'JR 2 2014-10-09',23,550,'2016-09-09',NULL,8,0,0,' ','No','0000-00-00 00:00:00'),(848,'JR 2 2014-10-09',24,550,'2016-10-09',NULL,8,0,0,' ','No','0000-00-00 00:00:00'),(849,'JR 2 2014-10-09',101,500,'2014-10-30',NULL,8,0,0,' ','Sí','0000-00-00 00:00:00'),(850,'JR 2 2014-10-10',1,21990,'2014-11-10',NULL,8,0,0,' ','No','0000-00-00 00:00:00'),(851,'las21102014',101,2500,'2014-12-21',NULL,3,0,0,' ','Sí','0000-00-00 00:00:00'),(852,'las21102014',102,2500,'2015-02-21',NULL,3,0,0,' ','Sí','0000-00-00 00:00:00'),(853,'LAS27092014',1,130,'2014-10-27',NULL,1,0,0,' ','No','0000-00-00 00:00:00'),(854,'LAS27092014',2,130,'2014-11-27',NULL,1,0,0,' ','No','0000-00-00 00:00:00'),(855,'LAS27092014',3,130,'2014-12-27',NULL,1,0,0,' ','No','0000-00-00 00:00:00'),(856,'LAS20102014',1,115,'2014-11-20',NULL,1,0,0,' ','No','0000-00-00 00:00:00'),(857,'LAS20102014',2,115,'2014-12-20',NULL,1,0,0,' ','No','0000-00-00 00:00:00'),(858,'LAS20102014',3,115,'2015-01-20',NULL,1,0,0,' ','No','0000-00-00 00:00:00'),(859,'LAS20102014',4,115,'2015-02-20',NULL,1,0,0,' ','No','0000-00-00 00:00:00'),(860,'LAS20102014',5,115,'2015-03-20',NULL,1,0,0,' ','No','0000-00-00 00:00:00'),(861,'LAS23102014',1,500,'2014-11-23',NULL,1,0,0,' ','No','0000-00-00 00:00:00'),(862,'16102014',1,14490,'2014-11-16',NULL,1,0,0,' ','No','0000-00-00 00:00:00'),(863,'las25102014',1,250,'2014-11-25',NULL,1,0,0,' ','No','0000-00-00 00:00:00'),(864,'LAS27102014',1,5490,'2014-11-27','2014-10-28',3,3,1,'AYER 27/10/2014','No','0000-00-00 00:00:00'),(865,'JR 2014-10-27',1,235,'2014-11-27',NULL,8,0,0,' ','No','0000-00-00 00:00:00'),(866,'JR 2014-10-27',2,235,'2014-12-27',NULL,8,0,0,' ','No','0000-00-00 00:00:00'),(867,'JR 2014-10-27',3,235,'2015-01-27',NULL,8,0,0,' ','No','0000-00-00 00:00:00'),(868,'JR 2014-10-27',4,235,'2015-02-27',NULL,8,0,0,' ','No','0000-00-00 00:00:00'),(869,'JR 2014-10-27',5,235,'2015-03-27',NULL,8,0,0,' ','No','0000-00-00 00:00:00'),(870,'JR 2014-10-27',6,235,'2015-04-27',NULL,8,0,0,' ','No','0000-00-00 00:00:00'),(871,'JR 2014-10-27',7,235,'2015-05-27',NULL,8,0,0,' ','No','0000-00-00 00:00:00'),(872,'JR 2014-10-27',8,235,'2015-06-27',NULL,8,0,0,' ','No','0000-00-00 00:00:00'),(873,'JR 2014-10-27',9,235,'2015-07-27',NULL,8,0,0,' ','No','0000-00-00 00:00:00'),(874,'JR 2014-10-27',10,235,'2015-08-27',NULL,8,0,0,' ','No','0000-00-00 00:00:00'),(875,'JR 2014-10-27',11,235,'2015-09-27',NULL,8,0,0,' ','No','0000-00-00 00:00:00'),(876,'JR 2014-10-27',12,235,'2015-10-27',NULL,8,0,0,' ','No','0000-00-00 00:00:00'),(877,'JR 2014-10-27',13,235,'2015-11-27',NULL,8,0,0,' ','No','0000-00-00 00:00:00'),(878,'JR 2014-10-27',14,235,'2015-12-27',NULL,8,0,0,' ','No','0000-00-00 00:00:00'),(879,'JR 2014-10-27',15,235,'2016-01-27',NULL,8,0,0,' ','No','0000-00-00 00:00:00'),(880,'JR 2014-10-27',16,235,'2016-02-27',NULL,8,0,0,' ','No','0000-00-00 00:00:00'),(881,'JR 2014-10-27',17,235,'2016-03-27',NULL,8,0,0,' ','No','0000-00-00 00:00:00'),(882,'JR 2014-10-27',18,235,'2016-04-27',NULL,8,0,0,' ','No','0000-00-00 00:00:00'),(883,'JR 2014-10-27',19,235,'2016-05-27',NULL,8,0,0,' ','No','0000-00-00 00:00:00'),(884,'JR 2014-10-27',20,235,'2016-06-27',NULL,8,0,0,' ','No','0000-00-00 00:00:00'),(885,'JR 2014-10-27',21,235,'2016-07-27',NULL,8,0,0,' ','No','0000-00-00 00:00:00'),(886,'JR 2014-10-27',22,235,'2016-08-27',NULL,8,0,0,' ','No','0000-00-00 00:00:00'),(887,'JR 2014-10-27',23,235,'2016-09-27',NULL,8,0,0,' ','No','0000-00-00 00:00:00'),(888,'JR 2014-10-27',24,235,'2016-10-27',NULL,8,0,0,' ','No','0000-00-00 00:00:00'),(889,'JR 2014-10-27',101,1000,'2014-11-25',NULL,8,0,0,' ','Sí','0000-00-00 00:00:00'),(890,'JR 2014-10-27',102,1000,'2014-12-26',NULL,8,0,0,' ','Sí','0000-00-00 00:00:00'),(891,'JR 2014-10-27',103,1000,'2015-01-25',NULL,8,0,0,' ','Sí','0000-00-00 00:00:00'),(892,'JR2 2014-10-27',1,10000,'2014-11-27',NULL,8,0,0,' ','No','0000-00-00 00:00:00'),(893,'LAS/2510201456',101,150,'2014-12-25',NULL,3,0,0,' ','Sí','0000-00-00 00:00:00'),(894,'LAS/2510201456',102,150,'2015-01-25',NULL,3,0,0,' ','Sí','0000-00-00 00:00:00'),(895,'LAS/2510201456',103,150,'2015-02-25',NULL,3,0,0,' ','Sí','0000-00-00 00:00:00'),(896,'las/2309201452',1,200,'2014-10-23',NULL,3,0,0,' ','No','0000-00-00 00:00:00'),(897,'las/2309201452',2,200,'2014-11-23',NULL,3,0,0,' ','No','0000-00-00 00:00:00'),(898,'las/2309201452',3,200,'2014-12-23',NULL,3,0,0,' ','No','0000-00-00 00:00:00'),(899,'las/2309201452',4,200,'2015-01-23',NULL,3,0,0,' ','No','0000-00-00 00:00:00'),(900,'las/2309201452',5,200,'2015-02-23',NULL,3,0,0,' ','No','0000-00-00 00:00:00'),(901,'las/2309201452',6,200,'2015-03-23',NULL,3,0,0,' ','No','0000-00-00 00:00:00'),(902,'las/2309201452',7,200,'2015-04-23',NULL,3,0,0,' ','No','0000-00-00 00:00:00'),(903,'las/2309201452',8,200,'2015-05-23',NULL,3,0,0,' ','No','0000-00-00 00:00:00'),(904,'las/2309201452',9,200,'2015-06-23',NULL,3,0,0,' ','No','0000-00-00 00:00:00'),(905,'las/2309201452',10,200,'2015-07-23',NULL,3,0,0,' ','No','0000-00-00 00:00:00'),(906,'las/2309201452',11,200,'2015-08-23',NULL,3,0,0,' ','No','0000-00-00 00:00:00'),(907,'las/2309201452',12,200,'2015-09-23',NULL,3,0,0,' ','No','0000-00-00 00:00:00'),(908,'las/2309201452',13,200,'2015-10-23',NULL,3,0,0,' ','No','0000-00-00 00:00:00'),(909,'las/2309201452',14,200,'2015-11-23',NULL,3,0,0,' ','No','0000-00-00 00:00:00'),(910,'las/2309201452',15,200,'2015-12-23',NULL,3,0,0,' ','No','0000-00-00 00:00:00'),(911,'las/2309201452',16,200,'2016-01-23',NULL,3,0,0,' ','No','0000-00-00 00:00:00'),(912,'las/2309201452',17,200,'2016-02-23',NULL,3,0,0,' ','No','0000-00-00 00:00:00'),(913,'las/2309201452',18,200,'2016-03-23',NULL,3,0,0,' ','No','0000-00-00 00:00:00'),(914,'las/2309201452',19,200,'2016-04-23',NULL,3,0,0,' ','No','0000-00-00 00:00:00'),(915,'las/2309201452',20,200,'2016-05-23',NULL,3,0,0,' ','No','0000-00-00 00:00:00'),(916,'las/2309201452',21,200,'2016-06-23',NULL,3,0,0,' ','No','0000-00-00 00:00:00'),(917,'las/2309201452',22,200,'2016-07-23',NULL,3,0,0,' ','No','0000-00-00 00:00:00'),(918,'las/2309201452',23,200,'2016-08-23',NULL,3,0,0,' ','No','0000-00-00 00:00:00'),(919,'las/2309201452',24,200,'2016-09-23',NULL,3,0,0,' ','No','0000-00-00 00:00:00'),(920,'las/251020145632',1,220,'2014-11-25','2014-11-20',3,1,1,'','No','0000-00-00 00:00:00'),(921,'las/251020145632',2,220,'2014-12-25',NULL,3,0,0,' ','No','0000-00-00 00:00:00'),(922,'las/251020145632',3,220,'2015-01-25',NULL,3,0,0,' ','No','0000-00-00 00:00:00'),(923,'las/251020145632',4,220,'2015-02-25',NULL,3,0,0,' ','No','0000-00-00 00:00:00'),(924,'las/251020145632',5,220,'2015-03-25',NULL,3,0,0,' ','No','0000-00-00 00:00:00'),(925,'LAS/31/10/2014',1,7890,'2014-11-30',NULL,3,0,0,' ','No','0000-00-00 00:00:00'),(926,'JR1 2014-11-27',1,18690,'2014-12-27',NULL,8,0,0,' ','No','0000-00-00 00:00:00'),(927,'LAS01112014',101,700,'2014-11-02',NULL,3,0,0,' ','Sí','0000-00-00 00:00:00'),(928,'LAS01112014',102,700,'2014-12-05',NULL,3,0,0,' ','Sí','0000-00-00 00:00:00'),(929,'LAS/3010/2014',1,175,'2014-12-30',NULL,3,0,0,' ','No','0000-00-00 00:00:00'),(930,'LAS/3010/2014',2,175,'2015-01-30',NULL,3,0,0,' ','No','0000-00-00 00:00:00'),(931,'LAS/3010/2014',3,175,'2015-02-28',NULL,3,0,0,' ','No','0000-00-00 00:00:00'),(932,'LAS/3010/2014',4,175,'2015-03-28',NULL,3,0,0,' ','No','0000-00-00 00:00:00'),(933,'LAS/3010/2014',5,175,'2015-04-28',NULL,3,0,0,' ','No','0000-00-00 00:00:00'),(934,'LAS/3010/2014',6,175,'2015-05-28',NULL,3,0,0,' ','No','0000-00-00 00:00:00'),(935,'LAS/01112014',1,65,'2014-12-01',NULL,3,0,0,' ','No','0000-00-00 00:00:00'),(936,'LAS/01112014',2,65,'2015-01-01',NULL,3,0,0,' ','No','0000-00-00 00:00:00'),(937,'LAS/01112014',3,65,'2015-02-01',NULL,3,0,0,' ','No','0000-00-00 00:00:00'),(938,'LAS/01112014',4,65,'2015-03-01',NULL,3,0,0,' ','No','0000-00-00 00:00:00'),(939,'LAS/01112014',5,65,'2015-04-01',NULL,3,0,0,' ','No','0000-00-00 00:00:00'),(940,'LAS/01112014',6,65,'2015-05-01',NULL,3,0,0,' ','No','0000-00-00 00:00:00'),(941,'LAS/01112014',7,65,'2015-06-01',NULL,3,0,0,' ','No','0000-00-00 00:00:00'),(942,'LAS/01112014',8,65,'2015-07-01',NULL,3,0,0,' ','No','0000-00-00 00:00:00'),(943,'LAS/01112014',9,65,'2015-08-01',NULL,3,0,0,' ','No','0000-00-00 00:00:00'),(944,'LAS/01112014',10,65,'2015-09-01',NULL,3,0,0,' ','No','0000-00-00 00:00:00'),(945,'LAS/01112014',11,65,'2015-10-01',NULL,3,0,0,' ','No','0000-00-00 00:00:00'),(946,'LAS/01112014',12,65,'2015-11-01',NULL,3,0,0,' ','No','0000-00-00 00:00:00'),(947,'JR 2 2014-11-27',1,100,'2014-12-27',NULL,8,0,0,' ','No','0000-00-00 00:00:00'),(948,'JR 2 2014-11-27',2,100,'2015-01-27',NULL,8,0,0,' ','No','0000-00-00 00:00:00'),(949,'JR 2 2014-11-27',3,100,'2015-02-27',NULL,8,0,0,' ','No','0000-00-00 00:00:00'),(950,'JR 2 2014-11-27',4,100,'2015-03-27',NULL,8,0,0,' ','No','0000-00-00 00:00:00'),(951,'JR 2 2014-11-27',5,100,'2015-04-27',NULL,8,0,0,' ','No','0000-00-00 00:00:00'),(952,'JR 2 2014-11-27',6,100,'2015-05-27',NULL,8,0,0,' ','No','0000-00-00 00:00:00'),(953,'JR 2 2014-11-27',7,100,'2015-06-27',NULL,8,0,0,' ','No','0000-00-00 00:00:00'),(954,'JR 2 2014-11-27',8,100,'2015-07-27',NULL,8,0,0,' ','No','0000-00-00 00:00:00'),(955,'JR 2 2014-11-27',9,100,'2015-08-27',NULL,8,0,0,' ','No','0000-00-00 00:00:00'),(956,'JR 2 2014-11-27',10,100,'2015-09-27',NULL,8,0,0,' ','No','0000-00-00 00:00:00'),(957,'JR 2 2014-11-27',11,100,'2015-10-27',NULL,8,0,0,' ','No','0000-00-00 00:00:00'),(958,'JR 2 2014-11-27',12,100,'2015-11-27',NULL,8,0,0,' ','No','0000-00-00 00:00:00'),(959,'JR 2 2014-11-27',13,100,'2015-12-27',NULL,8,0,0,' ','No','0000-00-00 00:00:00'),(960,'JR 2 2014-11-27',14,100,'2016-01-27',NULL,8,0,0,' ','No','0000-00-00 00:00:00'),(961,'JR 2 2014-11-27',15,100,'2016-02-27',NULL,8,0,0,' ','No','0000-00-00 00:00:00'),(962,'JR 2 2014-11-27',16,100,'2016-03-27',NULL,8,0,0,' ','No','0000-00-00 00:00:00'),(963,'JR 2 2014-11-27',17,100,'2016-04-27',NULL,8,0,0,' ','No','0000-00-00 00:00:00'),(964,'JR 2 2014-11-27',18,100,'2016-05-27',NULL,8,0,0,' ','No','0000-00-00 00:00:00'),(965,'LAS/04112014',1,600,'2014-12-04','2014-11-05',3,3,1,'AYER 4/11/2014','No','0000-00-00 00:00:00'),(966,'LAS/041120140',1,3000,'2014-12-04','2014-11-17',1,1,1,'4/11/2014','No','0000-00-00 00:00:00'),(967,'LAS/0711/2014',1,650,'2014-12-07','2014-11-17',1,1,1,'07/11/2014','No','0000-00-00 00:00:00'),(968,'LAS/08112014',1,340,'2014-12-08',NULL,1,0,0,' ','No','0000-00-00 00:00:00'),(969,'LAS/08112014',2,340,'2015-01-08',NULL,1,0,0,' ','No','0000-00-00 00:00:00'),(970,'LAS/08112014',3,340,'2015-02-08',NULL,1,0,0,' ','No','0000-00-00 00:00:00'),(971,'LAS/08112014',4,340,'2015-03-08',NULL,1,0,0,' ','No','0000-00-00 00:00:00'),(972,'LAS/08112014',5,340,'2015-04-08',NULL,1,0,0,' ','No','0000-00-00 00:00:00'),(973,'LAS/08112014',6,340,'2015-05-08',NULL,1,0,0,' ','No','0000-00-00 00:00:00'),(974,'LAS/08112014',7,340,'2015-06-08',NULL,1,0,0,' ','No','0000-00-00 00:00:00'),(975,'LAS/08112014',8,340,'2015-07-08',NULL,1,0,0,' ','No','0000-00-00 00:00:00'),(976,'LAS/08112014',9,340,'2015-08-08',NULL,1,0,0,' ','No','0000-00-00 00:00:00'),(977,'LAS/08112014',10,340,'2015-09-08',NULL,1,0,0,' ','No','0000-00-00 00:00:00'),(978,'LAS/08112014',11,340,'2015-10-08',NULL,1,0,0,' ','No','0000-00-00 00:00:00'),(979,'LAS/08112014',12,340,'2015-11-08',NULL,1,0,0,' ','No','0000-00-00 00:00:00'),(980,'LAS/08112014',13,340,'2015-12-08',NULL,1,0,0,' ','No','0000-00-00 00:00:00'),(981,'LAS/08112014',14,340,'2016-01-08',NULL,1,0,0,' ','No','0000-00-00 00:00:00'),(982,'LAS/08112014',15,340,'2016-02-08',NULL,1,0,0,' ','No','0000-00-00 00:00:00'),(983,'LAS/08112014',16,340,'2016-03-08',NULL,1,0,0,' ','No','0000-00-00 00:00:00'),(984,'LAS/08112014',17,340,'2016-04-08',NULL,1,0,0,' ','No','0000-00-00 00:00:00'),(985,'LAS/08112014',18,340,'2016-05-08',NULL,1,0,0,' ','No','0000-00-00 00:00:00'),(986,'LAS/08112014',19,340,'2016-06-08',NULL,1,0,0,' ','No','0000-00-00 00:00:00'),(987,'LAS/08112014',20,340,'2016-07-08',NULL,1,0,0,' ','No','0000-00-00 00:00:00'),(988,'LAS/08112014',21,340,'2016-08-08',NULL,1,0,0,' ','No','0000-00-00 00:00:00'),(989,'LAS/08112014',22,340,'2016-09-08',NULL,1,0,0,' ','No','0000-00-00 00:00:00'),(990,'LAS/08112014',23,340,'2016-10-08',NULL,1,0,0,' ','No','0000-00-00 00:00:00'),(991,'LAS/08112014',24,340,'2016-11-08',NULL,1,0,0,' ','No','0000-00-00 00:00:00'),(992,'LAS/08112014',101,2000,'2014-11-21',NULL,1,0,0,' ','Sí','0000-00-00 00:00:00'),(993,'las/0811201401',1,500,'2014-12-08',NULL,1,0,0,' ','No','0000-00-00 00:00:00'),(994,'LAS/10/11/2014',1,13390,'2014-12-10','2014-11-18',1,1,2,'10/11/2014','No','0000-00-00 00:00:00'),(995,'LAS/1011201458',1,5000,'2014-12-10','2014-11-18',1,1,2,'10/11/2014','No','0000-00-00 00:00:00'),(996,'las/13112014',1,280,'2014-12-13',NULL,3,0,0,' ','No','0000-00-00 00:00:00'),(997,'las/13112014',2,280,'2015-01-13',NULL,3,0,0,' ','No','0000-00-00 00:00:00'),(998,'las/13112014',3,280,'2015-02-13',NULL,3,0,0,' ','No','0000-00-00 00:00:00'),(999,'las/13112014',4,280,'2015-03-13',NULL,3,0,0,' ','No','0000-00-00 00:00:00'),(1000,'las/13112014',5,280,'2015-04-13',NULL,3,0,0,' ','No','0000-00-00 00:00:00'),(1001,'las/13112014',6,280,'2015-05-13',NULL,3,0,0,' ','No','0000-00-00 00:00:00'),(1002,'las/13112014',7,280,'2015-06-13',NULL,3,0,0,' ','No','0000-00-00 00:00:00'),(1003,'las/13112014',8,280,'2015-07-13',NULL,3,0,0,' ','No','0000-00-00 00:00:00'),(1004,'las/13112014',9,280,'2015-08-13',NULL,3,0,0,' ','No','0000-00-00 00:00:00'),(1005,'las/13112014',10,280,'2015-09-13',NULL,3,0,0,' ','No','0000-00-00 00:00:00'),(1006,'las/13112014',11,280,'2015-10-13',NULL,3,0,0,' ','No','0000-00-00 00:00:00'),(1007,'las/13112014',12,280,'2015-11-13',NULL,3,0,0,' ','No','0000-00-00 00:00:00'),(1008,'las/13112014',13,280,'2015-12-13',NULL,3,0,0,' ','No','0000-00-00 00:00:00'),(1009,'las/13112014',14,280,'2016-01-13',NULL,3,0,0,' ','No','0000-00-00 00:00:00'),(1010,'las/13112014',15,280,'2016-02-13',NULL,3,0,0,' ','No','0000-00-00 00:00:00'),(1011,'las/13112014',101,1000,'2014-12-12',NULL,3,0,0,' ','Sí','0000-00-00 00:00:00'),(1012,'las/13/11/2014',1,425,'2014-12-13',NULL,3,0,0,' ','No','0000-00-00 00:00:00'),(1013,'las/13/11/2014',2,425,'2015-01-13',NULL,3,0,0,' ','No','0000-00-00 00:00:00'),(1014,'las/13/11/2014',3,425,'2015-02-13',NULL,3,0,0,' ','No','0000-00-00 00:00:00'),(1015,'las/13/11/2014',4,425,'2015-03-13',NULL,3,0,0,' ','No','0000-00-00 00:00:00'),(1016,'las/13/11/2014',5,425,'2015-04-13',NULL,3,0,0,' ','No','0000-00-00 00:00:00'),(1017,'las/13/11/2014',6,425,'2015-05-13',NULL,3,0,0,' ','No','0000-00-00 00:00:00'),(1018,'las/13/11/2014',7,425,'2015-06-13',NULL,3,0,0,' ','No','0000-00-00 00:00:00'),(1019,'las/13/11/2014',8,425,'2015-07-13',NULL,3,0,0,' ','No','0000-00-00 00:00:00'),(1020,'las/13/11/2014',9,425,'2015-08-13',NULL,3,0,0,' ','No','0000-00-00 00:00:00'),(1021,'las/13/11/2014',10,425,'2015-09-13',NULL,3,0,0,' ','No','0000-00-00 00:00:00'),(1022,'las/13/11/2014',11,425,'2015-10-13',NULL,3,0,0,' ','No','0000-00-00 00:00:00'),(1023,'las/13/11/2014',12,425,'2015-11-13',NULL,3,0,0,' ','No','0000-00-00 00:00:00'),(1024,'las/13/11/2014',13,425,'2015-12-13',NULL,3,0,0,' ','No','0000-00-00 00:00:00'),(1025,'las/13/11/2014',14,425,'2016-01-13',NULL,3,0,0,' ','No','0000-00-00 00:00:00'),(1026,'las/13/11/2014',15,425,'2016-02-13',NULL,3,0,0,' ','No','0000-00-00 00:00:00'),(1027,'las/13/11/2014',16,425,'2016-03-13',NULL,3,0,0,' ','No','0000-00-00 00:00:00'),(1028,'las/13/11/2014',17,425,'2016-04-13',NULL,3,0,0,' ','No','0000-00-00 00:00:00'),(1029,'las/13/11/2014',18,425,'2016-05-13',NULL,3,0,0,' ','No','0000-00-00 00:00:00'),(1030,'las/13/11/2014',19,425,'2016-06-13',NULL,3,0,0,' ','No','0000-00-00 00:00:00'),(1031,'las/13/11/2014',20,425,'2016-07-13',NULL,3,0,0,' ','No','0000-00-00 00:00:00'),(1032,'las/13/11/2014',21,425,'2016-08-13',NULL,3,0,0,' ','No','0000-00-00 00:00:00'),(1033,'las/13/11/2014',22,425,'2016-09-13',NULL,3,0,0,' ','No','0000-00-00 00:00:00'),(1034,'las/13/11/2014',23,425,'2016-10-13',NULL,3,0,0,' ','No','0000-00-00 00:00:00'),(1035,'las/13/11/2014',24,425,'2016-11-13',NULL,3,0,0,' ','No','0000-00-00 00:00:00'),(1036,'las/1311201424',1,8400,'2014-12-13',NULL,3,0,0,' ','No','0000-00-00 00:00:00'),(1037,'las/1311201424',2,8400,'2015-01-13',NULL,3,0,0,' ','No','0000-00-00 00:00:00'),(1038,'las/1311201424',3,8400,'2015-02-13',NULL,3,0,0,' ','No','0000-00-00 00:00:00'),(1039,'las/1311201424',4,8400,'2015-03-13',NULL,3,0,0,' ','No','0000-00-00 00:00:00'),(1040,'las/1311201424',5,8400,'2015-04-13',NULL,3,0,0,' ','No','0000-00-00 00:00:00'),(1041,'las/1311201424',6,8400,'2015-05-13',NULL,3,0,0,' ','No','0000-00-00 00:00:00'),(1042,'las/1311201424',7,8400,'2015-06-13',NULL,3,0,0,' ','No','0000-00-00 00:00:00'),(1043,'las/1311201424',8,8400,'2015-07-13',NULL,3,0,0,' ','No','0000-00-00 00:00:00'),(1044,'las/1311201424',9,8400,'2015-08-13',NULL,3,0,0,' ','No','0000-00-00 00:00:00'),(1045,'las/1311201424',10,8400,'2015-09-13',NULL,3,0,0,' ','No','0000-00-00 00:00:00'),(1046,'las/1311201424',11,8400,'2015-10-13',NULL,3,0,0,' ','No','0000-00-00 00:00:00'),(1047,'las/1311201424',12,8400,'2015-11-13',NULL,3,0,0,' ','No','0000-00-00 00:00:00'),(1048,'las/1311201424',13,8400,'2015-12-13',NULL,3,0,0,' ','No','0000-00-00 00:00:00'),(1049,'las/1311201424',14,8400,'2016-01-13',NULL,3,0,0,' ','No','0000-00-00 00:00:00'),(1050,'las/1311201424',15,8400,'2016-02-13',NULL,3,0,0,' ','No','0000-00-00 00:00:00'),(1051,'las/1311201424',16,8400,'2016-03-13',NULL,3,0,0,' ','No','0000-00-00 00:00:00'),(1052,'las/1311201424',17,8400,'2016-04-13',NULL,3,0,0,' ','No','0000-00-00 00:00:00'),(1053,'las/1311201424',18,8400,'2016-05-13',NULL,3,0,0,' ','No','0000-00-00 00:00:00'),(1054,'las/1311201424',19,8400,'2016-06-13',NULL,3,0,0,' ','No','0000-00-00 00:00:00'),(1055,'las/1311201424',20,8400,'2016-07-13',NULL,3,0,0,' ','No','0000-00-00 00:00:00'),(1056,'las/1311201424',21,8400,'2016-08-13',NULL,3,0,0,' ','No','0000-00-00 00:00:00'),(1057,'las/1311201424',22,8400,'2016-09-13',NULL,3,0,0,' ','No','0000-00-00 00:00:00'),(1058,'las/1311201424',23,8400,'2016-10-13',NULL,3,0,0,' ','No','0000-00-00 00:00:00'),(1059,'las/1311201424',24,8400,'2016-11-13',NULL,3,0,0,' ','No','0000-00-00 00:00:00'),(1060,'LAS/1311201424568',1,260,'2014-12-13',NULL,3,0,0,' ','No','0000-00-00 00:00:00'),(1061,'LAS/1311201424568',2,260,'2015-01-13',NULL,3,0,0,' ','No','0000-00-00 00:00:00'),(1062,'LAS/1311201424568',3,260,'2015-02-13',NULL,3,0,0,' ','No','0000-00-00 00:00:00'),(1063,'LAS/1311201424568',4,260,'2015-03-13',NULL,3,0,0,' ','No','0000-00-00 00:00:00'),(1064,'LAS/1311201424568',5,260,'2015-04-13',NULL,3,0,0,' ','No','0000-00-00 00:00:00'),(1065,'LAS/1311201424568',6,260,'2015-05-13',NULL,3,0,0,' ','No','0000-00-00 00:00:00'),(1066,'LAS/1311201424568',7,260,'2015-06-13',NULL,3,0,0,' ','No','0000-00-00 00:00:00'),(1067,'LAS/1311201424568',8,260,'2015-07-13',NULL,3,0,0,' ','No','0000-00-00 00:00:00'),(1068,'LAS/1311201424568',9,260,'2015-08-13',NULL,3,0,0,' ','No','0000-00-00 00:00:00'),(1069,'LAS/1311201424568',10,260,'2015-09-13',NULL,3,0,0,' ','No','0000-00-00 00:00:00'),(1070,'LAS/1311201424568',11,260,'2015-10-13',NULL,3,0,0,' ','No','0000-00-00 00:00:00'),(1071,'LAS/1311201424568',12,260,'2015-11-13',NULL,3,0,0,' ','No','0000-00-00 00:00:00'),(1072,'LAS/14112014',1,4000,'2014-12-14',NULL,3,0,0,' ','No','0000-00-00 00:00:00'),(1073,'LAS/15112014',1,260,'2014-12-15',NULL,3,0,0,' ','No','0000-00-00 00:00:00'),(1074,'LAS/15112014',2,260,'2015-01-15',NULL,3,0,0,' ','No','0000-00-00 00:00:00'),(1075,'LAS/15112014',3,260,'2015-02-15',NULL,3,0,0,' ','No','0000-00-00 00:00:00'),(1076,'LAS/15112014',4,260,'2015-03-15',NULL,3,0,0,' ','No','0000-00-00 00:00:00'),(1077,'LAS/15112014',5,260,'2015-04-15',NULL,3,0,0,' ','No','0000-00-00 00:00:00'),(1078,'LAS/15112014',6,260,'2015-05-15',NULL,3,0,0,' ','No','0000-00-00 00:00:00'),(1079,'LAS/15112014',7,260,'2015-06-15',NULL,3,0,0,' ','No','0000-00-00 00:00:00'),(1080,'LAS/15112014',8,260,'2015-07-15',NULL,3,0,0,' ','No','0000-00-00 00:00:00'),(1081,'LAS/15112014',9,260,'2015-08-15',NULL,3,0,0,' ','No','0000-00-00 00:00:00'),(1082,'LAS/15112014',10,260,'2015-09-15',NULL,3,0,0,' ','No','0000-00-00 00:00:00'),(1083,'LAS/15112014',11,260,'2015-10-15',NULL,3,0,0,' ','No','0000-00-00 00:00:00'),(1084,'LAS/15112014',12,260,'2015-11-15',NULL,3,0,0,' ','No','0000-00-00 00:00:00'),(1085,'LAS/15112014',13,260,'2015-12-15',NULL,3,0,0,' ','No','0000-00-00 00:00:00'),(1086,'LAS/15112014',14,260,'2016-01-15',NULL,3,0,0,' ','No','0000-00-00 00:00:00'),(1087,'LAS/15112014',15,260,'2016-02-15',NULL,3,0,0,' ','No','0000-00-00 00:00:00'),(1088,'LAS/15112014',16,260,'2016-03-15',NULL,3,0,0,' ','No','0000-00-00 00:00:00'),(1089,'LAS/15112014',17,260,'2016-04-15',NULL,3,0,0,' ','No','0000-00-00 00:00:00'),(1090,'LAS/15112014',18,260,'2016-05-15',NULL,3,0,0,' ','No','0000-00-00 00:00:00'),(1091,'LAS/15112014',19,260,'2016-06-15',NULL,3,0,0,' ','No','0000-00-00 00:00:00'),(1092,'LAS/15112014',20,260,'2016-07-15',NULL,3,0,0,' ','No','0000-00-00 00:00:00'),(1093,'LAS/15112014',21,260,'2016-08-15',NULL,3,0,0,' ','No','0000-00-00 00:00:00'),(1094,'LAS/15112014',22,260,'2016-09-15',NULL,3,0,0,' ','No','0000-00-00 00:00:00'),(1095,'LAS/15112014',23,260,'2016-10-15',NULL,3,0,0,' ','No','0000-00-00 00:00:00'),(1096,'LAS/15112014',24,260,'2016-11-15',NULL,3,0,0,' ','No','0000-00-00 00:00:00'),(1097,'LAS/17/11/14',1,175,'2014-12-17',NULL,3,0,0,' ','No','0000-00-00 00:00:00'),(1098,'LAS/17/11/14',2,175,'2015-01-17',NULL,3,0,0,' ','No','0000-00-00 00:00:00'),(1099,'las18/112014',1,300,'2014-12-18',NULL,3,0,0,' ','No','0000-00-00 00:00:00'),(1100,'LAS/20112014',1,1,'2014-12-20',NULL,1,0,0,' ','No','0000-00-00 00:00:00'),(1101,'LAS0111201421',1,305,'2014-12-01',NULL,3,0,0,' ','No','0000-00-00 00:00:00'),(1102,'LAS0111201421',2,305,'2015-01-01',NULL,3,0,0,' ','No','0000-00-00 00:00:00'),(1103,'LAS0111201421',3,305,'2015-02-01',NULL,3,0,0,' ','No','0000-00-00 00:00:00'),(1104,'LAS0111201421',4,305,'2015-03-01',NULL,3,0,0,' ','No','0000-00-00 00:00:00'),(1105,'LAS0111201421',5,305,'2015-04-01',NULL,3,0,0,' ','No','0000-00-00 00:00:00'),(1106,'LAS0111201421',6,305,'2015-05-01',NULL,3,0,0,' ','No','0000-00-00 00:00:00'),(1107,'LAS0111201421',7,305,'2015-06-01',NULL,3,0,0,' ','No','0000-00-00 00:00:00'),(1108,'LAS0111201421',8,305,'2015-07-01',NULL,3,0,0,' ','No','0000-00-00 00:00:00'),(1109,'LAS0111201421',9,305,'2015-08-01',NULL,3,0,0,' ','No','0000-00-00 00:00:00'),(1110,'LAS0111201421',10,305,'2015-09-01',NULL,3,0,0,' ','No','0000-00-00 00:00:00'),(1111,'LAS0111201421',11,305,'2015-10-01',NULL,3,0,0,' ','No','0000-00-00 00:00:00'),(1112,'LAS0111201421',12,305,'2015-11-01',NULL,3,0,0,' ','No','0000-00-00 00:00:00'),(1113,'LAS0111201421',13,305,'2015-12-01',NULL,3,0,0,' ','No','0000-00-00 00:00:00'),(1114,'LAS0111201421',14,305,'2016-01-01',NULL,3,0,0,' ','No','0000-00-00 00:00:00'),(1115,'LAS0111201421',15,305,'2016-02-01',NULL,3,0,0,' ','No','0000-00-00 00:00:00'),(1116,'LAS0111201421',16,305,'2016-03-01',NULL,3,0,0,' ','No','0000-00-00 00:00:00'),(1117,'LAS0111201421',17,305,'2016-04-01',NULL,3,0,0,' ','No','0000-00-00 00:00:00'),(1118,'LAS0111201421',18,305,'2016-05-01',NULL,3,0,0,' ','No','0000-00-00 00:00:00'),(1119,'LAS0111201421',19,305,'2016-06-01',NULL,3,0,0,' ','No','0000-00-00 00:00:00'),(1120,'LAS0111201421',20,305,'2016-07-01',NULL,3,0,0,' ','No','0000-00-00 00:00:00'),(1121,'LAS0111201421',21,305,'2016-08-01',NULL,3,0,0,' ','No','0000-00-00 00:00:00'),(1122,'LAS0111201421',22,305,'2016-09-01',NULL,3,0,0,' ','No','0000-00-00 00:00:00'),(1123,'LAS0111201421',23,305,'2016-10-01',NULL,3,0,0,' ','No','0000-00-00 00:00:00'),(1124,'LAS0111201421',24,305,'2016-11-01',NULL,3,0,0,' ','No','0000-00-00 00:00:00'),(1125,'LAS0111201421',25,305,'2016-12-01',NULL,3,0,0,' ','No','0000-00-00 00:00:00'),(1126,'LAS0111201421',26,305,'2017-01-01',NULL,3,0,0,' ','No','0000-00-00 00:00:00'),(1127,'LAS0111201421',27,305,'2017-02-01',NULL,3,0,0,' ','No','0000-00-00 00:00:00'),(1128,'LAS0111201421',28,305,'2017-03-01',NULL,3,0,0,' ','No','0000-00-00 00:00:00'),(1129,'LAS0111201421',29,305,'2017-04-01',NULL,3,0,0,' ','No','0000-00-00 00:00:00'),(1130,'LAS0111201421',30,305,'2017-05-01',NULL,3,0,0,' ','No','0000-00-00 00:00:00'),(1131,'LAS0111201421',31,305,'2017-06-01',NULL,3,0,0,' ','No','0000-00-00 00:00:00'),(1132,'LAS0111201421',32,305,'2017-07-01',NULL,3,0,0,' ','No','0000-00-00 00:00:00'),(1133,'LAS0111201421',33,305,'2017-08-01',NULL,3,0,0,' ','No','0000-00-00 00:00:00'),(1134,'LAS0111201421',34,305,'2017-09-01',NULL,3,0,0,' ','No','0000-00-00 00:00:00'),(1135,'LAS0111201421',35,305,'2017-10-01',NULL,3,0,0,' ','No','0000-00-00 00:00:00'),(1136,'LAS0111201421',36,305,'2017-11-01',NULL,3,0,0,' ','No','0000-00-00 00:00:00'),(1137,'LAS/251020142154',1,245,'2014-11-25',NULL,3,0,0,' ','No','0000-00-00 00:00:00'),(1138,'LAS/251020142154',2,245,'2014-12-25',NULL,3,0,0,' ','No','0000-00-00 00:00:00'),(1139,'LAS/251020142154',3,245,'2015-01-25',NULL,3,0,0,' ','No','0000-00-00 00:00:00'),(1140,'LAS/251020142154',4,245,'2015-02-25',NULL,3,0,0,' ','No','0000-00-00 00:00:00'),(1141,'LAS/251020142154',5,245,'2015-03-25',NULL,3,0,0,' ','No','0000-00-00 00:00:00'),(1142,'LAS/251020142154',6,245,'2015-04-25',NULL,3,0,0,' ','No','0000-00-00 00:00:00'),(1143,'LAS/251020142154',7,245,'2015-05-25',NULL,3,0,0,' ','No','0000-00-00 00:00:00'),(1144,'LAS/251020142154',8,245,'2015-06-25',NULL,3,0,0,' ','No','0000-00-00 00:00:00'),(1145,'LAS/251020142154',9,245,'2015-07-25',NULL,3,0,0,' ','No','0000-00-00 00:00:00'),(1146,'LAS/251020142154',10,245,'2015-08-25',NULL,3,0,0,' ','No','0000-00-00 00:00:00'),(1147,'LAS/251020142154',11,245,'2015-09-25',NULL,3,0,0,' ','No','0000-00-00 00:00:00'),(1148,'LAS/251020142154',12,245,'2015-10-25',NULL,3,0,0,' ','No','0000-00-00 00:00:00'),(1149,'LAS/251020142154',13,245,'2015-11-25',NULL,3,0,0,' ','No','0000-00-00 00:00:00'),(1150,'LAS/251020142154',14,245,'2015-12-25',NULL,3,0,0,' ','No','0000-00-00 00:00:00'),(1151,'LAS/251020142154',15,245,'2016-01-25',NULL,3,0,0,' ','No','0000-00-00 00:00:00'),(1152,'LAS/251020142154',16,245,'2016-02-25',NULL,3,0,0,' ','No','0000-00-00 00:00:00'),(1153,'LAS/251020142154',17,245,'2016-03-25',NULL,3,0,0,' ','No','0000-00-00 00:00:00'),(1154,'LAS/251020142154',18,245,'2016-04-25',NULL,3,0,0,' ','No','0000-00-00 00:00:00'),(1155,'LAS/251020142154',19,245,'2016-05-25',NULL,3,0,0,' ','No','0000-00-00 00:00:00'),(1156,'LAS/251020142154',20,245,'2016-06-25',NULL,3,0,0,' ','No','0000-00-00 00:00:00'),(1157,'LAS/251020142154',21,245,'2016-07-25',NULL,3,0,0,' ','No','0000-00-00 00:00:00'),(1158,'LAS/251020142154',22,245,'2016-08-25',NULL,3,0,0,' ','No','0000-00-00 00:00:00'),(1159,'LAS/251020142154',23,245,'2016-09-25',NULL,3,0,0,' ','No','0000-00-00 00:00:00'),(1160,'LAS/251020142154',24,245,'2016-10-25',NULL,3,0,0,' ','No','0000-00-00 00:00:00'),(1161,'LAS/18/112014',1,15490,'2014-12-18','2014-11-21',3,3,2,'EL 18/11/2014','No','0000-00-00 00:00:00'),(1162,'LAS/19112014',1,290,'2014-12-19',NULL,3,0,0,' ','No','0000-00-00 00:00:00'),(1163,'LAS/19112014',2,290,'2015-01-19',NULL,3,0,0,' ','No','0000-00-00 00:00:00'),(1164,'LAS/19112014',3,290,'2015-02-19',NULL,3,0,0,' ','No','0000-00-00 00:00:00'),(1165,'LAS/19112014',4,290,'2015-03-19',NULL,3,0,0,' ','No','0000-00-00 00:00:00'),(1166,'LAS/19112014',5,290,'2015-04-19',NULL,3,0,0,' ','No','0000-00-00 00:00:00'),(1167,'LAS/19112014',6,290,'2015-05-19',NULL,3,0,0,' ','No','0000-00-00 00:00:00'),(1168,'LAS/19112014',7,290,'2015-06-19',NULL,3,0,0,' ','No','0000-00-00 00:00:00'),(1169,'LAS/19112014',8,290,'2015-07-19',NULL,3,0,0,' ','No','0000-00-00 00:00:00'),(1170,'LAS/19112014',9,290,'2015-08-19',NULL,3,0,0,' ','No','0000-00-00 00:00:00'),(1171,'LAS/19112014',10,290,'2015-09-19',NULL,3,0,0,' ','No','0000-00-00 00:00:00'),(1172,'LAS/19112014',11,290,'2015-10-19',NULL,3,0,0,' ','No','0000-00-00 00:00:00'),(1173,'LAS/19112014',12,290,'2015-11-19',NULL,3,0,0,' ','No','0000-00-00 00:00:00'),(1174,'LAS/19112014',13,290,'2015-12-19',NULL,3,0,0,' ','No','0000-00-00 00:00:00'),(1175,'LAS/19112014',14,290,'2016-01-19',NULL,3,0,0,' ','No','0000-00-00 00:00:00'),(1176,'LAS/19112014',15,290,'2016-02-19',NULL,3,0,0,' ','No','0000-00-00 00:00:00'),(1177,'LAS/19112014',16,290,'2016-03-19',NULL,3,0,0,' ','No','0000-00-00 00:00:00'),(1178,'LAS/19112014',17,290,'2016-04-19',NULL,3,0,0,' ','No','0000-00-00 00:00:00'),(1179,'LAS/19112014',18,290,'2016-05-19',NULL,3,0,0,' ','No','0000-00-00 00:00:00'),(1180,'LAS/19112014',19,290,'2016-06-19',NULL,3,0,0,' ','No','0000-00-00 00:00:00'),(1181,'LAS/19112014',20,290,'2016-07-19',NULL,3,0,0,' ','No','0000-00-00 00:00:00'),(1182,'LAS/19112014',21,290,'2016-08-19',NULL,3,0,0,' ','No','0000-00-00 00:00:00'),(1183,'LAS/19112014',22,290,'2016-09-19',NULL,3,0,0,' ','No','0000-00-00 00:00:00'),(1184,'LAS/19112014',23,290,'2016-10-19',NULL,3,0,0,' ','No','0000-00-00 00:00:00'),(1185,'LAS/19112014',24,290,'2016-11-19',NULL,3,0,0,' ','No','0000-00-00 00:00:00'),(1186,'LAS/19112014',101,1000,'2014-12-15',NULL,3,0,0,' ','Sí','0000-00-00 00:00:00'),(1187,'LAS/19112014',102,1000,'2015-05-15',NULL,3,0,0,' ','Sí','0000-00-00 00:00:00'),(1188,'LAS/19112014',103,1000,'2015-08-15',NULL,3,0,0,' ','Sí','0000-00-00 00:00:00'),(1189,'LAS/1411201478',1,3500,'2014-12-14','2014-11-21',3,3,1,'','No','0000-00-00 00:00:00'),(1190,'las/10112014',1,135,'2014-12-10',NULL,3,0,0,' ','No','0000-00-00 00:00:00'),(1191,'las/10112014',2,135,'2015-01-10',NULL,3,0,0,' ','No','0000-00-00 00:00:00'),(1192,'las/10112014',3,135,'2015-02-10',NULL,3,0,0,' ','No','0000-00-00 00:00:00'),(1193,'las/10112014',4,135,'2015-03-10',NULL,3,0,0,' ','No','0000-00-00 00:00:00'),(1194,'las/10112014',5,135,'2015-04-10',NULL,3,0,0,' ','No','0000-00-00 00:00:00'),(1195,'las/10112014',6,135,'2015-05-10',NULL,3,0,0,' ','No','0000-00-00 00:00:00'),(1196,'las/10112014',7,135,'2015-06-10',NULL,3,0,0,' ','No','0000-00-00 00:00:00'),(1197,'las/10112014',8,135,'2015-07-10',NULL,3,0,0,' ','No','0000-00-00 00:00:00'),(1198,'las/10112014',9,135,'2015-08-10',NULL,3,0,0,' ','No','0000-00-00 00:00:00'),(1199,'las/10112014',10,135,'2015-09-10',NULL,3,0,0,' ','No','0000-00-00 00:00:00'),(1200,'las/10112014',11,135,'2015-10-10',NULL,3,0,0,' ','No','0000-00-00 00:00:00'),(1201,'las/10112014',12,135,'2015-11-10',NULL,3,0,0,' ','No','0000-00-00 00:00:00'),(1202,'las/10112014',13,135,'2015-12-10',NULL,3,0,0,' ','No','0000-00-00 00:00:00'),(1203,'las/10112014',14,135,'2016-01-10',NULL,3,0,0,' ','No','0000-00-00 00:00:00'),(1204,'las/10112014',15,135,'2016-02-10',NULL,3,0,0,' ','No','0000-00-00 00:00:00'),(1205,'las/10112014',16,135,'2016-03-10',NULL,3,0,0,' ','No','0000-00-00 00:00:00'),(1206,'las/10112014',17,135,'2016-04-10',NULL,3,0,0,' ','No','0000-00-00 00:00:00'),(1207,'las/10112014',18,135,'2016-05-10',NULL,3,0,0,' ','No','0000-00-00 00:00:00'),(1208,'las/10112014',19,135,'2016-06-10',NULL,3,0,0,' ','No','0000-00-00 00:00:00'),(1209,'las/10112014',20,135,'2016-07-10',NULL,3,0,0,' ','No','0000-00-00 00:00:00'),(1210,'las/10112014',21,135,'2016-08-10',NULL,3,0,0,' ','No','0000-00-00 00:00:00'),(1211,'las/10112014',22,135,'2016-09-10',NULL,3,0,0,' ','No','0000-00-00 00:00:00'),(1212,'las/10112014',23,135,'2016-10-10',NULL,3,0,0,' ','No','0000-00-00 00:00:00'),(1213,'las/10112014',24,135,'2016-11-10',NULL,3,0,0,' ','No','0000-00-00 00:00:00'),(1214,'las/10112014',101,1000,'2015-01-15',NULL,3,0,0,' ','Sí','0000-00-00 00:00:00'),(1215,'las/10112014',102,500,'2015-07-15',NULL,3,0,0,' ','Sí','0000-00-00 00:00:00'),(1216,'las/10112014',103,500,'2015-12-15',NULL,3,0,0,' ','Sí','0000-00-00 00:00:00'),(1217,'las/211120141',1,260,'2014-12-21',NULL,3,0,0,' ','No','0000-00-00 00:00:00'),(1218,'las/211120141',2,260,'2015-01-21',NULL,3,0,0,' ','No','0000-00-00 00:00:00'),(1219,'las/211120141',3,260,'2015-02-21',NULL,3,0,0,' ','No','0000-00-00 00:00:00'),(1220,'las/211120141',4,260,'2015-03-21',NULL,3,0,0,' ','No','0000-00-00 00:00:00'),(1221,'las/211120141',5,260,'2015-04-21',NULL,3,0,0,' ','No','0000-00-00 00:00:00'),(1222,'las/211120141',6,260,'2015-05-21',NULL,3,0,0,' ','No','0000-00-00 00:00:00'),(1223,'las/211120141',7,260,'2015-06-21',NULL,3,0,0,' ','No','0000-00-00 00:00:00'),(1224,'las/211120141',8,260,'2015-07-21',NULL,3,0,0,' ','No','0000-00-00 00:00:00'),(1225,'las/211120141',9,260,'2015-08-21',NULL,3,0,0,' ','No','0000-00-00 00:00:00'),(1226,'las/211120141',10,260,'2015-09-21',NULL,3,0,0,' ','No','0000-00-00 00:00:00'),(1227,'las/211120141',11,260,'2015-10-21',NULL,3,0,0,' ','No','0000-00-00 00:00:00'),(1228,'las/211120141',12,260,'2015-11-21',NULL,3,0,0,' ','No','0000-00-00 00:00:00'),(1229,'las/211120141',13,260,'2015-12-21',NULL,3,0,0,' ','No','0000-00-00 00:00:00'),(1230,'las/211120141',14,260,'2016-01-21',NULL,3,0,0,' ','No','0000-00-00 00:00:00'),(1231,'las/211120141',15,260,'2016-02-21',NULL,3,0,0,' ','No','0000-00-00 00:00:00'),(1232,'las/211120141',16,260,'2016-03-21',NULL,3,0,0,' ','No','0000-00-00 00:00:00'),(1233,'las/211120141',17,260,'2016-04-21',NULL,3,0,0,' ','No','0000-00-00 00:00:00'),(1234,'las/211120141',101,500,'2014-12-25',NULL,3,0,0,' ','Sí','0000-00-00 00:00:00'),(1235,'las/211120141',102,500,'2015-07-25',NULL,3,0,0,' ','Sí','0000-00-00 00:00:00'),(1236,'JR 2014-11-03',1,9700,'2014-12-03',NULL,8,0,0,' ','No','0000-00-00 00:00:00'),(1237,'JR 2014-11-18',1,370,'2014-12-18',NULL,8,0,0,' ','No','0000-00-00 00:00:00'),(1238,'JR 2014-11-18',2,370,'2015-01-18',NULL,8,0,0,' ','No','0000-00-00 00:00:00'),(1239,'JR 2014-11-18',3,370,'2015-02-18',NULL,8,0,0,' ','No','0000-00-00 00:00:00'),(1240,'JR 2014-11-18',4,370,'2015-03-18',NULL,8,0,0,' ','No','0000-00-00 00:00:00'),(1241,'JR 2014-11-18',5,370,'2015-04-18',NULL,8,0,0,' ','No','0000-00-00 00:00:00'),(1242,'JR 2014-11-18',6,370,'2015-05-18',NULL,8,0,0,' ','No','0000-00-00 00:00:00'),(1243,'JR 2014-11-18',7,370,'2015-06-18',NULL,8,0,0,' ','No','0000-00-00 00:00:00'),(1244,'JR 2014-11-18',8,370,'2015-07-18',NULL,8,0,0,' ','No','0000-00-00 00:00:00'),(1245,'JR 2014-11-18',9,370,'2015-08-18',NULL,8,0,0,' ','No','0000-00-00 00:00:00'),(1246,'JR 2014-11-18',10,370,'2015-09-18',NULL,8,0,0,' ','No','0000-00-00 00:00:00'),(1247,'JR 2014-11-18',11,370,'2015-10-18',NULL,8,0,0,' ','No','0000-00-00 00:00:00'),(1248,'JR 2014-11-18',12,370,'2015-11-18',NULL,8,0,0,' ','No','0000-00-00 00:00:00'),(1249,'JR 2014-11-18',13,370,'2015-12-18',NULL,8,0,0,' ','No','0000-00-00 00:00:00'),(1250,'JR 2014-11-18',14,370,'2016-01-18',NULL,8,0,0,' ','No','0000-00-00 00:00:00'),(1251,'JR 2014-11-18',15,370,'2016-02-18',NULL,8,0,0,' ','No','0000-00-00 00:00:00'),(1252,'JR 2014-11-18',16,370,'2016-03-18',NULL,8,0,0,' ','No','0000-00-00 00:00:00'),(1253,'JR 2014-11-18',17,370,'2016-04-18',NULL,8,0,0,' ','No','0000-00-00 00:00:00'),(1254,'JR 2014-11-18',18,370,'2016-05-18',NULL,8,0,0,' ','No','0000-00-00 00:00:00'),(1255,'JR 2014-11-18',19,370,'2016-06-18',NULL,8,0,0,' ','No','0000-00-00 00:00:00'),(1256,'JR 2014-11-18',20,370,'2016-07-18',NULL,8,0,0,' ','No','0000-00-00 00:00:00'),(1257,'JR 2014-11-18',21,370,'2016-08-18',NULL,8,0,0,' ','No','0000-00-00 00:00:00'),(1258,'JR 2014-11-18',22,370,'2016-09-18',NULL,8,0,0,' ','No','0000-00-00 00:00:00'),(1259,'JR 2014-11-18',23,370,'2016-10-18',NULL,8,0,0,' ','No','0000-00-00 00:00:00'),(1260,'JR 2014-11-18',24,370,'2016-11-18',NULL,8,0,0,' ','No','0000-00-00 00:00:00'),(1261,'JR 2014-11-18',101,500,'2014-12-30',NULL,8,0,0,' ','Sí','0000-00-00 00:00:00'),(1262,'JR 2014-11-18',102,1000,'2015-05-30',NULL,8,0,0,' ','Sí','0000-00-00 00:00:00'),(1263,'JR 2014-11-13',1,1500,'2014-12-13',NULL,8,0,0,' ','No','0000-00-00 00:00:00'),(1264,'JR 2014-11-04',1,5050,'2014-12-04',NULL,8,0,0,' ','No','0000-00-00 00:00:00'),(1265,'JR 2014-11-04',2,5050,'2015-01-04',NULL,8,0,0,' ','No','0000-00-00 00:00:00'),(1266,'JR 2014-11-04',3,5050,'2015-02-04',NULL,8,0,0,' ','No','0000-00-00 00:00:00'),(1267,'JR 2014-11-04',4,5050,'2015-03-04',NULL,8,0,0,' ','No','0000-00-00 00:00:00'),(1268,'JR 2014-11-04',5,5050,'2015-04-04',NULL,8,0,0,' ','No','0000-00-00 00:00:00'),(1269,'JR 2014-11-04',6,5050,'2015-05-04',NULL,8,0,0,' ','No','0000-00-00 00:00:00'),(1270,'JR 2014-11-04',7,5050,'2015-06-04',NULL,8,0,0,' ','No','0000-00-00 00:00:00'),(1271,'JR 2014-11-04',8,5050,'2015-07-04',NULL,8,0,0,' ','No','0000-00-00 00:00:00'),(1272,'JR 2014-11-04',9,5050,'2015-08-04',NULL,8,0,0,' ','No','0000-00-00 00:00:00'),(1273,'JR 2014-11-04',10,5050,'2015-09-04',NULL,8,0,0,' ','No','0000-00-00 00:00:00'),(1274,'JR 2014-11-04',11,5050,'2015-10-04',NULL,8,0,0,' ','No','0000-00-00 00:00:00'),(1275,'JR 2014-11-04',12,5050,'2015-11-04',NULL,8,0,0,' ','No','0000-00-00 00:00:00'),(1276,'JR 2014-11-04',13,5050,'2015-12-04',NULL,8,0,0,' ','No','0000-00-00 00:00:00'),(1277,'JR 2014-11-04',14,5050,'2016-01-04',NULL,8,0,0,' ','No','0000-00-00 00:00:00'),(1278,'JR 2014-11-04',15,5050,'2016-02-04',NULL,8,0,0,' ','No','0000-00-00 00:00:00'),(1279,'JR 2014-11-04',16,5050,'2016-03-04',NULL,8,0,0,' ','No','0000-00-00 00:00:00'),(1280,'JR 2014-11-04',17,5050,'2016-04-04',NULL,8,0,0,' ','No','0000-00-00 00:00:00'),(1281,'JR 2014-11-04',18,5050,'2016-05-04',NULL,8,0,0,' ','No','0000-00-00 00:00:00'),(1282,'JR 2014-11-04',19,5050,'2016-06-04',NULL,8,0,0,' ','No','0000-00-00 00:00:00'),(1283,'JR 2014-11-04',20,5050,'2016-07-04',NULL,8,0,0,' ','No','0000-00-00 00:00:00'),(1284,'JR 2014-11-04',21,5050,'2016-08-04',NULL,8,0,0,' ','No','0000-00-00 00:00:00'),(1285,'JR 2014-11-04',22,5050,'2016-09-04',NULL,8,0,0,' ','No','0000-00-00 00:00:00'),(1286,'JR 2014-11-04',23,5050,'2016-10-04',NULL,8,0,0,' ','No','0000-00-00 00:00:00'),(1287,'JR 2014-11-04',24,5050,'2016-11-04',NULL,8,0,0,' ','No','0000-00-00 00:00:00'),(1288,'las/2111201421',1,6250,'2014-12-21','2014-11-21',3,3,2,'$ 151.000 pago ','No','0000-00-00 00:00:00'),(1289,'JR 2014-11-10',1,11990,'2014-12-10',NULL,8,0,0,' ','No','0000-00-00 00:00:00'),(1290,'JR 2014-11-14',1,6800,'2014-12-14',NULL,8,0,0,' ','No','0000-00-00 00:00:00'),(1291,'JR 2014-11-21',1,1600,'2014-12-21',NULL,8,0,0,' ','No','0000-00-00 00:00:00'),(1292,'JR 2014-11-21',2,1600,'2015-01-21',NULL,8,0,0,' ','No','0000-00-00 00:00:00'),(1293,'JR 2014-11-21',3,1600,'2015-02-21',NULL,8,0,0,' ','No','0000-00-00 00:00:00'),(1294,'JR 2014-11-21',4,1600,'2015-03-21',NULL,8,0,0,' ','No','0000-00-00 00:00:00'),(1295,'JR 2014-11-21',5,1600,'2015-04-21',NULL,8,0,0,' ','No','0000-00-00 00:00:00'),(1296,'JR 2014-11-21',6,1600,'2015-05-21',NULL,8,0,0,' ','No','0000-00-00 00:00:00'),(1297,'JR 2014-11-21',101,3000,'2014-12-10',NULL,8,0,0,' ','Sí','0000-00-00 00:00:00'),(1298,'JR2 2014-11-13',1,1120,'2014-12-13',NULL,8,0,0,' ','No','0000-00-00 00:00:00'),(1299,'JR2 2014-11-13',2,1120,'2015-01-13',NULL,8,0,0,' ','No','0000-00-00 00:00:00'),(1300,'JR2 2014-11-13',3,1120,'2015-02-13',NULL,8,0,0,' ','No','0000-00-00 00:00:00'),(1301,'JR2 2014-11-13',4,1120,'2015-03-13',NULL,8,0,0,' ','No','0000-00-00 00:00:00'),(1302,'JR2 2014-11-13',5,1120,'2015-04-13',NULL,8,0,0,' ','No','0000-00-00 00:00:00'),(1303,'JR2 2014-11-13',6,1120,'2015-05-13',NULL,8,0,0,' ','No','0000-00-00 00:00:00'),(1304,'JR 2014-11-06',1,12390,'2014-12-06',NULL,8,0,0,' ','No','0000-00-00 00:00:00'),(1305,'JR 2 2014-10-27',1,8000,'2014-11-27',NULL,8,0,0,' ','No','0000-00-00 00:00:00'),(1306,'JR 2 2014-11-18',1,6000,'2014-12-18',NULL,8,0,0,' ','No','0000-00-00 00:00:00'),(1307,'JR 2014-11-07',1,6300,'2014-12-07',NULL,8,0,0,' ','No','0000-00-00 00:00:00'),(1308,'JR 2014-11-20',1,5000,'2014-12-20',NULL,8,0,0,' ','No','0000-00-00 00:00:00'),(1309,'JR 2014-11-20',101,1000,'2014-12-19',NULL,8,0,0,' ','Sí','0000-00-00 00:00:00'),(1310,'JR 2 2014-11-13',1,8500,'2014-12-13',NULL,8,0,0,' ','No','0000-00-00 00:00:00'),(1311,'JR 2 2014-11-20',1,10990,'2014-12-20',NULL,8,0,0,' ','No','0000-00-00 00:00:00'),(1312,'LAS22112014',1,700,'2014-12-22',NULL,1,0,0,' ','No','0000-00-00 00:00:00'),(1313,'LAS/2611214',1,4000,'2015-01-26','2014-12-01',3,3,1,'27//11/2014','No','0000-00-00 00:00:00'),(1314,'LAS/28112014',1,11990,'2014-12-28',NULL,3,0,0,' ','No','0000-00-00 00:00:00'),(1315,'LAS/1122014',1,775,'2015-01-01',NULL,3,0,0,' ','No','0000-00-00 00:00:00'),(1316,'LAS/1122014',2,775,'2015-02-01',NULL,3,0,0,' ','No','0000-00-00 00:00:00'),(1317,'LAS/1122014',3,775,'2015-03-01',NULL,3,0,0,' ','No','0000-00-00 00:00:00'),(1318,'LAS/1122014',4,775,'2015-04-01',NULL,3,0,0,' ','No','0000-00-00 00:00:00'),(1319,'LAS/1122014',5,775,'2015-05-01',NULL,3,0,0,' ','No','0000-00-00 00:00:00'),(1320,'LAS/1122014',6,775,'2015-06-01',NULL,3,0,0,' ','No','0000-00-00 00:00:00'),(1321,'LAS/1122014',7,775,'2015-07-01',NULL,3,0,0,' ','No','0000-00-00 00:00:00'),(1322,'LAS/1122014',8,775,'2015-08-01',NULL,3,0,0,' ','No','0000-00-00 00:00:00'),(1323,'LAS/1122014',9,775,'2015-09-01',NULL,3,0,0,' ','No','0000-00-00 00:00:00'),(1324,'LAS/1122014',10,775,'2015-10-01',NULL,3,0,0,' ','No','0000-00-00 00:00:00'),(1325,'LAS/1122014',11,775,'2015-11-01',NULL,3,0,0,' ','No','0000-00-00 00:00:00'),(1326,'LAS/1122014',12,775,'2015-12-01',NULL,3,0,0,' ','No','0000-00-00 00:00:00'),(1327,'LAS27/112014',1,385,'2014-12-27',NULL,3,0,0,' ','No','0000-00-00 00:00:00'),(1328,'LAS27/112014',2,385,'2015-01-27',NULL,3,0,0,' ','No','0000-00-00 00:00:00'),(1329,'LAS27/112014',3,385,'2015-02-27',NULL,3,0,0,' ','No','0000-00-00 00:00:00'),(1330,'LAS27/112014',4,385,'2015-03-27',NULL,3,0,0,' ','No','0000-00-00 00:00:00'),(1331,'LAS27/112014',5,385,'2015-04-27',NULL,3,0,0,' ','No','0000-00-00 00:00:00'),(1332,'LAS27/112014',6,385,'2015-05-27',NULL,3,0,0,' ','No','0000-00-00 00:00:00'),(1333,'LAS27/112014',7,385,'2015-06-27',NULL,3,0,0,' ','No','0000-00-00 00:00:00'),(1334,'LAS27/112014',8,385,'2015-07-27',NULL,3,0,0,' ','No','0000-00-00 00:00:00'),(1335,'LAS27/112014',9,385,'2015-08-27',NULL,3,0,0,' ','No','0000-00-00 00:00:00'),(1336,'LAS27/112014',10,385,'2015-09-27',NULL,3,0,0,' ','No','0000-00-00 00:00:00'),(1337,'LAS27/112014',11,385,'2015-10-27',NULL,3,0,0,' ','No','0000-00-00 00:00:00'),(1338,'LAS27/112014',12,385,'2015-11-27',NULL,3,0,0,' ','No','0000-00-00 00:00:00'),(1339,'LAS081214',1,0,'2015-01-11',NULL,3,0,0,' ','No','0000-00-00 00:00:00'),(1340,'LAS/06122014',1,135,'2015-01-06',NULL,3,0,0,' ','No','0000-00-00 00:00:00'),(1341,'LAS/06122014',2,135,'2015-02-06',NULL,3,0,0,' ','No','0000-00-00 00:00:00'),(1342,'LAS/06122014',3,135,'2015-03-06',NULL,3,0,0,' ','No','0000-00-00 00:00:00'),(1343,'LAS/06122014',4,135,'2015-04-06',NULL,3,0,0,' ','No','0000-00-00 00:00:00'),(1344,'LAS/06122014',5,135,'2015-05-06',NULL,3,0,0,' ','No','0000-00-00 00:00:00'),(1345,'LAS/06122014',6,135,'2015-06-06',NULL,3,0,0,' ','No','0000-00-00 00:00:00'),(1346,'LAS/06122014',7,135,'2015-07-06',NULL,3,0,0,' ','No','0000-00-00 00:00:00'),(1347,'LAS/06122014',8,135,'2015-08-06',NULL,3,0,0,' ','No','0000-00-00 00:00:00'),(1348,'LAS/06122014',9,135,'2015-09-06',NULL,3,0,0,' ','No','0000-00-00 00:00:00'),(1349,'LAS/06122014',10,135,'2015-10-06',NULL,3,0,0,' ','No','0000-00-00 00:00:00'),(1350,'LAS/06122014',11,135,'2015-11-06',NULL,3,0,0,' ','No','0000-00-00 00:00:00'),(1351,'LAS/06122014',12,135,'2015-12-06',NULL,3,0,0,' ','No','0000-00-00 00:00:00'),(1352,'LAS/06122014',13,135,'2016-01-06',NULL,3,0,0,' ','No','0000-00-00 00:00:00'),(1353,'LAS/06122014',14,135,'2016-02-06',NULL,3,0,0,' ','No','0000-00-00 00:00:00'),(1354,'LAS/06122014',15,135,'2016-03-06',NULL,3,0,0,' ','No','0000-00-00 00:00:00'),(1355,'LAS/061214',1,430,'2015-01-06',NULL,3,0,0,' ','No','0000-00-00 00:00:00'),(1356,'LAS/061214',2,430,'2015-02-06',NULL,3,0,0,' ','No','0000-00-00 00:00:00'),(1357,'LAS/061214',3,430,'2015-03-06',NULL,3,0,0,' ','No','0000-00-00 00:00:00'),(1358,'LAS/061214',4,430,'2015-04-06',NULL,3,0,0,' ','No','0000-00-00 00:00:00'),(1359,'LAS/061214',5,430,'2015-05-06',NULL,3,0,0,' ','No','0000-00-00 00:00:00'),(1360,'LAS/061214',6,430,'2015-06-06',NULL,3,0,0,' ','No','0000-00-00 00:00:00'),(1361,'LAS/061214',7,430,'2015-07-06',NULL,3,0,0,' ','No','0000-00-00 00:00:00'),(1362,'LAS/061214',8,430,'2015-08-06',NULL,3,0,0,' ','No','0000-00-00 00:00:00'),(1363,'LAS/061214',9,430,'2015-09-06',NULL,3,0,0,' ','No','0000-00-00 00:00:00'),(1364,'LAS/061214',10,430,'2015-10-06',NULL,3,0,0,' ','No','0000-00-00 00:00:00'),(1365,'LAS/061214',11,430,'2015-11-06',NULL,3,0,0,' ','No','0000-00-00 00:00:00'),(1366,'LAS/061214',12,430,'2015-12-06',NULL,3,0,0,' ','No','0000-00-00 00:00:00'),(1367,'LAS5/12/14',1,310,'2015-01-05',NULL,3,0,0,' ','No','0000-00-00 00:00:00'),(1368,'LAS5/12/14',2,310,'2015-02-05',NULL,3,0,0,' ','No','0000-00-00 00:00:00'),(1369,'LAS5/12/14',3,310,'2015-03-05',NULL,3,0,0,' ','No','0000-00-00 00:00:00'),(1370,'LAS5/12/14',4,310,'2015-04-05',NULL,3,0,0,' ','No','0000-00-00 00:00:00'),(1371,'LAS5/12/14',5,310,'2015-05-05',NULL,3,0,0,' ','No','0000-00-00 00:00:00'),(1372,'LAS5/12/14',6,310,'2015-06-05',NULL,3,0,0,' ','No','0000-00-00 00:00:00'),(1373,'LAS5/12/14',7,310,'2015-07-05',NULL,3,0,0,' ','No','0000-00-00 00:00:00'),(1374,'LAS5/12/14',8,310,'2015-08-05',NULL,3,0,0,' ','No','0000-00-00 00:00:00'),(1375,'LAS5/12/14',9,310,'2015-09-05',NULL,3,0,0,' ','No','0000-00-00 00:00:00'),(1376,'LAS5/12/14',10,310,'2015-10-05',NULL,3,0,0,' ','No','0000-00-00 00:00:00'),(1377,'LAS5/12/14',11,310,'2015-11-05',NULL,3,0,0,' ','No','0000-00-00 00:00:00'),(1378,'LAS5/12/14',12,310,'2015-12-05',NULL,3,0,0,' ','No','0000-00-00 00:00:00'),(1379,'LAS5/12/14',13,310,'2016-01-05',NULL,3,0,0,' ','No','0000-00-00 00:00:00'),(1380,'LAS5/12/14',14,310,'2016-02-05',NULL,3,0,0,' ','No','0000-00-00 00:00:00'),(1381,'LAS5/12/14',15,310,'2016-03-05',NULL,3,0,0,' ','No','0000-00-00 00:00:00'),(1382,'LAS/51214',1,295,'2015-01-05',NULL,3,0,0,' ','No','0000-00-00 00:00:00'),(1383,'LAS/51214',2,295,'2015-02-05',NULL,3,0,0,' ','No','0000-00-00 00:00:00'),(1384,'LAS/51214',3,295,'2015-03-05',NULL,3,0,0,' ','No','0000-00-00 00:00:00'),(1385,'LAS/51214',4,295,'2015-04-05',NULL,3,0,0,' ','No','0000-00-00 00:00:00'),(1386,'LAS/51214',5,295,'2015-05-05',NULL,3,0,0,' ','No','0000-00-00 00:00:00'),(1387,'LAS/51214',6,295,'2015-06-05',NULL,3,0,0,' ','No','0000-00-00 00:00:00'),(1388,'LAS/51214',7,295,'2015-07-05',NULL,3,0,0,' ','No','0000-00-00 00:00:00'),(1389,'LAS/51214',8,295,'2015-08-05',NULL,3,0,0,' ','No','0000-00-00 00:00:00'),(1390,'LAS/51214',9,295,'2015-09-05',NULL,3,0,0,' ','No','0000-00-00 00:00:00'),(1391,'LAS/51214',10,295,'2015-10-05',NULL,3,0,0,' ','No','0000-00-00 00:00:00'),(1392,'LAS/51214',11,295,'2015-11-05',NULL,3,0,0,' ','No','0000-00-00 00:00:00'),(1393,'LAS/51214',12,295,'2015-12-05',NULL,3,0,0,' ','No','0000-00-00 00:00:00'),(1394,'LAS/51214',13,295,'2016-01-05',NULL,3,0,0,' ','No','0000-00-00 00:00:00'),(1395,'LAS/51214',14,295,'2016-02-05',NULL,3,0,0,' ','No','0000-00-00 00:00:00'),(1396,'LAS/51214',15,295,'2016-03-05',NULL,3,0,0,' ','No','0000-00-00 00:00:00'),(1397,'LAS/51214',16,295,'2016-04-05',NULL,3,0,0,' ','No','0000-00-00 00:00:00'),(1398,'LAS/51214',17,295,'2016-05-05',NULL,3,0,0,' ','No','0000-00-00 00:00:00'),(1399,'LAS/51214',18,295,'2016-06-05',NULL,3,0,0,' ','No','0000-00-00 00:00:00'),(1400,'LAS/51214',19,295,'2016-07-05',NULL,3,0,0,' ','No','0000-00-00 00:00:00'),(1401,'LAS/51214',20,295,'2016-08-05',NULL,3,0,0,' ','No','0000-00-00 00:00:00'),(1402,'LAS/51214',21,295,'2016-09-05',NULL,3,0,0,' ','No','0000-00-00 00:00:00'),(1403,'LAS/51214',22,295,'2016-10-05',NULL,3,0,0,' ','No','0000-00-00 00:00:00'),(1404,'LAS/51214',23,295,'2016-11-05',NULL,3,0,0,' ','No','0000-00-00 00:00:00'),(1405,'LAS/51214',24,295,'2016-12-05',NULL,3,0,0,' ','No','0000-00-00 00:00:00'),(1406,'LAS/512140',1,115,'2015-01-05',NULL,3,0,0,' ','No','0000-00-00 00:00:00'),(1407,'LAS/512140',2,115,'2015-02-05',NULL,3,0,0,' ','No','0000-00-00 00:00:00'),(1408,'LAS/512140',3,115,'2015-03-05',NULL,3,0,0,' ','No','0000-00-00 00:00:00'),(1409,'LAS/512140',4,115,'2015-04-05',NULL,3,0,0,' ','No','0000-00-00 00:00:00'),(1410,'LAS/512140',5,115,'2015-05-05',NULL,3,0,0,' ','No','0000-00-00 00:00:00'),(1411,'LAS/512140',6,115,'2015-06-05',NULL,3,0,0,' ','No','0000-00-00 00:00:00'),(1412,'LAS/512140',7,115,'2015-07-05',NULL,3,0,0,' ','No','0000-00-00 00:00:00'),(1413,'LAS/512140',8,115,'2015-08-05',NULL,3,0,0,' ','No','0000-00-00 00:00:00'),(1414,'LAS/512140',9,115,'2015-09-05',NULL,3,0,0,' ','No','0000-00-00 00:00:00'),(1415,'LAS/512140',10,115,'2015-10-05',NULL,3,0,0,' ','No','0000-00-00 00:00:00'),(1416,'LAS/512140',11,115,'2015-11-05',NULL,3,0,0,' ','No','0000-00-00 00:00:00'),(1417,'LAS/512140',12,115,'2015-12-05',NULL,3,0,0,' ','No','0000-00-00 00:00:00'),(1418,'LAS/512140',13,115,'2016-01-05',NULL,3,0,0,' ','No','0000-00-00 00:00:00'),(1419,'LAS/512140',14,115,'2016-02-05',NULL,3,0,0,' ','No','0000-00-00 00:00:00'),(1420,'LAS/512140',15,115,'2016-03-05',NULL,3,0,0,' ','No','0000-00-00 00:00:00'),(1421,'LAS/512140',16,115,'2016-04-05',NULL,3,0,0,' ','No','0000-00-00 00:00:00'),(1422,'LAS/512140',17,115,'2016-05-05',NULL,3,0,0,' ','No','0000-00-00 00:00:00'),(1423,'LAS/512140',18,115,'2016-06-05',NULL,3,0,0,' ','No','0000-00-00 00:00:00'),(1424,'LAS/5121401',1,250,'2015-01-05',NULL,3,0,0,' ','No','0000-00-00 00:00:00'),(1425,'LAS/5121401',2,250,'2015-02-05',NULL,3,0,0,' ','No','0000-00-00 00:00:00'),(1426,'LAS/5121401',3,250,'2015-03-05',NULL,3,0,0,' ','No','0000-00-00 00:00:00'),(1427,'LAS/5121401',4,250,'2015-04-05',NULL,3,0,0,' ','No','0000-00-00 00:00:00'),(1428,'LAS/5121401',5,250,'2015-05-05',NULL,3,0,0,' ','No','0000-00-00 00:00:00'),(1429,'LAS/5121401',6,250,'2015-06-05',NULL,3,0,0,' ','No','0000-00-00 00:00:00'),(1430,'LAS/5121401',7,250,'2015-07-05',NULL,3,0,0,' ','No','0000-00-00 00:00:00'),(1431,'LAS/5121401',8,250,'2015-08-05',NULL,3,0,0,' ','No','0000-00-00 00:00:00'),(1432,'LAS/5121401',9,250,'2015-09-05',NULL,3,0,0,' ','No','0000-00-00 00:00:00'),(1433,'LAS/5121401',10,250,'2015-10-05',NULL,3,0,0,' ','No','0000-00-00 00:00:00'),(1434,'LAS/5121401',11,250,'2015-11-05',NULL,3,0,0,' ','No','0000-00-00 00:00:00'),(1435,'LAS/5121401',12,250,'2015-12-05',NULL,3,0,0,' ','No','0000-00-00 00:00:00'),(1436,'LAS/5121401',13,250,'2016-01-05',NULL,3,0,0,' ','No','0000-00-00 00:00:00'),(1437,'LAS/5121401',14,250,'2016-02-05',NULL,3,0,0,' ','No','0000-00-00 00:00:00'),(1438,'LAS/5121401',15,250,'2016-03-05',NULL,3,0,0,' ','No','0000-00-00 00:00:00'),(1439,'LAS/5121401',16,250,'2016-04-05',NULL,3,0,0,' ','No','0000-00-00 00:00:00'),(1440,'LAS/5121401',17,250,'2016-05-05',NULL,3,0,0,' ','No','0000-00-00 00:00:00'),(1441,'LAS/5121401',18,250,'2016-06-05',NULL,3,0,0,' ','No','0000-00-00 00:00:00'),(1442,'LAS/5121401',19,250,'2016-07-05',NULL,3,0,0,' ','No','0000-00-00 00:00:00'),(1443,'LAS/5121401',20,250,'2016-08-05',NULL,3,0,0,' ','No','0000-00-00 00:00:00'),(1444,'LAS/5121401',21,250,'2016-09-05',NULL,3,0,0,' ','No','0000-00-00 00:00:00'),(1445,'LAS/5121401',22,250,'2016-10-05',NULL,3,0,0,' ','No','0000-00-00 00:00:00'),(1446,'LAS/5121401',23,250,'2016-11-05',NULL,3,0,0,' ','No','0000-00-00 00:00:00'),(1447,'LAS/5121401',24,250,'2016-12-05',NULL,3,0,0,' ','No','0000-00-00 00:00:00'),(1448,'las/19/12/2014',1,240,'2015-01-19',NULL,3,0,0,' ','No','0000-00-00 00:00:00'),(1449,'las/19/12/2014',2,240,'2015-02-19',NULL,3,0,0,' ','No','0000-00-00 00:00:00'),(1450,'las/19/12/2014',3,240,'2015-03-19',NULL,3,0,0,' ','No','0000-00-00 00:00:00'),(1451,'las/19/12/2014',4,240,'2015-04-19',NULL,3,0,0,' ','No','0000-00-00 00:00:00'),(1452,'las/19/12/2014',5,240,'2015-05-19',NULL,3,0,0,' ','No','0000-00-00 00:00:00'),(1453,'las/19/12/2014',6,240,'2015-06-19',NULL,3,0,0,' ','No','0000-00-00 00:00:00'),(1454,'las/19/12/2014',7,240,'2015-07-19',NULL,3,0,0,' ','No','0000-00-00 00:00:00'),(1455,'las/19/12/2014',8,240,'2015-08-19',NULL,3,0,0,' ','No','0000-00-00 00:00:00'),(1456,'las/19/12/2014',9,240,'2015-09-19',NULL,3,0,0,' ','No','0000-00-00 00:00:00'),(1457,'las/19/12/2014',10,240,'2015-10-19',NULL,3,0,0,' ','No','0000-00-00 00:00:00'),(1458,'las/19/12/2014',11,240,'2015-11-19',NULL,3,0,0,' ','No','0000-00-00 00:00:00'),(1459,'las/19/12/2014',12,240,'2015-12-19',NULL,3,0,0,' ','No','0000-00-00 00:00:00'),(1460,'las/19/12/2014',13,240,'2016-01-19',NULL,3,0,0,' ','No','0000-00-00 00:00:00'),(1461,'las/19/12/2014',14,240,'2016-02-19',NULL,3,0,0,' ','No','0000-00-00 00:00:00'),(1462,'las/19/12/2014',15,240,'2016-03-19',NULL,3,0,0,' ','No','0000-00-00 00:00:00'),(1463,'las/19/12/2014',16,240,'2016-04-19',NULL,3,0,0,' ','No','0000-00-00 00:00:00'),(1464,'las/19/12/2014',17,240,'2016-05-19',NULL,3,0,0,' ','No','0000-00-00 00:00:00'),(1465,'las/19/12/2014',18,240,'2016-06-19',NULL,3,0,0,' ','No','0000-00-00 00:00:00'),(1466,'las/19/12/2014',19,240,'2016-07-19',NULL,3,0,0,' ','No','0000-00-00 00:00:00'),(1467,'las/19/12/2014',20,240,'2016-08-19',NULL,3,0,0,' ','No','0000-00-00 00:00:00'),(1468,'las/19/12/2014',21,240,'2016-09-19',NULL,3,0,0,' ','No','0000-00-00 00:00:00'),(1469,'las/19/12/2014',22,240,'2016-10-19',NULL,3,0,0,' ','No','0000-00-00 00:00:00'),(1470,'las/19/12/2014',23,240,'2016-11-19',NULL,3,0,0,' ','No','0000-00-00 00:00:00'),(1471,'las/19/12/2014',24,240,'2016-12-19',NULL,3,0,0,' ','No','0000-00-00 00:00:00'),(1472,'las18122014',1,280,'2015-01-18',NULL,3,0,0,' ','No','0000-00-00 00:00:00'),(1473,'las18122014',2,280,'2015-02-18',NULL,3,0,0,' ','No','0000-00-00 00:00:00'),(1474,'las18122014',3,280,'2015-03-18',NULL,3,0,0,' ','No','0000-00-00 00:00:00'),(1475,'las18122014',4,280,'2015-04-18',NULL,3,0,0,' ','No','0000-00-00 00:00:00'),(1476,'las18122014',5,280,'2015-05-18',NULL,3,0,0,' ','No','0000-00-00 00:00:00'),(1477,'las18122014',6,280,'2015-06-18',NULL,3,0,0,' ','No','0000-00-00 00:00:00'),(1478,'las18122014',7,280,'2015-07-18',NULL,3,0,0,' ','No','0000-00-00 00:00:00'),(1479,'las18122014',8,280,'2015-08-18',NULL,3,0,0,' ','No','0000-00-00 00:00:00'),(1480,'las18122014',9,280,'2015-09-18',NULL,3,0,0,' ','No','0000-00-00 00:00:00'),(1481,'las18122014',10,280,'2015-10-18',NULL,3,0,0,' ','No','0000-00-00 00:00:00'),(1482,'las18122014',11,280,'2015-11-18',NULL,3,0,0,' ','No','0000-00-00 00:00:00'),(1483,'las18122014',12,280,'2015-12-18',NULL,3,0,0,' ','No','0000-00-00 00:00:00'),(1484,'las18122014',13,280,'2016-01-18',NULL,3,0,0,' ','No','0000-00-00 00:00:00'),(1485,'las18122014',14,280,'2016-02-18',NULL,3,0,0,' ','No','0000-00-00 00:00:00'),(1486,'las18122014',15,280,'2016-03-18',NULL,3,0,0,' ','No','0000-00-00 00:00:00'),(1487,'las18122014',16,280,'2016-04-18',NULL,3,0,0,' ','No','0000-00-00 00:00:00'),(1488,'las18122014',17,280,'2016-05-18',NULL,3,0,0,' ','No','0000-00-00 00:00:00'),(1489,'las18122014',18,280,'2016-06-18',NULL,3,0,0,' ','No','0000-00-00 00:00:00'),(1490,'las18122014',19,280,'2016-07-18',NULL,3,0,0,' ','No','0000-00-00 00:00:00'),(1491,'las18122014',20,280,'2016-08-18',NULL,3,0,0,' ','No','0000-00-00 00:00:00'),(1492,'las18122014',21,280,'2016-09-18',NULL,3,0,0,' ','No','0000-00-00 00:00:00'),(1493,'las18122014',22,280,'2016-10-18',NULL,3,0,0,' ','No','0000-00-00 00:00:00'),(1494,'las18122014',23,280,'2016-11-18',NULL,3,0,0,' ','No','0000-00-00 00:00:00'),(1495,'las18122014',24,280,'2016-12-18',NULL,3,0,0,' ','No','0000-00-00 00:00:00'),(1496,'las22122014',1,240,'2015-01-22',NULL,3,0,0,' ','No','0000-00-00 00:00:00'),(1497,'las22122014',2,240,'2015-02-22',NULL,3,0,0,' ','No','0000-00-00 00:00:00'),(1498,'las22122014',3,240,'2015-03-22',NULL,3,0,0,' ','No','0000-00-00 00:00:00'),(1499,'las22122014',4,240,'2015-04-22',NULL,3,0,0,' ','No','0000-00-00 00:00:00'),(1500,'las22122014',5,240,'2015-05-22',NULL,3,0,0,' ','No','0000-00-00 00:00:00'),(1501,'las22122014',6,240,'2015-06-22',NULL,3,0,0,' ','No','0000-00-00 00:00:00'),(1502,'las22122014',7,240,'2015-07-22',NULL,3,0,0,' ','No','0000-00-00 00:00:00'),(1503,'las22122014',8,240,'2015-08-22',NULL,3,0,0,' ','No','0000-00-00 00:00:00'),(1504,'las22122014',9,240,'2015-09-22',NULL,3,0,0,' ','No','0000-00-00 00:00:00'),(1505,'las22122014',10,240,'2015-10-22',NULL,3,0,0,' ','No','0000-00-00 00:00:00'),(1506,'las22122014',11,240,'2015-11-22',NULL,3,0,0,' ','No','0000-00-00 00:00:00'),(1507,'las22122014',12,240,'2015-12-22',NULL,3,0,0,' ','No','0000-00-00 00:00:00'),(1508,'las22122014',13,240,'2016-01-22',NULL,3,0,0,' ','No','0000-00-00 00:00:00'),(1509,'las22122014',14,240,'2016-02-22',NULL,3,0,0,' ','No','0000-00-00 00:00:00'),(1510,'las22122014',15,240,'2016-03-22',NULL,3,0,0,' ','No','0000-00-00 00:00:00'),(1511,'las22122014',16,240,'2016-04-22',NULL,3,0,0,' ','No','0000-00-00 00:00:00'),(1512,'las22122014',17,240,'2016-05-22',NULL,3,0,0,' ','No','0000-00-00 00:00:00'),(1513,'las22122014',18,240,'2016-06-22',NULL,3,0,0,' ','No','0000-00-00 00:00:00'),(1514,'las22122014',19,240,'2016-07-22',NULL,3,0,0,' ','No','0000-00-00 00:00:00'),(1515,'las22122014',20,240,'2016-08-22',NULL,3,0,0,' ','No','0000-00-00 00:00:00'),(1516,'las22122014',21,240,'2016-09-22',NULL,3,0,0,' ','No','0000-00-00 00:00:00'),(1517,'las22122014',22,240,'2016-10-22',NULL,3,0,0,' ','No','0000-00-00 00:00:00'),(1518,'las22122014',23,240,'2016-11-22',NULL,3,0,0,' ','No','0000-00-00 00:00:00'),(1519,'las22122014',24,240,'2016-12-22',NULL,3,0,0,' ','No','0000-00-00 00:00:00'),(1520,'las16122014',1,11490,'2015-01-16',NULL,3,0,0,' ','No','0000-00-00 00:00:00'),(1521,'las2212201410',101,900,'2015-01-26',NULL,3,0,0,' ','Sí','0000-00-00 00:00:00'),(1522,'LAS17122014',1,4990,'2015-01-17',NULL,3,0,0,' ','No','0000-00-00 00:00:00'),(1523,'LAS23122014',1,200,'2015-01-23',NULL,3,0,0,' ','No','0000-00-00 00:00:00'),(1524,'LAS23122014',2,200,'2015-02-23',NULL,3,0,0,' ','No','0000-00-00 00:00:00'),(1525,'LAS23122014',3,200,'2015-03-23',NULL,3,0,0,' ','No','0000-00-00 00:00:00'),(1526,'LAS23122014',4,200,'2015-04-23',NULL,3,0,0,' ','No','0000-00-00 00:00:00'),(1527,'LAS23122014',5,200,'2015-05-23',NULL,3,0,0,' ','No','0000-00-00 00:00:00'),(1528,'LAS23122014',6,200,'2015-06-23',NULL,3,0,0,' ','No','0000-00-00 00:00:00'),(1529,'LAS23122014',7,200,'2015-07-23',NULL,3,0,0,' ','No','0000-00-00 00:00:00'),(1530,'LAS23122014',8,200,'2015-08-23',NULL,3,0,0,' ','No','0000-00-00 00:00:00'),(1531,'LAS23122014',9,200,'2015-09-23',NULL,3,0,0,' ','No','0000-00-00 00:00:00'),(1532,'LAS23122014',10,200,'2015-10-23',NULL,3,0,0,' ','No','0000-00-00 00:00:00'),(1533,'LAS23122014',11,200,'2015-11-23',NULL,3,0,0,' ','No','0000-00-00 00:00:00'),(1534,'LAS23122014',12,200,'2015-12-23',NULL,3,0,0,' ','No','0000-00-00 00:00:00'),(1535,'LAS23122014',13,200,'2016-01-23',NULL,3,0,0,' ','No','0000-00-00 00:00:00'),(1536,'LAS23122014',14,200,'2016-02-23',NULL,3,0,0,' ','No','0000-00-00 00:00:00'),(1537,'LAS23122014',15,200,'2016-03-23',NULL,3,0,0,' ','No','0000-00-00 00:00:00'),(1538,'LAS23122014',16,200,'2016-04-23',NULL,3,0,0,' ','No','0000-00-00 00:00:00'),(1539,'LAS23122014',17,200,'2016-05-23',NULL,3,0,0,' ','No','0000-00-00 00:00:00'),(1540,'LAS23122014',18,200,'2016-06-23',NULL,3,0,0,' ','No','0000-00-00 00:00:00'),(1541,'LAS23122014',19,200,'2016-07-23',NULL,3,0,0,' ','No','0000-00-00 00:00:00'),(1542,'LAS23122014',20,200,'2016-08-23',NULL,3,0,0,' ','No','0000-00-00 00:00:00'),(1543,'LAS23122014',21,200,'2016-09-23',NULL,3,0,0,' ','No','0000-00-00 00:00:00'),(1544,'LAS23122014',22,200,'2016-10-23',NULL,3,0,0,' ','No','0000-00-00 00:00:00'),(1545,'LAS23122014',23,200,'2016-11-23',NULL,3,0,0,' ','No','0000-00-00 00:00:00'),(1546,'LAS23122014',24,200,'2016-12-23',NULL,3,0,0,' ','No','0000-00-00 00:00:00'),(1547,'LAS20122014',1,9500,'2015-01-20',NULL,3,0,0,' ','No','0000-00-00 00:00:00'),(1548,'LAS2212201423',101,10400,'2015-03-22',NULL,3,0,0,' ','Sí','0000-00-00 00:00:00'),(1549,'LAS181220141215',1,170,'2015-01-18',NULL,3,0,0,' ','No','0000-00-00 00:00:00'),(1550,'LAS181220141215',2,170,'2015-02-18',NULL,3,0,0,' ','No','0000-00-00 00:00:00'),(1551,'LAS181220141215',3,170,'2015-03-18',NULL,3,0,0,' ','No','0000-00-00 00:00:00'),(1552,'LAS181220141215',4,170,'2015-04-18',NULL,3,0,0,' ','No','0000-00-00 00:00:00'),(1553,'LAS181220141215',5,170,'2015-05-18',NULL,3,0,0,' ','No','0000-00-00 00:00:00'),(1554,'LAS181220141215',6,170,'2015-06-18',NULL,3,0,0,' ','No','0000-00-00 00:00:00'),(1555,'LAS181220141215',7,170,'2015-07-18',NULL,3,0,0,' ','No','0000-00-00 00:00:00'),(1556,'LAS181220141215',8,170,'2015-08-18',NULL,3,0,0,' ','No','0000-00-00 00:00:00'),(1557,'LAS181220141215',9,170,'2015-09-18',NULL,3,0,0,' ','No','0000-00-00 00:00:00'),(1558,'LAS181220141215',10,170,'2015-10-18',NULL,3,0,0,' ','No','0000-00-00 00:00:00'),(1559,'LAS181220141215',11,170,'2015-11-18',NULL,3,0,0,' ','No','0000-00-00 00:00:00'),(1560,'LAS181220141215',12,170,'2015-12-18',NULL,3,0,0,' ','No','0000-00-00 00:00:00'),(1561,'LAS181220141215',13,170,'2016-01-18',NULL,3,0,0,' ','No','0000-00-00 00:00:00'),(1562,'LAS181220141215',14,170,'2016-02-18',NULL,3,0,0,' ','No','0000-00-00 00:00:00'),(1563,'LAS181220141215',15,170,'2016-03-18',NULL,3,0,0,' ','No','0000-00-00 00:00:00'),(1564,'LAS181220141215',16,170,'2016-04-18',NULL,3,0,0,' ','No','0000-00-00 00:00:00'),(1565,'LAS181220141215',17,170,'2016-05-18',NULL,3,0,0,' ','No','0000-00-00 00:00:00'),(1566,'LAS181220141215',18,170,'2016-06-18',NULL,3,0,0,' ','No','0000-00-00 00:00:00'),(1567,'LAS181220141215',19,170,'2016-07-18',NULL,3,0,0,' ','No','0000-00-00 00:00:00'),(1568,'LAS181220141215',20,170,'2016-08-18',NULL,3,0,0,' ','No','0000-00-00 00:00:00'),(1569,'LAS181220141215',21,170,'2016-09-18',NULL,3,0,0,' ','No','0000-00-00 00:00:00'),(1570,'LAS181220141215',22,170,'2016-10-18',NULL,3,0,0,' ','No','0000-00-00 00:00:00'),(1571,'LAS181220141215',23,170,'2016-11-18',NULL,3,0,0,' ','No','0000-00-00 00:00:00'),(1572,'LAS181220141215',24,170,'2016-12-18',NULL,3,0,0,' ','No','0000-00-00 00:00:00'),(1573,'LAS181220141215',101,1000,'2014-12-20',NULL,3,0,0,' ','Sí','0000-00-00 00:00:00'),(1574,'LAS181220141215',102,1000,'2015-03-20',NULL,3,0,0,' ','Sí','0000-00-00 00:00:00'),(1575,'LAS10122014',1,200,'2015-01-10',NULL,3,0,0,' ','No','0000-00-00 00:00:00'),(1576,'LAS10122014',2,200,'2015-02-10',NULL,3,0,0,' ','No','0000-00-00 00:00:00'),(1577,'LAS10122014',3,200,'2015-03-10',NULL,3,0,0,' ','No','0000-00-00 00:00:00'),(1578,'LAS10122014',4,200,'2015-04-10',NULL,3,0,0,' ','No','0000-00-00 00:00:00'),(1579,'LAS10122014',5,200,'2015-05-10',NULL,3,0,0,' ','No','0000-00-00 00:00:00'),(1580,'LAS10122014',6,200,'2015-06-10',NULL,3,0,0,' ','No','0000-00-00 00:00:00'),(1581,'LAS10122014',7,200,'2015-07-10',NULL,3,0,0,' ','No','0000-00-00 00:00:00'),(1582,'LAS10122014',8,200,'2015-08-10',NULL,3,0,0,' ','No','0000-00-00 00:00:00'),(1583,'LAS10122014',9,200,'2015-09-10',NULL,3,0,0,' ','No','0000-00-00 00:00:00'),(1584,'LAS10122014',10,200,'2015-10-10',NULL,3,0,0,' ','No','0000-00-00 00:00:00'),(1585,'LAS10122014',11,200,'2015-11-10',NULL,3,0,0,' ','No','0000-00-00 00:00:00'),(1586,'LAS10122014',12,200,'2015-12-10',NULL,3,0,0,' ','No','0000-00-00 00:00:00'),(1587,'LAS10122014',13,200,'2016-01-10',NULL,3,0,0,' ','No','0000-00-00 00:00:00'),(1588,'LAS10122014',14,200,'2016-02-10',NULL,3,0,0,' ','No','0000-00-00 00:00:00'),(1589,'LAS10122014',15,200,'2016-03-10',NULL,3,0,0,' ','No','0000-00-00 00:00:00'),(1590,'LAS10122014',16,200,'2016-04-10',NULL,3,0,0,' ','No','0000-00-00 00:00:00'),(1591,'LAS10122014',17,200,'2016-05-10',NULL,3,0,0,' ','No','0000-00-00 00:00:00'),(1592,'LAS10122014',18,200,'2016-06-10',NULL,3,0,0,' ','No','0000-00-00 00:00:00'),(1593,'LAS10122014',19,200,'2016-07-10',NULL,3,0,0,' ','No','0000-00-00 00:00:00'),(1594,'LAS10122014',20,200,'2016-08-10',NULL,3,0,0,' ','No','0000-00-00 00:00:00'),(1595,'LAS10122014',21,200,'2016-09-10',NULL,3,0,0,' ','No','0000-00-00 00:00:00'),(1596,'LAS10122014',22,200,'2016-10-10',NULL,3,0,0,' ','No','0000-00-00 00:00:00'),(1597,'LAS10122014',23,200,'2016-11-10',NULL,3,0,0,' ','No','0000-00-00 00:00:00'),(1598,'LAS10122014',24,200,'2016-12-10',NULL,3,0,0,' ','No','0000-00-00 00:00:00'),(1599,'LAS06122014',1,0,'2015-01-06',NULL,3,0,0,' ','No','0000-00-00 00:00:00'),(1600,'las30122014',1,155,'2015-01-30',NULL,3,0,0,' ','No','0000-00-00 00:00:00'),(1601,'las30122014',2,155,'2015-02-28',NULL,3,0,0,' ','No','0000-00-00 00:00:00'),(1602,'las30122014',3,155,'2015-03-28',NULL,3,0,0,' ','No','0000-00-00 00:00:00'),(1603,'las30122014',4,155,'2015-04-28',NULL,3,0,0,' ','No','0000-00-00 00:00:00'),(1604,'las30122014',5,155,'2015-05-28',NULL,3,0,0,' ','No','0000-00-00 00:00:00'),(1605,'las30122014',6,155,'2015-06-28',NULL,3,0,0,' ','No','0000-00-00 00:00:00'),(1606,'las30122014',7,155,'2015-07-28',NULL,3,0,0,' ','No','0000-00-00 00:00:00'),(1607,'las30122014',8,155,'2015-08-28',NULL,3,0,0,' ','No','0000-00-00 00:00:00'),(1608,'las30122014',9,155,'2015-09-28',NULL,3,0,0,' ','No','0000-00-00 00:00:00'),(1609,'las30122014',10,155,'2015-10-28',NULL,3,0,0,' ','No','0000-00-00 00:00:00'),(1610,'las30122014',11,155,'2015-11-28',NULL,3,0,0,' ','No','0000-00-00 00:00:00'),(1611,'las30122014',12,155,'2015-12-28',NULL,3,0,0,' ','No','0000-00-00 00:00:00'),(1612,'las30122014',13,155,'2016-01-28',NULL,3,0,0,' ','No','0000-00-00 00:00:00'),(1613,'las30122014',14,155,'2016-02-28',NULL,3,0,0,' ','No','0000-00-00 00:00:00'),(1614,'las30122014',15,155,'2016-03-28',NULL,3,0,0,' ','No','0000-00-00 00:00:00'),(1615,'las30122014',16,155,'2016-04-28',NULL,3,0,0,' ','No','0000-00-00 00:00:00'),(1616,'las30122014',17,155,'2016-05-28',NULL,3,0,0,' ','No','0000-00-00 00:00:00'),(1617,'las30122014',18,155,'2016-06-28',NULL,3,0,0,' ','No','0000-00-00 00:00:00'),(1618,'las30122014',19,155,'2016-07-28',NULL,3,0,0,' ','No','0000-00-00 00:00:00'),(1619,'las30122014',20,155,'2016-08-28',NULL,3,0,0,' ','No','0000-00-00 00:00:00'),(1620,'las30122014',21,155,'2016-09-28',NULL,3,0,0,' ','No','0000-00-00 00:00:00'),(1621,'las30122014',22,155,'2016-10-28',NULL,3,0,0,' ','No','0000-00-00 00:00:00'),(1622,'las30122014',23,155,'2016-11-28',NULL,3,0,0,' ','No','0000-00-00 00:00:00'),(1623,'las30122014',24,155,'2016-12-28',NULL,3,0,0,' ','No','0000-00-00 00:00:00'),(1624,'las30122014',101,500,'2015-02-10',NULL,3,0,0,' ','Sí','0000-00-00 00:00:00'),(1625,'LAS03/12/2014',1,950,'2015-01-03',NULL,3,0,0,' ','No','0000-00-00 00:00:00'),(1626,'lasc/050115',101,1560,'2015-02-05',NULL,3,0,0,' ','Sí','0000-00-00 00:00:00'),(1627,'lasc/050115',102,1560,'2015-03-05',NULL,3,0,0,' ','Sí','0000-00-00 00:00:00'),(1628,'las7115',101,1500,'2015-02-25',NULL,3,0,0,' ','Sí','0000-00-00 00:00:00'),(1629,'las7115',102,2700,'2015-04-25',NULL,3,0,0,' ','Sí','0000-00-00 00:00:00'),(1630,'LAS15012015',1,530,'2015-02-15',NULL,3,0,0,' ','No','0000-00-00 00:00:00'),(1631,'LAS15012015',2,530,'2015-03-15',NULL,3,0,0,' ','No','0000-00-00 00:00:00'),(1632,'LAS15012015',3,530,'2015-04-15',NULL,3,0,0,' ','No','0000-00-00 00:00:00'),(1633,'las/211/1/15',1,9200,'2015-02-21',NULL,3,0,0,' ','No','0000-00-00 00:00:00'),(1634,'las/21115',1,9200,'2015-02-21',NULL,3,0,0,' ','No','0000-00-00 00:00:00'),(1635,'las/16115012',1,5250,'2015-02-16',NULL,3,0,0,' ','No','0000-00-00 00:00:00'),(1636,'las/24/1/15',1,200,'2015-02-24',NULL,3,0,0,' ','No','0000-00-00 00:00:00'),(1637,'las/24/1/15',2,200,'2015-03-24',NULL,3,0,0,' ','No','0000-00-00 00:00:00'),(1638,'las/24/1/15',3,200,'2015-04-24',NULL,3,0,0,' ','No','0000-00-00 00:00:00'),(1639,'las/24/1/15',4,200,'2015-05-24',NULL,3,0,0,' ','No','0000-00-00 00:00:00'),(1640,'las/24/1/15',5,200,'2015-06-24',NULL,3,0,0,' ','No','0000-00-00 00:00:00'),(1641,'las/24/1/15',6,200,'2015-07-24',NULL,3,0,0,' ','No','0000-00-00 00:00:00'),(1642,'las/24/1/15',7,200,'2015-08-24',NULL,3,0,0,' ','No','0000-00-00 00:00:00'),(1643,'las/24/1/15',8,200,'2015-09-24',NULL,3,0,0,' ','No','0000-00-00 00:00:00'),(1644,'las/24/1/15',9,200,'2015-10-24',NULL,3,0,0,' ','No','0000-00-00 00:00:00'),(1645,'las/24/1/15',10,200,'2015-11-24',NULL,3,0,0,' ','No','0000-00-00 00:00:00'),(1646,'las/24/1/15',11,200,'2015-12-24',NULL,3,0,0,' ','No','0000-00-00 00:00:00'),(1647,'las/24/1/15',12,200,'2016-01-24',NULL,3,0,0,' ','No','0000-00-00 00:00:00'),(1648,'las/24/1/15',13,200,'2016-02-24',NULL,3,0,0,' ','No','0000-00-00 00:00:00'),(1649,'las/24/1/15',14,200,'2016-03-24',NULL,3,0,0,' ','No','0000-00-00 00:00:00'),(1650,'las/24/1/15',15,200,'2016-04-24',NULL,3,0,0,' ','No','0000-00-00 00:00:00'),(1651,'las/24/1/15',16,200,'2016-05-24',NULL,3,0,0,' ','No','0000-00-00 00:00:00'),(1652,'las/24/1/15',17,200,'2016-06-24',NULL,3,0,0,' ','No','0000-00-00 00:00:00'),(1653,'las/24/1/15',18,200,'2016-07-24',NULL,3,0,0,' ','No','0000-00-00 00:00:00'),(1654,'las/24/1/15',19,200,'2016-08-24',NULL,3,0,0,' ','No','0000-00-00 00:00:00'),(1655,'las/24/1/15',20,200,'2016-09-24',NULL,3,0,0,' ','No','0000-00-00 00:00:00'),(1656,'las/24/1/15',21,200,'2016-10-24',NULL,3,0,0,' ','No','0000-00-00 00:00:00'),(1657,'las/24/1/15',22,200,'2016-11-24',NULL,3,0,0,' ','No','0000-00-00 00:00:00'),(1658,'las/24/1/15',23,200,'2016-12-24',NULL,3,0,0,' ','No','0000-00-00 00:00:00'),(1659,'las/24/1/15',24,200,'2017-01-24',NULL,3,0,0,' ','No','0000-00-00 00:00:00'),(1660,'las/24/1/15',101,1100,'2015-07-27',NULL,3,0,0,' ','Sí','0000-00-00 00:00:00'),(1661,'las/24/1/15',102,1100,'2016-07-27',NULL,3,0,0,' ','Sí','0000-00-00 00:00:00'),(1662,'LAS/01/12/2014',1,775,'2015-01-01',NULL,3,0,0,' ','No','0000-00-00 00:00:00'),(1663,'LAS/01/12/2014',2,775,'2015-02-01',NULL,3,0,0,' ','No','0000-00-00 00:00:00'),(1664,'LAS/01/12/2014',3,775,'2015-03-01',NULL,3,0,0,' ','No','0000-00-00 00:00:00'),(1665,'LAS/01/12/2014',4,775,'2015-04-01',NULL,3,0,0,' ','No','0000-00-00 00:00:00'),(1666,'LAS/01/12/2014',5,775,'2015-05-01',NULL,3,0,0,' ','No','0000-00-00 00:00:00'),(1667,'LAS/01/12/2014',6,775,'2015-06-01',NULL,3,0,0,' ','No','0000-00-00 00:00:00'),(1668,'LAS/01/12/2014',7,775,'2015-07-01',NULL,3,0,0,' ','No','0000-00-00 00:00:00'),(1669,'LAS/01/12/2014',8,775,'2015-08-01',NULL,3,0,0,' ','No','0000-00-00 00:00:00'),(1670,'LAS/01/12/2014',9,775,'2015-09-01',NULL,3,0,0,' ','No','0000-00-00 00:00:00'),(1671,'LAS/01/12/2014',10,775,'2015-10-01',NULL,3,0,0,' ','No','0000-00-00 00:00:00'),(1672,'LAS/01/12/2014',11,775,'2015-11-01',NULL,3,0,0,' ','No','0000-00-00 00:00:00'),(1673,'LAS/01/12/2014',12,775,'2015-12-01',NULL,3,0,0,' ','No','0000-00-00 00:00:00'),(1674,'LAS/100215',1,15500,'2015-03-10',NULL,3,0,0,' ','No','0000-00-00 00:00:00'),(1675,'LAS/31115',1,355,'2015-02-28',NULL,3,0,0,' ','No','0000-00-00 00:00:00'),(1676,'LAS/31115',2,355,'2015-03-28',NULL,3,0,0,' ','No','0000-00-00 00:00:00'),(1677,'LAS/31115',3,355,'2015-04-28',NULL,3,0,0,' ','No','0000-00-00 00:00:00'),(1678,'LAS/31115',4,355,'2015-05-28',NULL,3,0,0,' ','No','0000-00-00 00:00:00'),(1679,'LAS/31115',5,355,'2015-06-28',NULL,3,0,0,' ','No','0000-00-00 00:00:00'),(1680,'LAS/31115',6,355,'2015-07-28',NULL,3,0,0,' ','No','0000-00-00 00:00:00'),(1681,'LAS/31115',7,355,'2015-08-28',NULL,3,0,0,' ','No','0000-00-00 00:00:00'),(1682,'LAS/31115',8,355,'2015-09-28',NULL,3,0,0,' ','No','0000-00-00 00:00:00'),(1683,'LAS/31115',9,355,'2015-10-28',NULL,3,0,0,' ','No','0000-00-00 00:00:00'),(1684,'LAS/31115',10,355,'2015-11-28',NULL,3,0,0,' ','No','0000-00-00 00:00:00'),(1685,'LAS/31115',11,355,'2015-12-28',NULL,3,0,0,' ','No','0000-00-00 00:00:00'),(1686,'LAS/31115',12,355,'2016-01-28',NULL,3,0,0,' ','No','0000-00-00 00:00:00'),(1687,'LAS/31115',13,355,'2016-02-28',NULL,3,0,0,' ','No','0000-00-00 00:00:00'),(1688,'LAS/31115',14,355,'2016-03-28',NULL,3,0,0,' ','No','0000-00-00 00:00:00'),(1689,'LAS/31115',15,355,'2016-04-28',NULL,3,0,0,' ','No','0000-00-00 00:00:00'),(1690,'LAS/31115',16,355,'2016-05-28',NULL,3,0,0,' ','No','0000-00-00 00:00:00'),(1691,'LAS/31115',17,355,'2016-06-28',NULL,3,0,0,' ','No','0000-00-00 00:00:00'),(1692,'LAS/31115',18,355,'2016-07-28',NULL,3,0,0,' ','No','0000-00-00 00:00:00'),(1693,'LAS/31115',19,355,'2016-08-28',NULL,3,0,0,' ','No','0000-00-00 00:00:00'),(1694,'LAS/31115',20,355,'2016-09-28',NULL,3,0,0,' ','No','0000-00-00 00:00:00'),(1695,'LAS/31115',21,355,'2016-10-28',NULL,3,0,0,' ','No','0000-00-00 00:00:00'),(1696,'LAS/31115',22,355,'2016-11-28',NULL,3,0,0,' ','No','0000-00-00 00:00:00'),(1697,'LAS/31115',23,355,'2016-12-28',NULL,3,0,0,' ','No','0000-00-00 00:00:00'),(1698,'LAS/31115',24,355,'2017-01-28',NULL,3,0,0,' ','No','0000-00-00 00:00:00'),(1699,'LAS/28115',1,4500,'2015-02-28',NULL,3,0,0,' ','No','0000-00-00 00:00:00'),(1700,'LAS/1115',1,0,'2015-03-01',NULL,3,0,0,' ','No','0000-00-00 00:00:00'),(1701,'las14/02/2015',1,200,'2015-03-14',NULL,1,0,0,' ','No','0000-00-00 00:00:00'),(1702,'las14/02/2015',2,200,'2015-04-14',NULL,1,0,0,' ','No','0000-00-00 00:00:00'),(1703,'las14/02/2015',3,200,'2015-05-14',NULL,1,0,0,' ','No','0000-00-00 00:00:00'),(1704,'las14/02/2015',4,200,'2015-06-14',NULL,1,0,0,' ','No','0000-00-00 00:00:00'),(1705,'las14/02/2015',5,200,'2015-07-14',NULL,1,0,0,' ','No','0000-00-00 00:00:00'),(1706,'las14/02/2015',6,200,'2015-08-14',NULL,1,0,0,' ','No','0000-00-00 00:00:00'),(1707,'las14/02/2015',7,200,'2015-09-14',NULL,1,0,0,' ','No','0000-00-00 00:00:00'),(1708,'las14/02/2015',8,200,'2015-10-14',NULL,1,0,0,' ','No','0000-00-00 00:00:00'),(1709,'las14/02/2015',9,200,'2015-11-14',NULL,1,0,0,' ','No','0000-00-00 00:00:00'),(1710,'las14/02/2015',10,200,'2015-12-14',NULL,1,0,0,' ','No','0000-00-00 00:00:00'),(1711,'las14/02/2015',11,200,'2016-01-14',NULL,1,0,0,' ','No','0000-00-00 00:00:00'),(1712,'las14/02/2015',12,200,'2016-02-14',NULL,1,0,0,' ','No','0000-00-00 00:00:00'),(1713,'las14/02/2015',13,200,'2016-03-14',NULL,1,0,0,' ','No','0000-00-00 00:00:00'),(1714,'las14/02/2015',14,200,'2016-04-14',NULL,1,0,0,' ','No','0000-00-00 00:00:00'),(1715,'las14/02/2015',15,200,'2016-05-14',NULL,1,0,0,' ','No','0000-00-00 00:00:00'),(1716,'las14/02/2015',16,200,'2016-06-14',NULL,1,0,0,' ','No','0000-00-00 00:00:00'),(1717,'las14/02/2015',17,200,'2016-07-14',NULL,1,0,0,' ','No','0000-00-00 00:00:00'),(1718,'las14/02/2015',18,200,'2016-08-14',NULL,1,0,0,' ','No','0000-00-00 00:00:00'),(1719,'las14/02/2015',19,200,'2016-09-14',NULL,1,0,0,' ','No','0000-00-00 00:00:00'),(1720,'las14/02/2015',20,200,'2016-10-14',NULL,1,0,0,' ','No','0000-00-00 00:00:00'),(1721,'las14/02/2015',21,200,'2016-11-14',NULL,1,0,0,' ','No','0000-00-00 00:00:00'),(1722,'las14/02/2015',22,200,'2016-12-14',NULL,1,0,0,' ','No','0000-00-00 00:00:00'),(1723,'las14/02/2015',23,200,'2017-01-14',NULL,1,0,0,' ','No','0000-00-00 00:00:00'),(1724,'las14/02/2015',24,200,'2017-02-14',NULL,1,0,0,' ','No','0000-00-00 00:00:00'),(1725,'las14/02/2015',101,1000,'2015-08-13',NULL,1,0,0,' ','Sí','0000-00-00 00:00:00'),(1726,'las14/02/2015',102,10000,'2016-06-13',NULL,1,0,0,' ','Sí','0000-00-00 00:00:00'),(1727,'LAS18022015',1,120,'2015-03-18',NULL,3,0,0,' ','No','0000-00-00 00:00:00'),(1728,'LAS18022015',2,120,'2015-04-18',NULL,3,0,0,' ','No','0000-00-00 00:00:00'),(1729,'LAS18022015',3,120,'2015-05-18',NULL,3,0,0,' ','No','0000-00-00 00:00:00'),(1730,'LAS18022015',4,120,'2015-06-18',NULL,3,0,0,' ','No','0000-00-00 00:00:00'),(1731,'LAS18022015',5,120,'2015-07-18',NULL,3,0,0,' ','No','0000-00-00 00:00:00'),(1732,'LAS18022015',6,120,'2015-08-18',NULL,3,0,0,' ','No','0000-00-00 00:00:00'),(1733,'LAS18022015',7,120,'2015-09-18',NULL,3,0,0,' ','No','0000-00-00 00:00:00'),(1734,'LAS18022015',8,120,'2015-10-18',NULL,3,0,0,' ','No','0000-00-00 00:00:00'),(1735,'LAS18022015',9,120,'2015-11-18',NULL,3,0,0,' ','No','0000-00-00 00:00:00'),(1736,'LAS18022015',10,120,'2015-12-18',NULL,3,0,0,' ','No','0000-00-00 00:00:00'),(1737,'LAS18022015',11,120,'2016-01-18',NULL,3,0,0,' ','No','0000-00-00 00:00:00'),(1738,'LAS18022015',12,120,'2016-02-18',NULL,3,0,0,' ','No','0000-00-00 00:00:00'),(1739,'LAS05022015',1,185,'2015-03-04',NULL,3,0,0,' ','No','0000-00-00 00:00:00'),(1740,'LAS05022015',2,185,'2015-04-04',NULL,3,0,0,' ','No','0000-00-00 00:00:00'),(1741,'LAS05022015',3,185,'2015-05-04',NULL,3,0,0,' ','No','0000-00-00 00:00:00'),(1742,'LAS05022015',4,185,'2015-06-04',NULL,3,0,0,' ','No','0000-00-00 00:00:00'),(1743,'LAS05022015',5,185,'2015-07-04',NULL,3,0,0,' ','No','0000-00-00 00:00:00'),(1744,'LAS05022015',6,185,'2015-08-04',NULL,3,0,0,' ','No','0000-00-00 00:00:00'),(1745,'LAS05022015',7,185,'2015-09-04',NULL,3,0,0,' ','No','0000-00-00 00:00:00'),(1746,'LAS05022015',8,185,'2015-10-04',NULL,3,0,0,' ','No','0000-00-00 00:00:00'),(1747,'LAS05022015',9,185,'2015-11-04',NULL,3,0,0,' ','No','0000-00-00 00:00:00'),(1748,'LAS05022015',10,185,'2015-12-04',NULL,3,0,0,' ','No','0000-00-00 00:00:00'),(1749,'LAS05022015',11,185,'2016-01-04',NULL,3,0,0,' ','No','0000-00-00 00:00:00'),(1750,'LAS05022015',12,185,'2016-02-04',NULL,3,0,0,' ','No','0000-00-00 00:00:00'),(1751,'LAS05022015',13,185,'2016-03-04',NULL,3,0,0,' ','No','0000-00-00 00:00:00'),(1752,'LAS05022015',14,185,'2016-04-04',NULL,3,0,0,' ','No','0000-00-00 00:00:00'),(1753,'LAS05022015',15,185,'2016-05-04',NULL,3,0,0,' ','No','0000-00-00 00:00:00'),(1754,'LAS05022015',16,185,'2016-06-04',NULL,3,0,0,' ','No','0000-00-00 00:00:00'),(1755,'LAS05022015',17,185,'2016-07-04',NULL,3,0,0,' ','No','0000-00-00 00:00:00'),(1756,'LAS05022015',18,185,'2016-08-04',NULL,3,0,0,' ','No','0000-00-00 00:00:00'),(1757,'LAS05022015',19,185,'2016-09-04',NULL,3,0,0,' ','No','0000-00-00 00:00:00'),(1758,'LAS05022015',20,185,'2016-10-04',NULL,3,0,0,' ','No','0000-00-00 00:00:00'),(1759,'LAS05022015',21,185,'2016-11-04',NULL,3,0,0,' ','No','0000-00-00 00:00:00'),(1760,'LAS05022015',22,185,'2016-12-04',NULL,3,0,0,' ','No','0000-00-00 00:00:00'),(1761,'LAS05022015',23,185,'2017-01-04',NULL,3,0,0,' ','No','0000-00-00 00:00:00'),(1762,'LAS05022015',24,185,'2017-02-04',NULL,3,0,0,' ','No','0000-00-00 00:00:00'),(1763,'LAS24012015',1,600,'2015-02-24',NULL,3,0,0,' ','No','0000-00-00 00:00:00'),(1764,'LAS24012015',2,600,'2015-03-24',NULL,3,0,0,' ','No','0000-00-00 00:00:00'),(1765,'LAS11022015',1,35500,'2015-03-11',NULL,3,0,0,' ','No','0000-00-00 00:00:00'),(1766,'LAS26022015',1,8500,'2015-03-26',NULL,3,0,0,' ','No','0000-00-00 00:00:00'),(1767,'las24022015',1,18690,'2015-03-24',NULL,1,0,0,' ','No','0000-00-00 00:00:00'),(1768,'21022015',1,320,'2015-03-21',NULL,1,0,0,' ','No','0000-00-00 00:00:00'),(1769,'21022015',2,320,'2015-04-21',NULL,1,0,0,' ','No','0000-00-00 00:00:00'),(1770,'21022015',3,320,'2015-05-21',NULL,1,0,0,' ','No','0000-00-00 00:00:00'),(1771,'21022015',4,320,'2015-06-21',NULL,1,0,0,' ','No','0000-00-00 00:00:00'),(1772,'21022015',5,320,'2015-07-21',NULL,1,0,0,' ','No','0000-00-00 00:00:00'),(1773,'21022015',6,320,'2015-08-21',NULL,1,0,0,' ','No','0000-00-00 00:00:00'),(1774,'21022015',7,320,'2015-09-21',NULL,1,0,0,' ','No','0000-00-00 00:00:00'),(1775,'21022015',8,320,'2015-10-21',NULL,1,0,0,' ','No','0000-00-00 00:00:00'),(1776,'21022015',9,320,'2015-11-21',NULL,1,0,0,' ','No','0000-00-00 00:00:00'),(1777,'21022015',10,320,'2015-12-21',NULL,1,0,0,' ','No','0000-00-00 00:00:00'),(1778,'21022015',11,320,'2016-01-21',NULL,1,0,0,' ','No','0000-00-00 00:00:00'),(1779,'21022015',12,320,'2016-02-21',NULL,1,0,0,' ','No','0000-00-00 00:00:00'),(1780,'21022015',13,320,'2016-03-21',NULL,1,0,0,' ','No','0000-00-00 00:00:00'),(1781,'21022015',14,320,'2016-04-21',NULL,1,0,0,' ','No','0000-00-00 00:00:00'),(1782,'21022015',15,320,'2016-05-21',NULL,1,0,0,' ','No','0000-00-00 00:00:00'),(1783,'21022015',16,320,'2016-06-21',NULL,1,0,0,' ','No','0000-00-00 00:00:00'),(1784,'21022015',17,320,'2016-07-21',NULL,1,0,0,' ','No','0000-00-00 00:00:00'),(1785,'21022015',18,320,'2016-08-21',NULL,1,0,0,' ','No','0000-00-00 00:00:00'),(1786,'21022015',19,320,'2016-09-21',NULL,1,0,0,' ','No','0000-00-00 00:00:00'),(1787,'21022015',20,320,'2016-10-21',NULL,1,0,0,' ','No','0000-00-00 00:00:00'),(1788,'21022015',21,320,'2016-11-21',NULL,1,0,0,' ','No','0000-00-00 00:00:00'),(1789,'21022015',22,320,'2016-12-21',NULL,1,0,0,' ','No','0000-00-00 00:00:00'),(1790,'21022015',23,320,'2017-01-21',NULL,1,0,0,' ','No','0000-00-00 00:00:00'),(1791,'21022015',24,320,'2017-02-21',NULL,1,0,0,' ','No','0000-00-00 00:00:00'),(1792,'21022015',25,320,'2017-03-21',NULL,1,0,0,' ','No','0000-00-00 00:00:00'),(1793,'21022015',26,320,'2017-04-21',NULL,1,0,0,' ','No','0000-00-00 00:00:00'),(1794,'21022015',27,320,'2017-05-21',NULL,1,0,0,' ','No','0000-00-00 00:00:00'),(1795,'21022015',28,320,'2017-06-21',NULL,1,0,0,' ','No','0000-00-00 00:00:00'),(1796,'21022015',29,320,'2017-07-21',NULL,1,0,0,' ','No','0000-00-00 00:00:00'),(1797,'21022015',30,320,'2017-08-21',NULL,1,0,0,' ','No','0000-00-00 00:00:00'),(1798,'21022015',101,1000,'2015-12-21',NULL,1,0,0,' ','Sí','0000-00-00 00:00:00'),(1799,'21022015',102,1000,'2016-12-21',NULL,1,0,0,' ','Sí','0000-00-00 00:00:00'),(1800,'21022015',103,1000,'2017-12-21',NULL,1,0,0,' ','Sí','0000-00-00 00:00:00'),(1801,'LAS27022015',1,1055,'2015-03-27',NULL,1,0,0,' ','No','0000-00-00 00:00:00'),(1802,'LAS27022015',2,1055,'2015-04-27',NULL,1,0,0,' ','No','0000-00-00 00:00:00'),(1803,'LAS27022015',3,1055,'2015-05-27',NULL,1,0,0,' ','No','0000-00-00 00:00:00'),(1804,'LAS27022015',4,1055,'2015-06-27',NULL,1,0,0,' ','No','0000-00-00 00:00:00'),(1806,'las02032015',1,1000,'2015-03-28',NULL,1,0,0,' ','No','0000-00-00 00:00:00'),(1807,'las/02662015',101,4000,'2015-07-07',NULL,3,0,0,' ','Sí','0000-00-00 00:00:00'),(1808,'las/0562015',1,215,'2015-07-04',NULL,3,0,0,' ','No','0000-00-00 00:00:00'),(1809,'las/0562015',2,215,'2015-08-04',NULL,3,0,0,' ','No','0000-00-00 00:00:00'),(1810,'las/0562015',3,215,'2015-09-04',NULL,3,0,0,' ','No','0000-00-00 00:00:00'),(1811,'las/0562015',4,215,'2015-10-04',NULL,3,0,0,' ','No','0000-00-00 00:00:00'),(1812,'las/0562015',5,215,'2015-11-04',NULL,3,0,0,' ','No','0000-00-00 00:00:00'),(1813,'las/0562015',6,215,'2015-12-04',NULL,3,0,0,' ','No','0000-00-00 00:00:00'),(1814,'las/0562015',7,215,'2016-01-04',NULL,3,0,0,' ','No','0000-00-00 00:00:00'),(1815,'las/0562015',8,215,'2016-02-04',NULL,3,0,0,' ','No','0000-00-00 00:00:00'),(1816,'las/0562015',9,215,'2016-03-04',NULL,3,0,0,' ','No','0000-00-00 00:00:00'),(1817,'las/0562015',10,215,'2016-04-04',NULL,3,0,0,' ','No','0000-00-00 00:00:00'),(1818,'las/0562015',11,215,'2016-05-04',NULL,3,0,0,' ','No','0000-00-00 00:00:00'),(1819,'las/0562015',12,215,'2016-06-04',NULL,3,0,0,' ','No','0000-00-00 00:00:00'),(1820,'las/0562015',13,215,'2016-07-04',NULL,3,0,0,' ','No','0000-00-00 00:00:00'),(1821,'las/0562015',14,215,'2016-08-04',NULL,3,0,0,' ','No','0000-00-00 00:00:00'),(1822,'las/0562015',15,215,'2016-09-04',NULL,3,0,0,' ','No','0000-00-00 00:00:00'),(1823,'las/0562015',16,215,'2016-10-04',NULL,3,0,0,' ','No','0000-00-00 00:00:00'),(1824,'las/0562015',17,215,'2016-11-04',NULL,3,0,0,' ','No','0000-00-00 00:00:00'),(1825,'las/0562015',18,215,'2016-12-04',NULL,3,0,0,' ','No','0000-00-00 00:00:00'),(1826,'las/0562015',19,215,'2017-01-04',NULL,3,0,0,' ','No','0000-00-00 00:00:00'),(1827,'las/0562015',20,215,'2017-02-04',NULL,3,0,0,' ','No','0000-00-00 00:00:00'),(1828,'las/0562015',21,215,'2017-03-04',NULL,3,0,0,' ','No','0000-00-00 00:00:00'),(1829,'las/0562015',22,215,'2017-04-04',NULL,3,0,0,' ','No','0000-00-00 00:00:00'),(1830,'las/0562015',23,215,'2017-05-04',NULL,3,0,0,' ','No','0000-00-00 00:00:00'),(1831,'las/0562015',24,215,'2017-06-04',NULL,3,0,0,' ','No','0000-00-00 00:00:00'),(1832,'las/0562015',101,2000,'2015-06-12',NULL,3,0,0,' ','Sí','0000-00-00 00:00:00'),(1833,'las/0562015',102,1000,'2015-07-04',NULL,3,0,0,' ','Sí','0000-00-00 00:00:00'),(1834,'las0562015',1,85,'2015-07-05',NULL,3,0,0,' ','No','0000-00-00 00:00:00'),(1835,'las0562015',2,85,'2015-08-05',NULL,3,0,0,' ','No','0000-00-00 00:00:00'),(1836,'las0562015',3,85,'2015-09-05',NULL,3,0,0,' ','No','0000-00-00 00:00:00'),(1837,'las0562015',4,85,'2015-10-05',NULL,3,0,0,' ','No','0000-00-00 00:00:00'),(1838,'las0562015',5,85,'2015-11-05',NULL,3,0,0,' ','No','0000-00-00 00:00:00'),(1839,'las0562015',6,85,'2015-12-05',NULL,3,0,0,' ','No','0000-00-00 00:00:00'),(1840,'las0562015',7,85,'2016-01-05',NULL,3,0,0,' ','No','0000-00-00 00:00:00'),(1841,'las0562015',8,85,'2016-02-05',NULL,3,0,0,' ','No','0000-00-00 00:00:00'),(1842,'las0562015',9,85,'2016-03-05',NULL,3,0,0,' ','No','0000-00-00 00:00:00'),(1843,'las0562015',10,85,'2016-04-05',NULL,3,0,0,' ','No','0000-00-00 00:00:00'),(1844,'las0562015',11,85,'2016-05-05',NULL,3,0,0,' ','No','0000-00-00 00:00:00'),(1845,'las0562015',12,85,'2016-06-05',NULL,3,0,0,' ','No','0000-00-00 00:00:00'),(1846,'LAS/6615',1,12499,'2015-07-06',NULL,3,0,0,' ','No','0000-00-00 00:00:00'),(1847,'LAS/5615',1,1020,'2015-07-05',NULL,3,0,0,' ','No','0000-00-00 00:00:00'),(1848,'LAS/8615',1,1100,'2015-07-08',NULL,3,0,0,' ','No','0000-00-00 00:00:00'),(1849,'LAS/8615',2,1100,'2015-08-08',NULL,3,0,0,' ','No','0000-00-00 00:00:00'),(1850,'LAS/8615',3,1100,'2015-09-08',NULL,3,0,0,' ','No','0000-00-00 00:00:00'),(1851,'LAS/60615',1,155,'2015-07-06',NULL,3,0,0,' ','No','0000-00-00 00:00:00'),(1852,'LAS/60615',2,155,'2015-08-06',NULL,3,0,0,' ','No','0000-00-00 00:00:00'),(1853,'LAS/60615',3,155,'2015-09-06',NULL,3,0,0,' ','No','0000-00-00 00:00:00'),(1854,'LAS/60615',4,155,'2015-10-06',NULL,3,0,0,' ','No','0000-00-00 00:00:00'),(1855,'LAS/60615',5,155,'2015-11-06',NULL,3,0,0,' ','No','0000-00-00 00:00:00'),(1856,'LAS/60615',6,155,'2015-12-06',NULL,3,0,0,' ','No','0000-00-00 00:00:00'),(1857,'LAS/60615',7,155,'2016-01-06',NULL,3,0,0,' ','No','0000-00-00 00:00:00'),(1858,'LAS/60615',8,155,'2016-02-06',NULL,3,0,0,' ','No','0000-00-00 00:00:00'),(1859,'LAS/60615',9,155,'2016-03-06',NULL,3,0,0,' ','No','0000-00-00 00:00:00'),(1860,'LAS/60615',10,155,'2016-04-06',NULL,3,0,0,' ','No','0000-00-00 00:00:00'),(1861,'LAS/60615',11,155,'2016-05-06',NULL,3,0,0,' ','No','0000-00-00 00:00:00'),(1862,'LAS/60615',12,155,'2016-06-06',NULL,3,0,0,' ','No','0000-00-00 00:00:00'),(1863,'LAS/60615',13,155,'2016-07-06',NULL,3,0,0,' ','No','0000-00-00 00:00:00'),(1864,'LAS/60615',14,155,'2016-08-06',NULL,3,0,0,' ','No','0000-00-00 00:00:00'),(1865,'LAS/60615',15,155,'2016-09-06',NULL,3,0,0,' ','No','0000-00-00 00:00:00'),(1866,'LAS/60615',16,155,'2016-10-06',NULL,3,0,0,' ','No','0000-00-00 00:00:00'),(1867,'LAS/60615',17,155,'2016-11-06',NULL,3,0,0,' ','No','0000-00-00 00:00:00'),(1868,'LAS/60615',18,155,'2016-12-06',NULL,3,0,0,' ','No','0000-00-00 00:00:00'),(1869,'LAS/60615',19,155,'2017-01-06',NULL,3,0,0,' ','No','0000-00-00 00:00:00'),(1870,'LAS/60615',20,155,'2017-02-06',NULL,3,0,0,' ','No','0000-00-00 00:00:00'),(1871,'LAS/60615',21,155,'2017-03-06',NULL,3,0,0,' ','No','0000-00-00 00:00:00'),(1872,'LAS/60615',22,155,'2017-04-06',NULL,3,0,0,' ','No','0000-00-00 00:00:00'),(1873,'LAS/60615',23,155,'2017-05-06',NULL,3,0,0,' ','No','0000-00-00 00:00:00'),(1874,'LAS/60615',24,155,'2017-06-06',NULL,3,0,0,' ','No','0000-00-00 00:00:00'),(1875,'LAS/60615',101,500,'2015-07-06',NULL,3,0,0,' ','Sí','0000-00-00 00:00:00'),(1876,'LAS/80615',1,255,'2015-07-08',NULL,3,0,0,' ','No','0000-00-00 00:00:00'),(1877,'LAS/80615',2,255,'2015-08-08',NULL,3,0,0,' ','No','0000-00-00 00:00:00'),(1878,'LAS/80615',3,255,'2015-09-08',NULL,3,0,0,' ','No','0000-00-00 00:00:00'),(1879,'LAS/80615',4,255,'2015-10-08',NULL,3,0,0,' ','No','0000-00-00 00:00:00'),(1880,'LAS/80615',5,255,'2015-11-08',NULL,3,0,0,' ','No','0000-00-00 00:00:00'),(1881,'LAS/80615',6,255,'2015-12-08',NULL,3,0,0,' ','No','0000-00-00 00:00:00'),(1882,'LAS/80615',7,255,'2016-01-08',NULL,3,0,0,' ','No','0000-00-00 00:00:00'),(1883,'LAS/80615',8,255,'2016-02-08',NULL,3,0,0,' ','No','0000-00-00 00:00:00'),(1884,'LAS/80615',9,255,'2016-03-08',NULL,3,0,0,' ','No','0000-00-00 00:00:00'),(1885,'LAS/80615',10,255,'2016-04-08',NULL,3,0,0,' ','No','0000-00-00 00:00:00'),(1886,'LAS/80615',11,255,'2016-05-08',NULL,3,0,0,' ','No','0000-00-00 00:00:00'),(1887,'LAS/80615',12,255,'2016-06-08',NULL,3,0,0,' ','No','0000-00-00 00:00:00'),(1888,'LAS/80615',13,255,'2016-07-08',NULL,3,0,0,' ','No','0000-00-00 00:00:00'),(1889,'LAS/80615',14,255,'2016-08-08',NULL,3,0,0,' ','No','0000-00-00 00:00:00'),(1890,'LAS/80615',15,255,'2016-09-08',NULL,3,0,0,' ','No','0000-00-00 00:00:00'),(1891,'LAS/80615',16,255,'2016-10-08',NULL,3,0,0,' ','No','0000-00-00 00:00:00'),(1892,'LAS/80615',17,255,'2016-11-08',NULL,3,0,0,' ','No','0000-00-00 00:00:00'),(1893,'LAS/80615',18,255,'2016-12-08',NULL,3,0,0,' ','No','0000-00-00 00:00:00'),(1894,'LAS/80615',19,255,'2017-01-08',NULL,3,0,0,' ','No','0000-00-00 00:00:00'),(1895,'LAS/80615',20,255,'2017-02-08',NULL,3,0,0,' ','No','0000-00-00 00:00:00'),(1896,'LAS/80615',21,255,'2017-03-08',NULL,3,0,0,' ','No','0000-00-00 00:00:00'),(1897,'LAS/80615',22,255,'2017-04-08',NULL,3,0,0,' ','No','0000-00-00 00:00:00'),(1898,'LAS/80615',23,255,'2017-05-08',NULL,3,0,0,' ','No','0000-00-00 00:00:00'),(1899,'LAS/80615',24,255,'2017-06-08',NULL,3,0,0,' ','No','0000-00-00 00:00:00'),(1900,'las/11615',1,20990,'2015-07-11','2015-06-11',3,3,1,'','No','0000-00-00 00:00:00'),(1901,'las/130615',1,7500,'2015-07-13',NULL,3,0,0,' ','No','0000-00-00 00:00:00'),(1902,'las/130615',2,7500,'2015-08-13',NULL,3,0,0,' ','No','0000-00-00 00:00:00'),(1903,'las/130615',3,7500,'2015-09-13',NULL,3,0,0,' ','No','0000-00-00 00:00:00'),(1904,'las/130615',4,7500,'2015-10-13',NULL,3,0,0,' ','No','0000-00-00 00:00:00'),(1905,'las/130615',5,7500,'2015-11-13',NULL,3,0,0,' ','No','0000-00-00 00:00:00'),(1906,'las/130615',6,7500,'2015-12-13',NULL,3,0,0,' ','No','0000-00-00 00:00:00'),(1907,'las/130615',7,7500,'2016-01-13',NULL,3,0,0,' ','No','0000-00-00 00:00:00'),(1908,'las/130615',8,7500,'2016-02-13',NULL,3,0,0,' ','No','0000-00-00 00:00:00'),(1909,'las/130615',9,7500,'2016-03-13',NULL,3,0,0,' ','No','0000-00-00 00:00:00'),(1910,'las/130615',10,7500,'2016-04-13',NULL,3,0,0,' ','No','0000-00-00 00:00:00'),(1911,'las/130615',11,7500,'2016-05-13',NULL,3,0,0,' ','No','0000-00-00 00:00:00'),(1912,'las/130615',12,7500,'2016-06-13',NULL,3,0,0,' ','No','0000-00-00 00:00:00'),(1913,'las/130615',13,7500,'2016-07-13',NULL,3,0,0,' ','No','0000-00-00 00:00:00'),(1914,'las/130615',14,7500,'2016-08-13',NULL,3,0,0,' ','No','0000-00-00 00:00:00'),(1915,'las/130615',15,7500,'2016-09-13',NULL,3,0,0,' ','No','0000-00-00 00:00:00'),(1916,'las/130615',16,7500,'2016-10-13',NULL,3,0,0,' ','No','0000-00-00 00:00:00'),(1917,'las/130615',17,7500,'2016-11-13',NULL,3,0,0,' ','No','0000-00-00 00:00:00'),(1918,'las/130615',18,7500,'2016-12-13',NULL,3,0,0,' ','No','0000-00-00 00:00:00'),(1919,'las/130615',19,7500,'2017-01-13',NULL,3,0,0,' ','No','0000-00-00 00:00:00'),(1920,'las/130615',20,7500,'2017-02-13',NULL,3,0,0,' ','No','0000-00-00 00:00:00'),(1921,'las/130615',21,7500,'2017-03-13',NULL,3,0,0,' ','No','0000-00-00 00:00:00'),(1922,'las/130615',22,7500,'2017-04-13',NULL,3,0,0,' ','No','0000-00-00 00:00:00'),(1923,'las/130615',23,7500,'2017-05-13',NULL,3,0,0,' ','No','0000-00-00 00:00:00'),(1924,'las/130615',24,7500,'2017-06-13',NULL,3,0,0,' ','No','0000-00-00 00:00:00'),(1925,'LAS/136150',1,340,'2015-07-13',NULL,3,0,0,' ','No','0000-00-00 00:00:00'),(1926,'LAS/136150',2,340,'2015-08-13',NULL,3,0,0,' ','No','0000-00-00 00:00:00'),(1927,'LAS/136150',3,340,'2015-09-13',NULL,3,0,0,' ','No','0000-00-00 00:00:00'),(1928,'LAS/136150',4,340,'2015-10-13',NULL,3,0,0,' ','No','0000-00-00 00:00:00'),(1929,'LAS/136150',5,340,'2015-11-13',NULL,3,0,0,' ','No','0000-00-00 00:00:00'),(1930,'LAS/136150',6,340,'2015-12-13',NULL,3,0,0,' ','No','0000-00-00 00:00:00'),(1931,'LAS/136150',7,340,'2016-01-13',NULL,3,0,0,' ','No','0000-00-00 00:00:00'),(1932,'LAS/136150',8,340,'2016-02-13',NULL,3,0,0,' ','No','0000-00-00 00:00:00'),(1933,'LAS/136150',9,340,'2016-03-13',NULL,3,0,0,' ','No','0000-00-00 00:00:00'),(1934,'LAS/136150',10,340,'2016-04-13',NULL,3,0,0,' ','No','0000-00-00 00:00:00'),(1935,'LAS/136150',11,340,'2016-05-13',NULL,3,0,0,' ','No','0000-00-00 00:00:00'),(1936,'LAS/136150',12,340,'2016-06-13',NULL,3,0,0,' ','No','0000-00-00 00:00:00'),(1937,'LAS/136150',13,340,'2016-07-13',NULL,3,0,0,' ','No','0000-00-00 00:00:00'),(1938,'LAS/136150',14,340,'2016-08-13',NULL,3,0,0,' ','No','0000-00-00 00:00:00'),(1939,'LAS/136150',15,340,'2016-09-13',NULL,3,0,0,' ','No','0000-00-00 00:00:00'),(1940,'LAS/136150',16,340,'2016-10-13',NULL,3,0,0,' ','No','0000-00-00 00:00:00'),(1941,'LAS/136150',17,340,'2016-11-13',NULL,3,0,0,' ','No','0000-00-00 00:00:00'),(1942,'LAS/136150',18,340,'2016-12-13',NULL,3,0,0,' ','No','0000-00-00 00:00:00'),(1943,'LAS/136150',19,340,'2017-01-13',NULL,3,0,0,' ','No','0000-00-00 00:00:00'),(1944,'LAS/136150',20,340,'2017-02-13',NULL,3,0,0,' ','No','0000-00-00 00:00:00'),(1945,'LAS/136150',21,340,'2017-03-13',NULL,3,0,0,' ','No','0000-00-00 00:00:00'),(1946,'LAS/136150',22,340,'2017-04-13',NULL,3,0,0,' ','No','0000-00-00 00:00:00'),(1947,'LAS/136150',23,340,'2017-05-13',NULL,3,0,0,' ','No','0000-00-00 00:00:00'),(1948,'LAS/136150',24,340,'2017-06-13',NULL,3,0,0,' ','No','0000-00-00 00:00:00'),(1949,'LAS/16615',1,21490,'2015-07-16',NULL,3,0,0,' ','No','0000-00-00 00:00:00'),(1950,'LAS/166150',1,13500,'2015-07-16',NULL,3,0,0,' ','No','0000-00-00 00:00:00'),(1951,'las/18615',1,110,'2015-07-18',NULL,3,0,0,' ','No','0000-00-00 00:00:00'),(1952,'las/18615',2,110,'2015-08-18',NULL,3,0,0,' ','No','0000-00-00 00:00:00'),(1953,'las/18615',3,110,'2015-09-18',NULL,3,0,0,' ','No','0000-00-00 00:00:00'),(1954,'las/18615',4,110,'2015-10-18',NULL,3,0,0,' ','No','0000-00-00 00:00:00'),(1955,'las/18615',5,110,'2015-11-18',NULL,3,0,0,' ','No','0000-00-00 00:00:00'),(1956,'las/18615',6,110,'2015-12-18',NULL,3,0,0,' ','No','0000-00-00 00:00:00'),(1957,'las/18615',7,110,'2016-01-18',NULL,3,0,0,' ','No','0000-00-00 00:00:00'),(1958,'las/18615',8,110,'2016-02-18',NULL,3,0,0,' ','No','0000-00-00 00:00:00'),(1959,'las/18615',9,110,'2016-03-18',NULL,3,0,0,' ','No','0000-00-00 00:00:00'),(1960,'las/18615',10,110,'2016-04-18',NULL,3,0,0,' ','No','0000-00-00 00:00:00'),(1961,'las/18615',11,110,'2016-05-18',NULL,3,0,0,' ','No','0000-00-00 00:00:00'),(1962,'las/18615',12,110,'2016-06-18',NULL,3,0,0,' ','No','0000-00-00 00:00:00'),(1963,'las/18615',13,110,'2016-07-18',NULL,3,0,0,' ','No','0000-00-00 00:00:00'),(1964,'las/18615',14,110,'2016-08-18',NULL,3,0,0,' ','No','0000-00-00 00:00:00'),(1965,'las/18615',15,110,'2016-09-18',NULL,3,0,0,' ','No','0000-00-00 00:00:00'),(1966,'las/18615',16,110,'2016-10-18',NULL,3,0,0,' ','No','0000-00-00 00:00:00'),(1967,'las/18615',17,110,'2016-11-18',NULL,3,0,0,' ','No','0000-00-00 00:00:00'),(1968,'las/18615',18,110,'2016-12-18',NULL,3,0,0,' ','No','0000-00-00 00:00:00'),(1969,'las/18615',19,110,'2017-01-18',NULL,3,0,0,' ','No','0000-00-00 00:00:00'),(1970,'las/18615',20,110,'2017-02-18',NULL,3,0,0,' ','No','0000-00-00 00:00:00'),(1971,'las/18615',21,110,'2017-03-18',NULL,3,0,0,' ','No','0000-00-00 00:00:00'),(1972,'las/18615',22,110,'2017-04-18',NULL,3,0,0,' ','No','0000-00-00 00:00:00'),(1973,'las/18615',23,110,'2017-05-18',NULL,3,0,0,' ','No','0000-00-00 00:00:00'),(1974,'las/18615',24,110,'2017-06-18',NULL,3,0,0,' ','No','0000-00-00 00:00:00'),(1975,'LAS/22615',1,1100,'2015-07-22',NULL,3,0,0,' ','No','0000-00-00 00:00:00'),(2000,'las/2061500',1,170,'2015-07-20',NULL,3,0,0,' ','No','0000-00-00 00:00:00'),(2001,'las/2061500',2,170,'2015-08-20',NULL,3,0,0,' ','No','0000-00-00 00:00:00'),(2002,'las/2061500',3,170,'2015-09-20',NULL,3,0,0,' ','No','0000-00-00 00:00:00'),(2003,'las/2061500',4,170,'2015-10-20',NULL,3,0,0,' ','No','0000-00-00 00:00:00'),(2004,'las/2061500',5,170,'2015-11-20',NULL,3,0,0,' ','No','0000-00-00 00:00:00'),(2005,'las/2061500',6,170,'2015-12-20',NULL,3,0,0,' ','No','0000-00-00 00:00:00'),(2006,'las/2061500',7,170,'2016-01-20',NULL,3,0,0,' ','No','0000-00-00 00:00:00'),(2007,'las/2061500',8,170,'2016-02-20',NULL,3,0,0,' ','No','0000-00-00 00:00:00'),(2008,'las/2061500',9,170,'2016-03-20',NULL,3,0,0,' ','No','0000-00-00 00:00:00'),(2009,'las/2061500',10,170,'2016-04-20',NULL,3,0,0,' ','No','0000-00-00 00:00:00'),(2010,'las/2061500',11,170,'2016-05-20',NULL,3,0,0,' ','No','0000-00-00 00:00:00'),(2011,'las/2061500',12,170,'2016-06-20',NULL,3,0,0,' ','No','0000-00-00 00:00:00'),(2012,'las/2061500',13,170,'2016-07-20',NULL,3,0,0,' ','No','0000-00-00 00:00:00'),(2013,'las/2061500',14,170,'2016-08-20',NULL,3,0,0,' ','No','0000-00-00 00:00:00'),(2014,'las/2061500',15,170,'2016-09-20',NULL,3,0,0,' ','No','0000-00-00 00:00:00'),(2015,'las/2061500',16,170,'2016-10-20',NULL,3,0,0,' ','No','0000-00-00 00:00:00'),(2016,'las/2061500',17,170,'2016-11-20',NULL,3,0,0,' ','No','0000-00-00 00:00:00'),(2017,'las/2061500',18,170,'2016-12-20',NULL,3,0,0,' ','No','0000-00-00 00:00:00'),(2018,'las/2061500',19,170,'2017-01-20',NULL,3,0,0,' ','No','0000-00-00 00:00:00'),(2019,'las/2061500',20,170,'2017-02-20',NULL,3,0,0,' ','No','0000-00-00 00:00:00'),(2020,'las/2061500',21,170,'2017-03-20',NULL,3,0,0,' ','No','0000-00-00 00:00:00'),(2021,'las/2061500',22,170,'2017-04-20',NULL,3,0,0,' ','No','0000-00-00 00:00:00'),(2022,'las/2061500',23,170,'2017-05-20',NULL,3,0,0,' ','No','0000-00-00 00:00:00'),(2023,'las/2061500',24,170,'2017-06-20',NULL,3,0,0,' ','No','0000-00-00 00:00:00'),(2024,'las/2061500',101,550,'2015-12-20',NULL,3,0,0,' ','Sí','0000-00-00 00:00:00'),(2025,'las/2061500',102,550,'2016-06-20',NULL,3,0,0,' ','Sí','0000-00-00 00:00:00'),(2026,'LAS/20615000',101,1700,'2015-06-30',NULL,3,0,0,' ','Sí','0000-00-00 00:00:00'),(2027,'LAS/226150',1,930,'2015-07-22',NULL,3,0,0,' ','No','0000-00-00 00:00:00'),(2028,'LAS/226150',2,930,'2015-08-22',NULL,3,0,0,' ','No','0000-00-00 00:00:00'),(2029,'LAS/226150',3,930,'2015-09-22',NULL,3,0,0,' ','No','0000-00-00 00:00:00'),(2030,'LAS/226150',4,930,'2015-10-22',NULL,3,0,0,' ','No','0000-00-00 00:00:00'),(2031,'LAS/226150',5,930,'2015-11-22',NULL,3,0,0,' ','No','0000-00-00 00:00:00'),(2032,'LAS/226150',6,930,'2015-12-22',NULL,3,0,0,' ','No','0000-00-00 00:00:00'),(2033,'LAS/226150',7,930,'2016-01-22',NULL,3,0,0,' ','No','0000-00-00 00:00:00'),(2034,'LAS/226150',8,930,'2016-02-22',NULL,3,0,0,' ','No','0000-00-00 00:00:00'),(2035,'LAS/226150',9,930,'2016-03-22',NULL,3,0,0,' ','No','0000-00-00 00:00:00'),(2036,'LAS/226150',10,930,'2016-04-22',NULL,3,0,0,' ','No','0000-00-00 00:00:00'),(2037,'LAS/226150',11,930,'2016-05-22',NULL,3,0,0,' ','No','0000-00-00 00:00:00'),(2038,'LAS/226150',12,930,'2016-06-22',NULL,3,0,0,' ','No','0000-00-00 00:00:00'),(2039,'LAS/25615',1,21490,'2015-07-25',NULL,3,0,0,' ','No','0000-00-00 00:00:00'),(2040,'las/25062015',1,1250,'2015-07-25',NULL,3,0,0,' ','No','0000-00-00 00:00:00'),(2041,'JL20160401001',1,240,'2016-05-01','2016-04-26',1,1,1,'Efectivo','No','0000-00-00 00:00:00'),(2042,'JL20160401001',2,240,'2016-06-01',NULL,1,0,0,' ','No','0000-00-00 00:00:00'),(2043,'JL20160102001',1,55,'2016-02-02','2016-02-03',1,1,1,'EFECTIVO','No','0000-00-00 00:00:00'),(2044,'JL20160102001',2,55,'2016-03-02','2016-03-07',1,1,1,'EFECTIVO','No','0000-00-00 00:00:00'),(2045,'JL20160102001',3,55,'2016-04-02','2016-04-02',1,1,1,'EFECTIVO','No','0000-00-00 00:00:00'),(2046,'JL20160102001',4,55,'2016-05-02','2016-05-11',1,1,1,'EFECTIVO','No','0000-00-00 00:00:00'),(2047,'JL20160102001',5,55,'2016-06-02',NULL,1,0,0,' ','No','0000-00-00 00:00:00'),(2048,'JL20160102001',6,55,'2016-07-02',NULL,1,0,0,' ','No','0000-00-00 00:00:00'),(2049,'JL20160102001',7,55,'2016-08-02',NULL,1,0,0,' ','No','0000-00-00 00:00:00'),(2050,'JL20160102001',8,55,'2016-09-02',NULL,1,0,0,' ','No','0000-00-00 00:00:00'),(2051,'JL20160102001',9,55,'2016-10-02',NULL,1,0,0,' ','No','0000-00-00 00:00:00'),(2052,'JL20160102001',10,55,'2016-11-02',NULL,1,0,0,' ','No','0000-00-00 00:00:00'),(2053,'JL20160102001',11,55,'2016-12-02',NULL,1,0,0,' ','No','0000-00-00 00:00:00'),(2054,'JL20160102001',12,55,'2017-01-02',NULL,1,0,0,' ','No','0000-00-00 00:00:00'),(2055,'JL20141101001',1,305,'2014-12-01','2015-01-02',1,1,1,'EFECTIVO','No','0000-00-00 00:00:00'),(2056,'JL20141101001',2,305,'2015-01-01','2015-02-02',1,1,1,'','No','0000-00-00 00:00:00'),(2057,'JL20141101001',3,305,'2015-02-01',NULL,1,0,0,' ','No','0000-00-00 00:00:00'),(2058,'JL20141101001',4,305,'2015-03-01',NULL,1,0,0,' ','No','0000-00-00 00:00:00'),(2059,'JL20141101001',5,305,'2015-04-01',NULL,1,0,0,' ','No','0000-00-00 00:00:00'),(2060,'JL20141101001',6,305,'2015-05-01',NULL,1,0,0,' ','No','0000-00-00 00:00:00'),(2061,'JL20141101001',7,305,'2015-06-01',NULL,1,0,0,' ','No','0000-00-00 00:00:00'),(2062,'JL20141101001',8,305,'2015-07-01',NULL,1,0,0,' ','No','0000-00-00 00:00:00'),(2063,'JL20141101001',9,305,'2015-08-01',NULL,1,0,0,' ','No','0000-00-00 00:00:00'),(2064,'JL20141101001',10,305,'2015-09-01',NULL,1,0,0,' ','No','0000-00-00 00:00:00'),(2065,'JL20141101001',11,305,'2015-10-01',NULL,1,0,0,' ','No','0000-00-00 00:00:00'),(2066,'JL20141101001',12,305,'2015-11-01',NULL,1,0,0,' ','No','0000-00-00 00:00:00'),(2067,'JL20141101001',13,305,'2015-12-01',NULL,1,0,0,' ','No','0000-00-00 00:00:00'),(2068,'JL20141101001',14,305,'2016-01-01',NULL,1,0,0,' ','No','0000-00-00 00:00:00'),(2069,'JL20141101001',15,305,'2016-02-01',NULL,1,0,0,' ','No','0000-00-00 00:00:00'),(2070,'JL20141101001',16,305,'2016-03-01',NULL,1,0,0,' ','No','0000-00-00 00:00:00'),(2071,'JL20141101001',17,305,'2016-04-01',NULL,1,0,0,' ','No','0000-00-00 00:00:00'),(2072,'JL20141101001',18,305,'2016-05-01',NULL,1,0,0,' ','No','0000-00-00 00:00:00'),(2073,'JL20141101001',19,305,'2016-06-01',NULL,1,0,0,' ','No','0000-00-00 00:00:00'),(2074,'JL20141101001',20,305,'2016-07-01',NULL,1,0,0,' ','No','0000-00-00 00:00:00'),(2075,'JL20141101001',21,305,'2016-08-01',NULL,1,0,0,' ','No','0000-00-00 00:00:00'),(2076,'JL20141101001',22,305,'2016-09-01',NULL,1,0,0,' ','No','0000-00-00 00:00:00'),(2077,'JL20141101001',23,305,'2016-10-01',NULL,1,0,0,' ','No','0000-00-00 00:00:00'),(2078,'JL20141101001',24,305,'2016-11-01',NULL,1,0,0,' ','No','0000-00-00 00:00:00'),(2079,'JL20141101001',25,305,'2016-12-01',NULL,1,0,0,' ','No','0000-00-00 00:00:00'),(2080,'JL20141101001',26,305,'2017-01-01',NULL,1,0,0,' ','No','0000-00-00 00:00:00'),(2081,'JL20141101001',27,305,'2017-02-01',NULL,1,0,0,' ','No','0000-00-00 00:00:00'),(2082,'JL20141101001',28,305,'2017-03-01',NULL,1,0,0,' ','No','0000-00-00 00:00:00'),(2083,'JL20141101001',29,305,'2017-04-01',NULL,1,0,0,' ','No','0000-00-00 00:00:00'),(2084,'JL20141101001',30,305,'2017-05-01',NULL,1,0,0,' ','No','0000-00-00 00:00:00'),(2085,'JL20141101001',31,305,'2017-06-01',NULL,1,0,0,' ','No','0000-00-00 00:00:00'),(2086,'JL20141101001',32,305,'2017-07-01',NULL,1,0,0,' ','No','0000-00-00 00:00:00'),(2087,'JL20141101001',33,305,'2017-08-01',NULL,1,0,0,' ','No','0000-00-00 00:00:00'),(2088,'JL20141101001',34,305,'2017-09-01',NULL,1,0,0,' ','No','0000-00-00 00:00:00'),(2089,'JL20141101001',35,305,'2017-10-01',NULL,1,0,0,' ','No','0000-00-00 00:00:00'),(2090,'JL20141101001',36,305,'2017-11-01',NULL,1,0,0,' ','No','0000-00-00 00:00:00'),(2091,'JL20160402001',1,64,'2016-05-02','2016-05-05',1,1,1,'EFECTIVO','No','0000-00-00 00:00:00'),(2092,'JL20160402001',2,64,'2016-06-02',NULL,1,0,0,'','No','0000-00-00 00:00:00'),(2093,'JL20160402001',3,64,'2016-07-02',NULL,1,0,0,' ','No','0000-00-00 00:00:00'),(2094,'JL20160402001',4,64,'2016-08-02',NULL,1,0,0,' ','No','0000-00-00 00:00:00'),(2095,'JL20160402001',5,64,'2016-09-02',NULL,1,0,0,' ','No','0000-00-00 00:00:00'),(2096,'JL20160402001',6,64,'2016-10-02',NULL,1,0,0,' ','No','0000-00-00 00:00:00'),(2097,'JL20160402001',7,64,'2016-11-02',NULL,1,0,0,' ','No','0000-00-00 00:00:00'),(2098,'JL20160402001',8,64,'2016-12-02',NULL,1,0,0,' ','No','0000-00-00 00:00:00'),(2099,'JL20160402001',9,64,'2017-01-02',NULL,1,0,0,' ','No','0000-00-00 00:00:00'),(2100,'JL20160402001',10,64,'2017-02-02',NULL,1,0,0,' ','No','0000-00-00 00:00:00'),(2101,'JL20160402001',11,64,'2017-03-02',NULL,1,0,0,' ','No','0000-00-00 00:00:00'),(2102,'JL20160402001',12,64,'2017-04-02',NULL,1,0,0,' ','No','0000-00-00 00:00:00'),(2103,'jl20160722001',1,210,'2016-08-22','2016-07-22',1,1,1,'','No','2016-07-22 22:42:25'),(2104,'jl20160722001',2,210,'2016-09-22',NULL,1,0,0,' ','No','2016-07-22 22:41:07'),(2105,'jl20160722001',3,210,'2016-10-22',NULL,1,0,0,' ','No','2016-07-22 22:41:08'),(2106,'jl20160722001',4,210,'2016-11-22',NULL,1,0,0,' ','No','2016-07-22 22:41:08'),(2107,'jl20160722001',5,210,'2016-12-22',NULL,1,0,0,' ','No','2016-07-22 22:41:08'),(2108,'jl20160722001',6,210,'2017-01-22',NULL,1,0,0,' ','No','2016-07-22 22:41:08'),(2109,'jl20160722001',7,210,'2017-02-22',NULL,1,0,0,' ','No','2016-07-22 22:41:08'),(2110,'jl20160722001',8,210,'2017-03-22',NULL,1,0,0,' ','No','2016-07-22 22:41:08'),(2111,'jl20160722001',9,210,'2017-04-22',NULL,1,0,0,' ','No','2016-07-22 22:41:08'),(2112,'jl20160722001',10,210,'2017-05-22',NULL,1,0,0,' ','No','2016-07-22 22:41:09'),(2113,'jl20160722001',11,210,'2017-06-22',NULL,1,0,0,' ','No','2016-07-22 22:41:09'),(2114,'jl20160722001',12,210,'2017-07-22',NULL,1,0,0,' ','No','2016-07-22 22:41:09'),(2115,'jl20160722001',13,210,'2017-08-22',NULL,1,0,0,' ','No','2016-07-22 22:41:09'),(2116,'jl20160722001',14,210,'2017-09-22',NULL,1,0,0,' ','No','2016-07-22 22:41:09'),(2117,'jl20160722001',15,210,'2017-10-22',NULL,1,0,0,' ','No','2016-07-22 22:41:09'),(2118,'jl20160722001',16,210,'2017-11-22',NULL,1,0,0,' ','No','2016-07-22 22:41:09'),(2119,'jl20160722001',17,210,'2017-12-22',NULL,1,0,0,' ','No','2016-07-22 22:41:09'),(2120,'jl20160722001',18,210,'2018-01-22',NULL,1,0,0,' ','No','2016-07-22 22:41:09'),(2121,'jl20160722001',19,210,'2018-02-22',NULL,1,0,0,' ','No','2016-07-22 22:41:10'),(2122,'jl20160722001',20,210,'2018-03-22',NULL,1,0,0,' ','No','2016-07-22 22:41:10'),(2123,'jl20160722001',21,210,'2018-04-22',NULL,1,0,0,' ','No','2016-07-22 22:41:10'),(2124,'jl20160722001',22,210,'2018-05-22',NULL,1,0,0,' ','No','2016-07-22 22:41:10'),(2125,'jl20160722001',23,210,'2018-06-22',NULL,1,0,0,' ','No','2016-07-22 22:41:10'),(2126,'jl20160722001',24,210,'2018-07-22',NULL,1,0,0,' ','No','2016-07-22 22:41:10'),(2127,'jl20160722001',101,500,'2016-08-26',NULL,1,0,0,' ','Sí','2016-07-22 22:41:10'),(2128,'jl20160722001',102,500,'2017-05-26',NULL,1,0,0,' ','Sí','2016-07-22 22:41:11');
/*!40000 ALTER TABLE `cuotas` ENABLE KEYS */;
UNLOCK TABLES;

--
-- Table structure for table `documentos`
--

DROP TABLE IF EXISTS `documentos`;
/*!40101 SET @saved_cs_client     = @@character_set_client */;
/*!40101 SET character_set_client = utf8 */;
CREATE TABLE `documentos` (
  `id_documento` int(11) NOT NULL AUTO_INCREMENT,
  `id_requisito` tinyint(4) NOT NULL DEFAULT '0',
  `id_operacion` varchar(20) NOT NULL DEFAULT '0',
  `id_cliente_fk` int(11) NOT NULL DEFAULT '0',
  `fecha_vencimiento` date NOT NULL,
  PRIMARY KEY (`id_documento`)
) ENGINE=InnoDB DEFAULT CHARSET=utf8;
/*!40101 SET character_set_client = @saved_cs_client */;

--
-- Dumping data for table `documentos`
--

LOCK TABLES `documentos` WRITE;
/*!40000 ALTER TABLE `documentos` DISABLE KEYS */;
/*!40000 ALTER TABLE `documentos` ENABLE KEYS */;
UNLOCK TABLES;

--
-- Table structure for table `estados_unidades`
--

DROP TABLE IF EXISTS `estados_unidades`;
/*!40101 SET @saved_cs_client     = @@character_set_client */;
/*!40101 SET character_set_client = utf8 */;
CREATE TABLE `estados_unidades` (
  `id_estado` int(11) NOT NULL AUTO_INCREMENT,
  `estado` varchar(50) NOT NULL DEFAULT '0',
  PRIMARY KEY (`id_estado`)
) ENGINE=InnoDB AUTO_INCREMENT=5 DEFAULT CHARSET=utf8;
/*!40101 SET character_set_client = @saved_cs_client */;

--
-- Dumping data for table `estados_unidades`
--

LOCK TABLES `estados_unidades` WRITE;
/*!40000 ALTER TABLE `estados_unidades` DISABLE KEYS */;
INSERT INTO `estados_unidades` VALUES (1,'Disponible'),(2,'Señada'),(3,'Vendida'),(4,'En trámite');
/*!40000 ALTER TABLE `estados_unidades` ENABLE KEYS */;
UNLOCK TABLES;

--
-- Table structure for table `movimientos`
--

DROP TABLE IF EXISTS `movimientos`;
/*!40101 SET @saved_cs_client     = @@character_set_client */;
/*!40101 SET character_set_client = utf8 */;
CREATE TABLE `movimientos` (
  `id_movimiento` int(11) NOT NULL AUTO_INCREMENT,
  `id_usuario` int(11) NOT NULL DEFAULT '0',
  `id_cuota` int(11) NOT NULL DEFAULT '0',
  `nro_cuota` tinyint(4) NOT NULL DEFAULT '0',
  `importe` double NOT NULL DEFAULT '0',
  `operacion` varchar(50) NOT NULL DEFAULT '0',
  `fecha` date NOT NULL DEFAULT '0000-00-00',
  `sucursal` tinyint(4) NOT NULL DEFAULT '0',
  `concepto` tinyint(4) NOT NULL DEFAULT '1',
  `cliente` int(11) NOT NULL DEFAULT '0',
  PRIMARY KEY (`id_movimiento`)
) ENGINE=InnoDB AUTO_INCREMENT=67 DEFAULT CHARSET=latin1;
/*!40101 SET character_set_client = @saved_cs_client */;

--
-- Dumping data for table `movimientos`
--

LOCK TABLES `movimientos` WRITE;
/*!40000 ALTER TABLE `movimientos` DISABLE KEYS */;
INSERT INTO `movimientos` VALUES (1,1,23,2,200,'JL/20140115001','2014-08-28',1,1,0),(2,1,23,2,200,'JL/20140115001','2014-08-28',1,1,0),(3,1,23,2,40,'JL/20140115001','2014-08-28',1,1,0),(4,1,252,1,200,'123456789','2014-08-29',1,1,0),(5,1,253,2,200,'123456789','2014-08-30',1,1,0),(6,1,254,3,200,'123456789','2014-08-30',1,1,0),(7,1,255,4,200,'123456789','2014-08-30',1,1,0),(8,1,256,5,200,'123456789','2014-09-04',1,1,0),(9,1,257,6,150,'123456789','2014-09-04',1,1,0),(10,1,257,6,50,'123456789','2014-09-05',1,1,0),(11,3,334,1,1190,'LAS/03092014','2014-09-09',1,1,0),(12,3,335,1,475,'las/05092014','2014-09-09',1,1,0),(13,1,258,7,200,'123456789','2014-09-10',1,1,0),(14,1,259,8,150,'123456789','2014-09-10',1,1,0),(15,1,259,8,50,'123456789','2014-09-10',1,1,0),(16,3,337,1,7000,'las/10092014','2014-09-10',1,1,0),(17,1,260,9,140,'123456789','2014-09-11',1,1,0),(18,3,326,1,200,'las/30082014','2014-09-11',1,1,0),(19,3,468,1,1000,'las/08092014005','2014-09-20',1,1,0),(20,3,469,1,17690,'las/27082014006','2014-09-20',1,1,0),(21,1,496,1,1000,'JL 2014-09-19','2014-09-25',2,1,0),(22,1,496,1,2000,'JL 2014-09-19','2014-09-25',2,1,0),(23,3,527,1,5790,'las/01102014','2014-10-01',1,1,0),(24,1,555,1,3500,'las/04102014','2014-10-04',1,1,0),(25,1,528,1,13740,'LAS/10022014','2014-10-04',1,1,0),(26,1,554,1,17240,'0310191401','2014-10-04',1,1,0),(27,1,553,1,19990,'las031020140','2014-10-04',1,1,0),(28,1,556,1,200,'las02102014003','2014-10-04',1,1,0),(29,3,260,9,60,'123456789','2014-10-04',1,1,0),(30,1,593,101,2000,'las06102014','2014-10-09',1,1,0),(31,3,405,1,1550,'12092014','2014-10-14',1,1,0),(32,3,405,1,100,'12092014','2014-10-14',1,1,0),(33,3,744,101,1700,'las1110201402','2014-10-14',1,1,0),(34,3,770,1,6190,'LAS13/10/2014','2014-10-15',1,1,0),(35,1,261,10,200,'123456789','2014-10-23',1,1,0),(36,1,0,0,2000,'0','2014-10-24',1,2,86),(37,1,0,0,1450,'0','2014-10-24',1,2,86),(38,1,0,0,1500,'0','2014-10-24',1,2,86),(39,1,0,0,1800,'0','2014-10-24',1,2,86),(40,3,864,1,5490,'LAS27102014','2014-10-28',1,1,0),(41,3,965,1,600,'LAS/04112014','2014-11-05',1,1,0),(42,3,639,1,560,'las08108201403','2014-11-07',1,1,0),(43,1,0,0,500,'0','2014-11-13',1,2,86),(44,1,0,0,3000,'0','2014-11-13',1,2,86),(45,1,966,1,3000,'LAS/041120140','2014-11-17',1,1,0),(46,1,967,1,650,'LAS/0711/2014','2014-11-17',1,1,0),(47,1,994,1,13390,'LAS/10/11/2014','2014-11-18',1,1,0),(48,1,995,1,5000,'LAS/1011201458','2014-11-18',1,1,0),(49,1,920,1,440,'las/251020145632','2014-11-20',1,1,0),(50,1,240,5,80,'las20140806','2015-02-14',1,1,0),(51,1,211,2,285,'JL/20140725001','2015-02-14',1,1,0),(52,3,1900,1,20990,'las/11615','2015-06-11',1,1,0),(53,1,2041,1,240,'JL20160401001','2016-04-26',1,1,0),(54,1,2043,1,55,'JL20160102001','2016-02-03',1,1,0),(55,1,2044,2,55,'JL20160102001','2016-03-07',1,1,0),(56,1,2045,3,55,'JL20160102001','2016-04-02',1,1,0),(57,1,2046,4,55,'JL20160102001','2016-05-11',1,1,0),(58,1,2055,1,305,'JL20141101001','2015-01-02',1,1,0),(59,1,2056,2,305,'JL20141101001','2015-02-02',1,1,0),(60,1,2091,1,64,'JL20160402001','2016-05-05',1,1,0),(61,1,2092,2,64,'JL20160402001','2016-06-05',1,1,0),(62,1,240,5,20,'las20140806','2016-07-22',1,1,0),(63,1,2103,1,210,'jl20160722001','2016-07-22',1,1,0),(64,1,0,0,1000,'0','2016-10-26',1,2,86),(65,1,0,0,2000,'0','2016-11-10',1,2,86),(66,1,0,0,4500,'0','2016-11-10',1,2,86);
/*!40000 ALTER TABLE `movimientos` ENABLE KEYS */;
UNLOCK TABLES;

--
-- Table structure for table `operaciones`
--

DROP TABLE IF EXISTS `operaciones`;
/*!40101 SET @saved_cs_client     = @@character_set_client */;
/*!40101 SET character_set_client = utf8 */;
CREATE TABLE `operaciones` (
  `id_operacion` int(11) NOT NULL AUTO_INCREMENT,
  `id_cliente_fk` int(11) NOT NULL DEFAULT '0',
  `id_unidad_fk` int(11) NOT NULL DEFAULT '0',
  `cuotas` tinyint(4) NOT NULL,
  `fecha` date NOT NULL,
  `vendedor` int(11) NOT NULL,
  `sucursal` tinyint(4) NOT NULL,
  `nro_conforme` varchar(20) NOT NULL DEFAULT '0',
  PRIMARY KEY (`id_operacion`),
  UNIQUE KEY `nro_conforme` (`nro_conforme`)
) ENGINE=InnoDB AUTO_INCREMENT=370 DEFAULT CHARSET=utf8;
/*!40101 SET character_set_client = @saved_cs_client */;

--
-- Dumping data for table `operaciones`
--

LOCK TABLES `operaciones` WRITE;
/*!40000 ALTER TABLE `operaciones` DISABLE KEYS */;
INSERT INTO `operaciones` VALUES (1,1,1,1,'2014-01-17',1,1,'JL/20140117001'),(10,2,2,5,'2014-01-15',1,1,'JL/20140115001'),(11,3,3,6,'2014-01-02',1,1,'JL/20140102001'),(12,4,4,0,'2014-01-02',1,1,'JL/20140102002'),(13,5,5,24,'2014-01-15',1,1,'JL/20140115002'),(14,6,6,24,'2014-01-11',1,1,'JL/20140111001'),(15,7,7,24,'2014-01-02',1,1,'JL/20140102003'),(16,8,8,0,'2014-01-10',1,1,'JL/20140110001'),(17,9,9,0,'2014-01-13',1,1,'JL/20140113001'),(18,10,10,0,'2014-01-10',1,1,'JL/20140110002'),(19,11,11,0,'2014-01-17',1,1,'JL/20140117002'),(20,12,12,0,'2014-01-17',1,1,'JL/20140117003'),(21,13,13,0,'2014-01-07',1,1,'JL/20140107001'),(22,14,14,0,'2013-12-16',1,1,'JL/20131216001'),(23,15,15,0,'2013-12-04',1,1,'JL/20131204001'),(24,16,16,0,'2013-12-30',1,1,'JL/20131230001'),(25,17,17,0,'2013-12-09',1,1,'JL/20131209001'),(26,18,18,0,'2013-12-14',1,1,'JL/20131214001'),(27,19,19,0,'2013-12-03',1,1,'JL/20131203001'),(28,20,20,0,'2013-12-06',1,1,'JL/20131206001'),(29,21,21,0,'2013-12-24',1,1,'JL/20131224001'),(30,22,22,0,'2013-12-21',1,1,'JL/20131221001'),(31,23,23,0,'2013-12-06',1,1,'JL/20131206002'),(32,24,24,0,'2013-12-04',1,1,'JL/20131204002'),(33,25,25,0,'2013-12-05',1,1,'JL/20131205001'),(34,27,26,0,'2013-12-16',1,1,'JL/20131216002'),(35,28,27,0,'2013-12-20',1,1,'JL/20131220001'),(36,29,28,0,'2013-12-03',1,1,'JL/20131203002'),(37,30,29,0,'2013-12-20',1,1,'JL/20131220002'),(38,31,30,0,'2013-12-04',1,1,'JL/20131204003'),(39,32,31,0,'2013-12-27',1,1,'JL/20131227001'),(40,33,32,0,'2013-11-20',1,1,'JL/20131120001'),(41,34,33,0,'2013-11-06',1,1,'JL/20131106001'),(42,35,34,0,'2013-11-16',1,1,'JL/20131116001'),(43,36,35,0,'2013-11-25',1,1,'JL/20131125001'),(44,37,36,0,'2013-11-09',1,1,'JL/20131109001'),(45,38,37,0,'2013-11-09',1,1,'JL/20131109002'),(46,39,38,0,'2013-11-09',1,1,'JL/20131109003'),(47,40,39,0,'2013-11-07',1,1,'JL/20131107001'),(48,41,40,0,'2013-11-22',1,1,'JL/20131122001'),(49,42,41,0,'2013-11-08',1,1,'JL/20131108001'),(50,43,42,0,'2013-11-19',1,1,'JL/20131119001'),(51,44,43,0,'2013-11-30',1,1,'JL/20131130001'),(52,45,44,0,'2013-11-05',1,1,'JL/20131105001'),(53,46,45,0,'2013-11-01',1,1,'JL/20131101001'),(54,47,46,0,'2013-11-29',1,1,'JL/20131129001'),(55,48,47,0,'2013-11-20',1,1,'JL/20131120002'),(56,49,48,0,'2013-11-14',1,1,'JL/20131114001'),(57,50,49,0,'2013-11-22',1,1,'JL/20131122002'),(58,51,50,0,'2013-11-07',1,1,'JL/20131107002'),(59,52,51,0,'2013-11-12',1,1,'JL/20131112001'),(60,53,52,0,'2013-11-07',1,1,'JL/20131107003'),(61,54,53,0,'2013-11-21',1,1,'JL/20131121001'),(62,55,54,0,'2013-11-04',1,1,'JL/20131104001'),(63,56,55,0,'2013-11-05',1,1,'JL/20131105002'),(64,57,56,0,'2013-11-06',1,1,'JL/20131106002'),(65,58,57,0,'2013-11-20',1,1,'JL/20131120003'),(66,59,58,0,'2013-11-20',1,1,'JL/20131120004'),(67,60,59,0,'2013-11-12',1,1,'JL/20131112002'),(68,61,60,0,'2013-10-19',1,1,'JL/20131019001'),(69,62,61,0,'2013-10-01',1,1,'JL/20131001001'),(70,63,62,0,'2013-10-10',1,1,'JL/20131010001'),(71,64,63,0,'2013-10-24',1,1,'JL/20131024001'),(72,65,64,0,'2013-10-16',1,1,'JL/20131016001'),(73,66,65,0,'2013-10-01',1,1,'JL/20131001002'),(74,67,66,0,'2013-10-03',1,1,'JL/20131003001'),(75,68,67,0,'2013-10-29',1,1,'JL/20131029001'),(76,69,68,0,'2013-10-21',1,1,'JL/20131021001'),(77,70,69,0,'2013-10-22',1,1,'JL/20131022001'),(78,71,70,0,'2013-10-29',1,1,'JL/20131029002'),(79,72,71,0,'2013-10-11',1,1,'JL/20131011001'),(80,73,72,0,'2013-10-08',1,1,'JL/20131008001'),(81,74,73,0,'2013-10-14',1,1,'JL/20131014001'),(87,75,74,0,'2013-10-29',1,1,'JL/20131029003'),(88,76,75,0,'2013-10-16',1,1,'JL/20131016002'),(89,77,76,0,'2013-10-25',1,1,'JL/20131025001'),(90,78,77,0,'2013-10-14',1,1,'JL/20131014002'),(91,79,78,0,'2013-10-04',1,1,'JL/20131004001'),(92,80,79,0,'2013-10-18',1,1,'JL/20131018001'),(93,81,80,0,'2013-10-17',1,1,'JL/20131017001'),(94,82,81,0,'2013-10-23',1,1,'JL/20131023001'),(95,83,82,0,'2013-10-11',1,1,'JL/20131011002'),(96,84,83,0,'2013-10-16',1,1,'JL/20131016003'),(98,85,84,0,'2013-10-11',1,1,'JL/20131011003'),(106,86,85,24,'2014-07-25',1,1,'JL/20140725001'),(107,86,87,15,'2014-08-13',1,1,'las20140806'),(108,86,86,24,'2014-08-14',1,1,'123456789'),(109,88,104,18,'2014-08-23',1,1,'las23082014'),(112,89,119,0,'2014-08-23',1,1,'LAS/23082014'),(113,90,120,12,'2014-08-26',1,1,'Las/26082014'),(114,91,98,0,'2014-08-27',1,1,'las/27082014'),(115,93,122,1,'2014-08-28',1,1,'las/28082014'),(116,95,109,2,'2014-08-30',1,1,'las/30082014'),(117,98,148,6,'2014-09-01',1,1,'Las/01092014'),(118,100,208,1,'2014-09-03',1,1,'LAS/03092014'),(119,97,209,2,'2014-09-05',1,1,'las/05092014'),(120,103,130,1,'2014-09-10',1,1,'las/10092014'),(121,104,124,12,'2014-09-08',1,1,'las/08092014'),(124,106,263,0,'2014-09-13',1,1,'las/13092014'),(133,107,265,12,'2014-08-28',1,1,'las28082014'),(136,109,102,24,'2014-09-10',1,1,'las10092014'),(138,110,266,10,'2014-09-10',1,1,'las10092014_002'),(139,53,262,6,'2014-09-10',1,1,'las100920140'),(140,111,267,1,'2014-09-12',1,1,'12092014'),(141,27,268,24,'2014-09-15',1,1,'las/15092014001'),(142,112,269,2,'2014-09-16',1,1,'LAS16092014'),(143,113,270,1,'2014-09-16',1,1,'LAS/1609_001'),(144,114,274,7,'2014-09-17',1,1,'las/17092014'),(145,102,108,0,'2014-09-13',1,1,'las/13092014003'),(146,96,90,24,'2014-09-03',1,1,'las/03092014004'),(147,30,100,1,'2014-09-08',1,1,'las/08092014005'),(148,92,121,1,'2014-09-27',1,1,'las/27082014006'),(149,116,232,1,'2014-09-23',1,2,'JR 2014-09-23'),(150,118,258,24,'2014-09-23',1,1,'las/23092014002'),(151,119,251,1,'2014-09-24',1,2,'JR 2014-09-24'),(152,120,284,1,'2014-09-19',1,2,'JL 2014-09-19'),(153,117,112,1,'2014-09-18',1,2,'JR 2014-09-18'),(154,122,214,1,'2014-09-17',1,2,'JR 2014-09-17'),(155,123,287,1,'2014-09-22',1,2,'JR. 2014-09-22'),(156,125,210,8,'2014-09-24',1,1,'las/2409201401'),(157,126,239,1,'2014-09-15',1,2,'JR 2014-09-15'),(159,127,216,1,'2014-09-17',1,2,'JR 2 2014-09-17  '),(160,124,220,10,'2014-09-22',1,2,'JR 2 2014-09-22'),(161,129,225,0,'2014-09-30',1,1,'las/30092014'),(162,130,257,1,'2014-10-01',1,1,'las/01102014'),(163,131,321,1,'2014-10-02',1,1,'LAS/10022014'),(164,132,260,24,'2014-10-03',1,1,'las03102013'),(165,133,324,1,'2014-10-03',1,1,'las031020140'),(166,134,325,1,'2014-10-03',1,1,'0310191401'),(167,136,326,1,'2014-10-04',1,1,'las/04102014'),(168,137,309,1,'2014-10-02',1,1,'las02102014003'),(169,138,328,1,'2014-10-06',1,2,'JR 2014-10-06'),(170,139,329,1,'2014-10-06',1,2,'JR 2 2014-10-06'),(171,140,290,24,'2014-10-01',1,2,'JR 2014-10-01'),(172,142,91,10,'2014-10-06',1,1,'las06102014'),(173,105,333,6,'2014-09-10',1,1,'LAS/10092014008'),(174,143,313,12,'2014-10-07',1,1,'las071020141'),(175,144,95,24,'2014-10-08',1,1,'las08/10/20142'),(176,145,334,6,'2014-10-08',1,1,'las08108201403'),(177,146,323,24,'2014-10-10',1,1,'las10/102014'),(178,147,123,18,'2014-10-10',1,1,'las1010201403'),(179,148,101,24,'2014-10-11',1,1,'las1110201401'),(180,141,246,24,'2014-10-04',1,1,'las0410201425'),(181,156,264,0,'2014-10-11',1,1,'las1110201402'),(182,154,280,3,'2014-10-11',1,1,'las1110201403'),(184,152,111,15,'2014-10-11',1,1,'las111020140112'),(185,149,343,2,'2014-10-06',1,1,'LAS60102014033'),(186,150,344,1,'2014-10-13',1,1,'LAS13/10/2014'),(187,155,306,6,'2014-10-14',1,1,'LAS14/10/2014'),(188,158,181,1,'2014-10-09',1,2,'JR 2014-10-09'),(189,159,353,1,'2014-10-13',1,2,'JR 2014-10-13'),(190,160,213,1,'2014-10-06',1,2,'JR2 2014-10-06'),(191,163,356,1,'2014-10-10',1,2,'JR 2014-10-10'),(192,165,363,1,'2014-10-17',1,2,'JR 2014-10-17'),(193,166,365,1,'2014-10-15',1,2,'JR 2014-10-15'),(194,167,217,24,'2014-10-21',1,2,'JR 2014-10-21'),(195,168,277,15,'2014-10-20',1,2,'JR 2014-10-20'),(197,161,288,24,'2014-10-09',1,2,'JR 2 2014-10-09'),(199,163,292,1,'2014-10-10',1,2,'JR 2 2014-10-10'),(200,248,330,0,'2014-10-21',1,1,'las21102014'),(201,250,259,3,'2014-09-27',1,1,'LAS27092014'),(202,249,372,5,'2014-10-20',1,1,'LAS20102014'),(203,252,383,1,'2014-10-23',1,1,'LAS23102014'),(204,164,357,1,'2014-10-16',1,1,'16102014'),(205,74,99,1,'2014-10-25',1,1,'las25102014'),(206,255,390,1,'2014-10-27',1,1,'LAS27102014'),(207,256,355,24,'2014-10-27',1,2,'JR 2014-10-27'),(208,257,392,1,'2014-10-27',1,2,'JR2 2014-10-27'),(212,259,332,0,'2014-10-25',1,1,'LAS/25102014'),(213,260,128,0,'2014-10-25',1,1,'LAS/2510201456'),(214,261,106,24,'2014-09-23',1,1,'las/2309201452'),(215,262,88,5,'2014-10-25',1,1,'las/251020145632'),(216,263,394,1,'2014-10-31',1,1,'LAS/31/10/2014'),(217,264,395,1,'2014-11-27',1,2,'JR1 2014-11-27'),(218,265,396,0,'2014-11-01',1,1,'LAS01112014'),(219,266,397,6,'2014-11-30',1,1,'LAS/3010/2014'),(220,267,376,12,'2014-11-01',1,1,'LAS/01112014'),(221,268,234,18,'2014-11-27',1,2,'JR 2 2014-11-27'),(222,269,380,1,'2014-11-04',1,1,'LAS/04112014'),(223,422,337,1,'2014-11-04',1,1,'LAS/041120140'),(224,423,275,1,'2014-11-07',1,1,'LAS/0711/2014'),(225,72,359,24,'2014-11-08',1,1,'LAS/08112014'),(227,424,310,1,'2014-11-08',1,1,'las/0811201401'),(228,425,415,1,'2014-11-10',1,1,'LAS/10/11/2014'),(229,426,405,1,'2014-11-10',1,1,'LAS/1011201458'),(230,2,94,15,'2014-11-13',1,1,'las/13112014'),(231,427,416,24,'2014-11-13',1,1,'las/13/11/2014'),(233,428,335,24,'2014-11-13',1,1,'las/1311201424'),(234,429,331,12,'2014-11-13',1,1,'LAS/1311201424568'),(235,430,410,1,'2014-11-14',1,1,'LAS/14112014'),(236,431,89,24,'2014-11-15',1,1,'LAS/15112014'),(237,432,248,2,'2014-11-17',1,1,'LAS/17/11/14'),(238,433,386,1,'2014-11-18',1,1,'las18/112014'),(239,435,340,1,'2014-11-20',1,1,'LAS/20112014'),(240,436,384,36,'2014-11-01',1,1,'LAS0111201421'),(242,437,228,24,'2014-10-25',1,1,'LAS/251020142154'),(243,435,407,0,'2014-11-21',1,1,'LAS/21112014'),(244,434,423,1,'2014-11-18',1,1,'LAS/18/112014'),(245,438,424,24,'2014-11-19',1,1,'LAS/19112014'),(247,439,105,1,'2014-11-14',1,1,'LAS/1411201478'),(248,440,348,24,'2014-11-10',1,1,'las/10112014'),(250,441,347,17,'2014-11-21',1,1,'las/211120141'),(251,442,427,1,'2014-11-03',1,2,'JR 2014-11-03'),(252,443,428,24,'2014-11-18',1,2,'JR 2014-11-18'),(253,444,431,1,'2014-11-13',1,2,'JR 2014-11-13'),(254,445,360,24,'2014-11-04',1,2,'JR 2014-11-04'),(256,446,433,1,'2014-11-21',1,1,'las/2111201421'),(257,447,194,1,'2014-11-10',1,2,'JR 2014-11-10'),(258,448,434,1,'2014-11-14',1,2,'JR 2014-11-14'),(259,449,391,6,'2014-11-21',1,2,'JR 2014-11-21'),(261,450,436,6,'2014-11-13',1,2,'JR2 2014-11-13'),(262,451,437,1,'2014-11-06',1,2,'JR 2014-11-06'),(264,258,364,1,'2014-10-27',1,2,'JR 2 2014-10-27'),(266,453,438,1,'2014-11-18',1,2,'JR 2 2014-11-18'),(267,454,439,1,'2014-11-07',1,2,'JR 2014-11-07'),(268,455,366,1,'2014-11-20',1,2,'JR 2014-11-20'),(270,456,236,1,'2014-11-13',1,2,'JR 2 2014-11-13'),(272,457,441,1,'2014-11-20',1,2,'JR 2 2014-11-20'),(273,458,381,1,'2014-11-22',1,1,'LAS22112014'),(274,459,458,1,'2014-12-26',1,1,'LAS/2611214'),(275,460,457,1,'2014-11-28',1,1,'LAS/28112014'),(276,461,197,12,'2014-12-01',1,1,'LAS/1122014'),(277,432,459,12,'2014-11-27',1,1,'LAS27/112014'),(278,435,351,1,'2014-12-11',1,1,'LAS081214'),(279,462,261,15,'2014-12-06',1,1,'LAS/06122014'),(280,464,463,12,'2014-12-06',1,1,'LAS/061214'),(281,465,349,15,'2014-12-05',1,1,'LAS5/12/14'),(282,466,276,24,'2014-12-05',1,1,'LAS/51214'),(284,467,420,18,'2014-12-05',1,1,'LAS/512140'),(286,468,419,24,'2014-12-05',1,1,'LAS/5121401'),(287,471,199,24,'2014-12-19',1,1,'las/19/12/2014'),(288,472,481,24,'2014-12-18',1,1,'las18122014'),(289,473,478,24,'2014-12-22',1,1,'las22122014'),(290,474,453,1,'2014-12-16',1,1,'las16122014'),(292,13,413,0,'2014-12-22',1,1,'las2212201410'),(293,476,486,1,'2014-12-17',1,1,'LAS17122014'),(294,477,464,24,'2014-12-23',1,1,'LAS23122014'),(295,478,367,1,'2014-12-20',1,1,'LAS20122014'),(297,479,169,0,'2014-12-22',1,1,'LAS2212201423'),(299,58,338,24,'2014-12-18',1,1,'LAS181220141215'),(300,480,466,24,'2014-12-10',1,1,'LAS10122014'),(301,464,467,1,'2014-12-06',1,1,'LAS06122014'),(302,481,107,24,'2014-12-30',1,1,'las30122014'),(303,482,368,1,'2014-12-03',1,1,'LAS03/12/2014'),(304,483,496,0,'2015-01-05',1,1,'lasc/050115'),(305,484,425,0,'2015-01-07',1,1,'las7115'),(306,485,491,3,'2015-01-15',1,1,'LAS15012015'),(307,486,393,1,'2015-01-21',1,1,'las/211/1/15'),(308,486,430,1,'2015-01-21',1,1,'las/21115'),(309,487,500,1,'2015-01-16',1,1,'las/16115012'),(310,488,482,24,'2015-01-24',1,1,'las/24/1/15'),(311,461,352,12,'2014-12-01',1,1,'LAS/01/12/2014'),(312,490,508,1,'2015-02-10',1,1,'LAS/100215'),(313,491,504,24,'2015-01-31',1,1,'LAS/31115'),(314,489,511,1,'2015-01-28',1,1,'LAS/28115'),(315,435,506,1,'2015-02-01',1,1,'LAS/1115'),(316,86,164,24,'2015-02-14',1,1,'las14/02/2015'),(317,495,523,12,'2015-02-18',1,1,'LAS18022015'),(318,493,471,24,'2015-02-04',1,1,'LAS05022015'),(319,497,484,2,'2015-01-24',1,1,'LAS24012015'),(320,498,318,1,'2015-02-11',1,1,'LAS11022015'),(321,435,517,1,'2015-02-26',1,1,'LAS26022015'),(322,435,454,1,'2015-02-24',1,1,'las24022015'),(332,499,456,30,'2015-02-21',1,1,'21022015'),(333,500,465,4,'2015-02-27',1,1,'LAS27022015'),(336,501,516,1,'2015-02-28',1,1,'las02032015'),(337,502,574,0,'2015-06-02',1,1,'las/02662015'),(338,503,600,24,'2015-06-04',1,1,'las/0562015'),(342,504,616,12,'2015-06-05',1,1,'las0562015'),(343,505,531,1,'2015-06-06',1,1,'LAS/6615'),(344,506,621,1,'2015-06-05',1,1,'LAS/5615'),(345,507,370,3,'2015-06-08',1,1,'LAS/8615'),(347,508,589,24,'2015-06-06',1,1,'LAS/60615'),(348,509,623,24,'2015-06-08',1,1,'LAS/80615'),(349,510,627,1,'2015-06-11',1,1,'las/11615'),(350,511,595,24,'2015-06-13',1,1,'las/130615'),(351,512,532,24,'2015-06-13',1,1,'LAS/136150'),(352,513,632,1,'2015-06-16',1,1,'LAS/16615'),(353,514,630,1,'2015-06-16',1,1,'LAS/166150'),(354,515,509,24,'2015-06-18',1,1,'las/18615'),(355,516,603,1,'2015-06-22',1,1,'LAS/22615'),(358,517,622,24,'2015-06-20',1,1,'las/2061500'),(359,518,646,0,'2015-06-20',1,1,'LAS/20615000'),(361,507,624,12,'2015-06-22',1,1,'LAS/226150'),(362,519,631,0,'2015-06-22',1,1,'LAS/2261500'),(363,521,645,1,'2015-06-25',1,1,'LAS/25615'),(364,522,611,1,'2015-06-25',1,1,'las/25062015'),(365,523,791,2,'2016-04-01',1,1,'JL20160401001'),(366,524,382,12,'2016-01-02',1,1,'JL20160102001'),(367,436,183,36,'2014-11-01',1,1,'JL20141101001'),(368,526,298,12,'2016-04-02',1,1,'JL20160402001'),(369,494,891,24,'2016-07-22',1,1,'jl20160722001');
/*!40000 ALTER TABLE `operaciones` ENABLE KEYS */;
UNLOCK TABLES;

--
-- Table structure for table `perfiles`
--

DROP TABLE IF EXISTS `perfiles`;
/*!40101 SET @saved_cs_client     = @@character_set_client */;
/*!40101 SET character_set_client = utf8 */;
CREATE TABLE `perfiles` (
  `id_perfil` int(11) NOT NULL AUTO_INCREMENT,
  `perfil` varchar(50) NOT NULL DEFAULT '0',
  PRIMARY KEY (`id_perfil`)
) ENGINE=InnoDB AUTO_INCREMENT=6 DEFAULT CHARSET=utf8;
/*!40101 SET character_set_client = @saved_cs_client */;

--
-- Dumping data for table `perfiles`
--

LOCK TABLES `perfiles` WRITE;
/*!40000 ALTER TABLE `perfiles` DISABLE KEYS */;
INSERT INTO `perfiles` VALUES (1,'Master'),(2,'Vendedor'),(3,'Usuario'),(4,'Administrativo'),(5,'Director');
/*!40000 ALTER TABLE `perfiles` ENABLE KEYS */;
UNLOCK TABLES;

--
-- Table structure for table `recursos`
--

DROP TABLE IF EXISTS `recursos`;
/*!40101 SET @saved_cs_client     = @@character_set_client */;
/*!40101 SET character_set_client = utf8 */;
CREATE TABLE `recursos` (
  `id_recurso` int(11) NOT NULL AUTO_INCREMENT,
  `nombre` varchar(50) NOT NULL DEFAULT '0',
  `texto` varchar(50) NOT NULL,
  `id_padre` tinyint(4) NOT NULL,
  `is_principal` tinyint(4) NOT NULL,
  `tiene_hijos` tinyint(4) NOT NULL,
  `form` varchar(50) NOT NULL,
  `img` varchar(50) DEFAULT NULL,
  PRIMARY KEY (`id_recurso`)
) ENGINE=InnoDB AUTO_INCREMENT=48 DEFAULT CHARSET=utf8;
/*!40101 SET character_set_client = @saved_cs_client */;

--
-- Dumping data for table `recursos`
--

LOCK TABLES `recursos` WRITE;
/*!40000 ALTER TABLE `recursos` DISABLE KEYS */;
INSERT INTO `recursos` VALUES (1,'1','Clientes',0,1,1,'Main',NULL),(2,'2','Unidades',0,1,1,'Main',NULL),(3,'3','Operaciones',0,1,1,'Main',NULL),(4,'11','Manejo clientes',1,0,0,'Main','clients.png'),(5,'21','Manejo unidades',2,0,0,'Main','cars.png'),(6,'31','Ventas',3,0,0,'Main','sale.png'),(7,'32','Cuotas',3,0,0,'Main','cuota.png'),(8,'1','Archivo',0,1,1,'FormClientes',NULL),(9,'12','Guardar',8,0,0,'FormClientes','save.png'),(10,'13','Eliminar',8,0,0,'FormClientes','delete.png'),(11,'2','Consultar',0,1,1,'FormClientes',NULL),(12,'22','Por Cédula',11,0,0,'FormClientes',NULL),(13,'21','Todos',11,0,0,'FormClientes',NULL),(14,'23','Por Apellido',11,0,0,'FormClientes',NULL),(15,'1','Archivo',0,1,1,'FormUnidades',NULL),(16,'12','Guardar',15,0,0,'FormUnidades','save.png'),(17,'13','Eliminar',15,0,0,'FormUnidades','delete.png'),(18,'2','Consultar',0,1,1,'FormUnidades',NULL),(19,'21','Disponibles',18,0,0,'FormUnidades',NULL),(20,'22','Por Marca',18,0,0,'FormUnidades','bmw.png'),(22,'1','Archivo',0,1,1,'FormVentas',NULL),(23,'11','Guardar',22,0,0,'FormVentas','save.png'),(24,'4','Permisos',0,1,1,'Main',NULL),(25,'41','Manejar permisos',24,0,0,'Main','stop.png'),(26,'1','Archivo',0,1,1,'FormCuotas',NULL),(27,'11','Guardar',26,0,0,'FormCuotas','save.png'),(28,'2','Consultas',0,1,1,'FormVentas',NULL),(29,'21','Por cédula cliente',28,0,0,'FormVentas',NULL),(30,'2','Consultas',0,1,1,'FormCuotas',NULL),(31,'21','Cliente',30,0,1,'FormCuotas',NULL),(32,'211','Conformes activos',31,0,0,'FormCuotas',NULL),(33,'212','Ultima cuota paga',31,0,0,'FormCuotas',NULL),(34,'24','Por Ciudad',11,0,0,'FormClientes',NULL),(35,'25','Por celular',11,0,0,'FormClientes',NULL),(36,'11','Nuevo',8,0,0,'FormClientes','new.png'),(37,'11','Nuevo',15,0,0,'FormUnidades','new.png'),(38,'23','Búsqueda x filtros',18,0,0,'FormUnidades',NULL),(39,'24','Imprimir stock',18,0,0,'FormUnidades','report.png'),(40,'1','Archivo',0,1,1,'FormSenias',NULL),(41,'11','Nuevo',40,0,0,'FormSenias','new.png'),(42,'12','Guardar',40,0,0,'FormSenias','save.png'),(43,'13','Eliminar',40,0,0,'FormSenias','delete.png'),(44,'33','Señas',3,0,0,'Main','money.png'),(45,'2','Consultas',0,1,1,'FormSenias',NULL),(46,'21','Señas del día',45,0,0,'FormSenias',NULL),(47,'213','Pagos Pendientes',30,0,0,'FormCuotas',NULL);
/*!40000 ALTER TABLE `recursos` ENABLE KEYS */;
UNLOCK TABLES;

--
-- Table structure for table `recursos_perfiles`
--

DROP TABLE IF EXISTS `recursos_perfiles`;
/*!40101 SET @saved_cs_client     = @@character_set_client */;
/*!40101 SET character_set_client = utf8 */;
CREATE TABLE `recursos_perfiles` (
  `id_relacion` int(11) NOT NULL AUTO_INCREMENT,
  `id_recurso_fk` int(11) NOT NULL DEFAULT '0',
  `id_perfil_fk` int(11) NOT NULL DEFAULT '0',
  PRIMARY KEY (`id_relacion`),
  UNIQUE KEY `id_recurso_fk_id_perfil_fk` (`id_recurso_fk`,`id_perfil_fk`)
) ENGINE=InnoDB AUTO_INCREMENT=295 DEFAULT CHARSET=utf8;
/*!40101 SET character_set_client = @saved_cs_client */;

--
-- Dumping data for table `recursos_perfiles`
--

LOCK TABLES `recursos_perfiles` WRITE;
/*!40000 ALTER TABLE `recursos_perfiles` DISABLE KEYS */;
INSERT INTO `recursos_perfiles` VALUES (211,1,1),(39,1,2),(251,1,3),(243,1,4),(259,1,5),(212,2,1),(40,2,2),(252,2,3),(244,2,4),(260,2,5),(213,3,1),(253,3,3),(245,3,4),(261,3,5),(214,4,1),(41,4,2),(254,4,3),(246,4,4),(262,4,5),(215,5,1),(42,5,2),(255,5,3),(247,5,4),(263,5,5),(216,6,1),(256,6,3),(248,6,4),(264,6,5),(217,7,1),(257,7,3),(249,7,4),(265,7,5),(70,8,1),(112,8,3),(146,8,4),(182,8,5),(71,9,1),(113,9,3),(147,9,4),(183,9,5),(72,10,1),(184,10,5),(73,11,1),(43,11,2),(114,11,3),(148,11,4),(185,11,5),(74,12,1),(44,12,2),(115,12,3),(149,12,4),(186,12,5),(75,13,1),(45,13,2),(116,13,3),(150,13,4),(187,13,5),(76,14,1),(46,14,2),(117,14,3),(151,14,4),(188,14,5),(96,15,1),(132,15,3),(154,15,4),(192,15,5),(97,16,1),(133,16,3),(155,16,4),(193,16,5),(98,17,1),(194,17,5),(99,18,1),(134,18,3),(156,18,4),(195,18,5),(100,19,1),(135,19,3),(157,19,4),(196,19,5),(101,20,1),(136,20,3),(158,20,4),(197,20,5),(86,21,1),(49,22,1),(165,22,4),(201,22,5),(50,23,1),(166,23,4),(202,23,5),(218,24,1),(219,25,1),(288,26,1),(169,26,4),(205,26,5),(289,27,1),(170,27,4),(206,27,5),(51,28,1),(53,28,2),(126,28,3),(167,28,4),(203,28,5),(52,29,1),(54,29,2),(127,29,3),(168,29,4),(204,29,5),(290,30,1),(128,30,3),(171,30,4),(207,30,5),(291,31,1),(129,31,3),(172,31,4),(208,31,5),(292,32,1),(130,32,3),(173,32,4),(209,32,5),(293,33,1),(131,33,3),(174,33,4),(210,33,5),(77,34,1),(118,34,3),(152,34,4),(189,34,5),(78,35,1),(190,35,5),(79,36,1),(119,36,3),(153,36,4),(191,36,5),(102,37,1),(137,37,3),(159,37,4),(198,37,5),(103,38,1),(199,38,5),(104,39,1),(242,39,2),(138,39,3),(160,39,4),(200,39,5),(236,40,1),(273,40,2),(278,40,3),(283,40,4),(267,40,5),(237,41,1),(274,41,2),(279,41,3),(284,41,4),(268,41,5),(238,42,1),(275,42,2),(280,42,3),(285,42,4),(269,42,5),(239,43,1),(270,43,5),(220,44,1),(258,44,3),(250,44,4),(266,44,5),(240,45,1),(276,45,2),(281,45,3),(286,45,4),(271,45,5),(241,46,1),(277,46,2),(282,46,3),(287,46,4),(272,46,5),(294,47,1);
/*!40000 ALTER TABLE `recursos_perfiles` ENABLE KEYS */;
UNLOCK TABLES;

--
-- Table structure for table `requisitos`
--

DROP TABLE IF EXISTS `requisitos`;
/*!40101 SET @saved_cs_client     = @@character_set_client */;
/*!40101 SET character_set_client = utf8 */;
CREATE TABLE `requisitos` (
  `id_requisito` int(11) NOT NULL AUTO_INCREMENT,
  `texto` varchar(50) NOT NULL DEFAULT '0',
  PRIMARY KEY (`id_requisito`)
) ENGINE=InnoDB AUTO_INCREMENT=6 DEFAULT CHARSET=utf8;
/*!40101 SET character_set_client = @saved_cs_client */;

--
-- Dumping data for table `requisitos`
--

LOCK TABLES `requisitos` WRITE;
/*!40000 ALTER TABLE `requisitos` DISABLE KEYS */;
INSERT INTO `requisitos` VALUES (1,'Títulos'),(2,'Libre de multas'),(3,'Libre de embargos'),(4,'Carta poder'),(5,'Prenda');
/*!40000 ALTER TABLE `requisitos` ENABLE KEYS */;
UNLOCK TABLES;

--
-- Table structure for table `sucursales`
--

DROP TABLE IF EXISTS `sucursales`;
/*!40101 SET @saved_cs_client     = @@character_set_client */;
/*!40101 SET character_set_client = utf8 */;
CREATE TABLE `sucursales` (
  `id_sucursal` int(11) NOT NULL AUTO_INCREMENT,
  `nombre` varchar(50) NOT NULL DEFAULT '0',
  PRIMARY KEY (`id_sucursal`)
) ENGINE=InnoDB AUTO_INCREMENT=7 DEFAULT CHARSET=utf8;
/*!40101 SET character_set_client = @saved_cs_client */;

--
-- Dumping data for table `sucursales`
--

LOCK TABLES `sucursales` WRITE;
/*!40000 ALTER TABLE `sucursales` DISABLE KEYS */;
INSERT INTO `sucursales` VALUES (1,'Lascano'),(2,'Rocha'),(3,'Montevideo'),(4,'Migues'),(5,'Ajustes');
/*!40000 ALTER TABLE `sucursales` ENABLE KEYS */;
UNLOCK TABLES;

--
-- Table structure for table `tipo_unidades`
--

DROP TABLE IF EXISTS `tipo_unidades`;
/*!40101 SET @saved_cs_client     = @@character_set_client */;
/*!40101 SET character_set_client = utf8 */;
CREATE TABLE `tipo_unidades` (
  `id_tipo` int(11) NOT NULL AUTO_INCREMENT,
  `tipo` varchar(50) NOT NULL DEFAULT '0',
  PRIMARY KEY (`id_tipo`)
) ENGINE=InnoDB AUTO_INCREMENT=7 DEFAULT CHARSET=utf8;
/*!40101 SET character_set_client = @saved_cs_client */;

--
-- Dumping data for table `tipo_unidades`
--

LOCK TABLES `tipo_unidades` WRITE;
/*!40000 ALTER TABLE `tipo_unidades` DISABLE KEYS */;
INSERT INTO `tipo_unidades` VALUES (1,'AUTO'),(2,'CAMIONETA'),(3,'CAMION'),(4,'MOTO'),(5,'TRICICLO'),(6,'CUATRICICLO');
/*!40000 ALTER TABLE `tipo_unidades` ENABLE KEYS */;
UNLOCK TABLES;

--
-- Table structure for table `tipos_pagos`
--

DROP TABLE IF EXISTS `tipos_pagos`;
/*!40101 SET @saved_cs_client     = @@character_set_client */;
/*!40101 SET character_set_client = utf8 */;
CREATE TABLE `tipos_pagos` (
  `id_tipo` int(11) NOT NULL AUTO_INCREMENT,
  `tipo` varchar(50) NOT NULL DEFAULT '0',
  PRIMARY KEY (`id_tipo`)
) ENGINE=InnoDB AUTO_INCREMENT=3 DEFAULT CHARSET=utf8;
/*!40101 SET character_set_client = @saved_cs_client */;

--
-- Dumping data for table `tipos_pagos`
--

LOCK TABLES `tipos_pagos` WRITE;
/*!40000 ALTER TABLE `tipos_pagos` DISABLE KEYS */;
INSERT INTO `tipos_pagos` VALUES (1,'Sucursal'),(2,'Banco');
/*!40000 ALTER TABLE `tipos_pagos` ENABLE KEYS */;
UNLOCK TABLES;

--
-- Table structure for table `unidades`
--

DROP TABLE IF EXISTS `unidades`;
/*!40101 SET @saved_cs_client     = @@character_set_client */;
/*!40101 SET character_set_client = utf8 */;
CREATE TABLE `unidades` (
  `id_unidad` int(11) NOT NULL AUTO_INCREMENT,
  `marca` varchar(20) NOT NULL DEFAULT '0',
  `modelo` varchar(50) NOT NULL DEFAULT '0',
  `anio` int(11) NOT NULL DEFAULT '0',
  `padron` varchar(50) NOT NULL DEFAULT '0',
  `matricula` varchar(15) NOT NULL DEFAULT '0',
  `sucursal` tinyint(4) NOT NULL DEFAULT '0',
  `estado` tinyint(4) NOT NULL DEFAULT '0',
  `nro_motor` varchar(60) NOT NULL,
  `precio` double NOT NULL DEFAULT '0',
  `combustible` varchar(1) NOT NULL DEFAULT 'N',
  `detalle` varchar(80) NOT NULL DEFAULT ' ',
  `color` varchar(50) NOT NULL DEFAULT ' ',
  `tipo` tinyint(4) NOT NULL DEFAULT '1',
  PRIMARY KEY (`id_unidad`),
  UNIQUE KEY `nro_motor` (`nro_motor`)
) ENGINE=InnoDB AUTO_INCREMENT=1035 DEFAULT CHARSET=utf8;
/*!40101 SET character_set_client = @saved_cs_client */;

--
-- Dumping data for table `unidades`
--

LOCK TABLES `unidades` WRITE;
/*!40000 ALTER TABLE `unidades` DISABLE KEYS */;
INSERT INTO `unidades` VALUES (1,'RENAULT','CLIO RL 1.2',1994,'105904','PVA1404',1,3,'E5F7/16C001338',0,'N',' ',' ',1),(2,'CHEVROLET','CORSA WIND',1995,'455285','B539021',3,1,'B14NZ31013123',7200,'D',' ',' NEGRO',1),(3,'GEELY','JL125T-31',2014,' ',' ',1,3,'1PS2QMI*C07280052*',0,'N',' ',' ',1),(4,'BYD','F3 R',2014,' ',' ',1,3,'BDY473QB*613001829*',0,'N',' ',' ',1),(5,'SUSUKI','MARUTI ALTO',2010,'CAA2342','1052259',1,3,'F8DN4370928',0,'N',' ',' ',1),(6,'FIAT','PREMIO SL',1992,'3978','CCB-2963',1,3,'3522292',0,'N',' ',' ',1),(7,'ORIENT','P/UP D/C RUDA ',2010,'1055288','CCB 8203',1,3,'E33419',0,'N',' ',' ',1),(8,'BYD','F0',2014,' ',' ',1,3,'BYD57-09*113035254*',0,'N',' ',' ',1),(9,'CHERY','COWIN',2014,' ',' ',1,3,'SQR477F*MADJ00120*',0,'N',' ',' ',1),(10,'GWM','SILOR',2010,'120109','NAS1027',1,3,'D090711710',0,'N',' ',' ',1),(11,'CHEVROLET','S 10',1996,'CCA 6311','01112660',1,3,'2049618',0,'N',' ',' ',1),(12,'NISSAN','ZHEN RICH',1960,' ',' ',1,3,'448111',0,'N',' ',' ',1),(13,'SEAT','TOLEDO',1997,'106874','CCA 8795       ',1,3,'1Y434303',0,'N',' ',' ',1),(14,'FIAT','STRADA WORKING',2013,' ',' ',1,3,'1647732',0,'N',' ',' ',1),(15,'FIAT','STRADA WORKING D/C',2013,' ',' ',1,3,'1685193',0,'N',' ',' ',1),(16,'CHERY','COWIN',2013,' ',' ',1,3,'*SQR477F*MADJ00109*',0,'N',' ',' ',1),(17,'CHERY','QQ 3 1.1',2011,'1057756','CCB 8288',1,3,'SQR472FFGAG50523',0,'N',' ',' ',1),(18,'FIAT','UNO CS',1994,'405351','B130036',1,3,'3940697',0,'N',' ',' ',1),(19,'VOLKSWAGEN','GOL CL',1990,'380823','SAU 1723',1,3,'UN852742',0,'N',' ',' ',1),(20,'DFSK','PICKUP',2013,' ',' ',1,3,'13339521',0,'N',' ',' ',1),(21,'FIAT','UNO',1992,'420839','B524727',1,3,'3465307',0,'N',' ',' ',1),(22,'BYD','F0',2013,' ',' ',1,3,'BYD371QA113035650',0,'N',' ',' ',1),(23,'FIAT','STRADA TREKKING 1.4',2011,'DAA 9148','DAA 9148',1,3,'0531183',0,'N',' ',' ',1),(24,'CHERY','QQ CONFORT ',2013,' ',' ',1,3,'*SQR472F*FDDF00234*',0,'N',' ',' ',1),(25,'VOLKSWAGEN','SAVEIRO C/SIMPLE',2011,'1182359','SBK 3420',1,3,'CFZ746366',0,'N',' ',' ',1),(26,'BYD','F0  G-I 1.0',2010,'1054813','CCB8165',3,1,'BYD371QA110049438',10000,'N','',' NEGRO',1),(27,'CHERY','QQ STRANDARD',2011,'1071152','CCB 7978   ',1,3,'SQR372*FGB00113',0,'N',' ',' ',1),(28,'RENAULT','KANGOO EXPRESS',2007,'4004761','QAB 6796',1,3,'K4MJ730Q023710',0,'N',' ',' ',1),(29,'CHEVROLET','S-10',1998,'09113','LDA2409',1,3,'4A8A47B087416D',0,'N',' ',' ',1),(30,'JAC','SEDAN 4 PTAS.',2012,'1083742','CCB 9395',1,3,'B3504523',0,'N',' ',' ROJO',1),(31,'FIAT','PALIO ELX',2013,' ',' ',1,3,'1675778',0,'N',' ',' ',1),(32,'DFM','EQ101NF',2011,'1173698','SBJ 8933',1,3,'10184930',0,'N',' ',' ',1),(33,'FIAT','STRADA WORKING D/C',2013,' ',' ',1,3,'1735954',0,'N',' ',' ',1),(34,'YUMBO','DAKAR 125',2013,' ',' ',1,3,'2Z156FMI2*8D300374*',0,'N',' ',' ',1),(35,'MITSUBISHI','L 200',2010,' ',' ',1,3,'CBV0341',0,'N',' ',' ',1),(36,'CHERY','QQ3.1  L CONFORT',2013,' ',' ',1,3,'SQR472F*FDDF10043',0,'N',' ',' ',1),(37,'FIAT','UNO DS',2000,'900019301','DAA1438',1,3,'5143987',0,'N',' ',' ',1),(38,'YUMBO','MAX: 110CC',2013,' ',' ',1,3,'152FMH13A10702',0,'N',' ',' ',1),(39,'FIAT','UNO SX',1992,'900792279','CAB 1338',1,3,'3498101',0,'N',' ',' ',1),(40,'FIAT','STRADA WORKING D/C',2013,' ','B 401234',1,3,'1688437',0,'N',' ',' ',1),(41,'CHERY','QQ3  1.1L STANDARD',2011,'DAA8844','DAA8844',1,3,'SQR472FFDBB50385',0,'N',' ',' ',1),(42,'FORD','ESCORT LX 1.8',1997,'34748','NAC 3443',1,3,'RTMVV07060',0,'N',' ',' ',1),(43,'VOLKSWAGEN','SAVEIRO',2013,' ',' ',1,3,'CFZM79122',0,'N',' ',' ',1),(44,'FIAT','UNO 1300 CC',1989,'8375','CCA 2212',1,3,'2985405',0,'N',' ',' ',1),(45,'ZNA','RICH 2 WD',2013,' ',' ',1,3,'413569',0,'N',' ',' ',1),(46,'EFFA','CARGO PICK UP',2010,'550598','B401102',1,3,'0300139HC',0,'N',' ',' ',1),(47,'FIAT','GRAND SIENA ESSENCE 1.6',2013,' ',' ',1,3,'2527923',0,'N',' ',' ',1),(48,'BYD','F0',2013,' ',' ',1,3,'BYD37QA*113027177*',0,'N',' ',' ',1),(49,'MITSUBISHI','L 200 D/C 4X4',1993,'397788','B552386',1,3,'EY 7986',0,'N',' ',' ',1),(50,'FIAT','STRADA WORKING 1.4',2013,' ',' ',1,3,'1732425',0,'N',' ',' ',1),(51,'CHEVROLET','S 10 DLX',1997,'821','CCB 5877',1,3,'4A8A46B048071C',0,'N',' ',' ',1),(52,'FIAT','PALIO WEEKEND RURAL',1998,'10758','LCA4472',1,3,'8410299',0,'N',' ',' ',1),(53,'VOLKSWAGEN','GOL CL MI E',1998,'497172','SBA 5764',1,3,'UNF007723',0,'N',' ',' ',1),(54,'EFFA','IDEAL 1.1',2006,'158743','MAD4352',1,3,'6403794F1',0,'N',' ',' ',1),(55,'ORIENT','PICKUP D/C',2010,'1064703','CCB 8451',1,3,'GA491QE1000058',0,'N',' ',' ',1),(56,'FIAT','UNO WAY',2013,' ',' ',1,3,'16894422',0,'N',' ',' ',1),(57,'CITROEN','AX 11 TE',1993,'3686','CCB 1272',1,3,'10FP1J1759218',0,'N',' ',' ',1),(58,'FIAT','UNO CS',1993,'01.102390','CCA 2184',1,3,'3732112',0,'N',' ',' ',1),(59,'FORD','COURIER',2001,'01.110291','CCA 5106',1,3,'DKKB2928974',0,'N',' ',' ',1),(60,'CHERY','QQ CONFORT',2013,' ',' ',1,3,'SQR472FFDDE10440',0,'N',' ',' ',1),(61,'JMC','JX1043DSL2',2013,' ',' ',1,3,'CA151179',0,'N',' ',' ',1),(62,'GEELY','CK NEW',2013,' ',' ',1,3,'MR479QD1N256295',0,'N',' ',' ',1),(63,'CHERY','BEAT',2013,' ',' ',1,3,'SQR473FAFCM00959',0,'N',' ',' ',1),(64,'VOLKSWAGEN','GOL NF POWER',2012,'1105969','OAB 6164',1,3,'CFZ844661',0,'N',' ',' ',1),(65,'CHANA','SC6360H BLIN',2008,'1020129','CCA 6966',1,3,'JL465Q5756A212825',0,'N',' ',' ',1),(66,'FIAT','SIENA S',2001,'538970','B711149',1,3,'5143421',0,'N',' ',' ',1),(67,'GONOW','M 2 D/C',2013,' ',' ',1,3,'LJ465QR1E1',0,'N',' ',' ',1),(68,'CHERY','FULWIN',2013,' ',' ',1,3,'*SQR477F*JADF00209*',0,'N',' ',' ',1),(69,'PEUGEOT','301 N1',2013,' ',' ',1,3,'10FC1A0022644',0,'N',' ',' ',1),(70,'FIAT','UNO WAY',2013,' ',' ',1,3,'1689418',0,'N',' ',' ',1),(71,'FIAT','UNO FIORINO',2008,'1017328','CAA 1512',1,3,'8044352',0,'N',' ',' ',1),(72,'CHERY','QQ CONFORT',2013,' ',' ',1,3,'*SQR472F*FDDE10432*',0,'N',' ',' ',1),(73,'RENAULT','SANDERO STEPWAY 1.6 EXPRESSION FULL',2013,' ',' ',1,3,'K4MA690Q216640',0,'N',' ',' ',1),(74,'PEUGEOT','BEEPER',2013,' ',' ',1,3,'10FSX16594477',0,'N',' ',' ',1),(75,'CHEVROLET','CORSA 1.7 DSL',2006,'1079561','CCB  8912',1,3,'4116296',0,'N',' ',' ',1),(76,'CITROEN','XSARA BREAK 1.9 D-SE',2001,'578717','IAA4866',1,3,'10DXCL6018875',0,'N',' ',' ',1),(77,'CHERY','QQ CONFORT',2013,' ',' ',1,3,'SQR472FFDDE10321',0,'N',' ',' ',1),(78,'JBC','SY1040DVA',2013,'02.4848',' ',1,3,'CA4DC2-10E3/01888571',0,'N',' ',' ',1),(79,'VOLKSWAGEN','GOL MI MIL',1997,'424978','B120653',1,3,'AFZ159770',0,'N',' ',' ',1),(80,'FIAT','UNO CS',1994,'930763','SBF 6538',1,3,'4065996',0,'N',' ',' ',1),(81,'BYD','F0 GL-I 1.0',2010,'1040125','CCB  7861',1,3,'BYD371QA109071175',0,'N',' ',' ',1),(82,'RENAULT','KANGOO EXPRES R',2006,'01.112095','CCA 6096',1,3,'F8QP632UA79013',0,'N',' ',' ',1),(83,'FIAT','STRADA ADVENTURE LOCKER',2013,' ',' ',1,3,'2500223',0,'N',' ',' ',1),(84,'FIAT','UNO WAY',2013,'902700315','PVA 2162',1,3,'1620496',0,'N',' ',' ',1),(85,'JAC','REFINE FURGON R',2010,'E613195','EMB0328',1,3,'A3004254',15000,'N','C/L',' BLANCO',1),(86,'CITROEN','MEHARI',1972,'1034','CCB2903 ',1,3,'A483003646',4500,'N','','ROJO',1),(87,'MTR','ATV250ST',2007,'52099','BBZ120',1,3,'167mm72000673',1500,'N','cuatriciclo','ROJO',1),(88,'CHANA','CAMIONETA DOB/CAB ..',2008,'1029645','CCA7141',1,3,'jl465q5756m90315',8900,'N','','VERDE',2),(89,'CHEVROLET','S10 DOB/CAB',1998,'900675908','DAB0212',1,3,'4a8a46b067527d',12900,'D','','VERDE',2),(90,'CHEVROLET','CORSA PIKUP',1998,'900815227','CAB1621',1,3,'jc0050926',8900,'N','cupula vidriada','BLANCO',2),(91,'CHEVROLET','CLASIC SEDAN 5P',2008,'505640','B140698',1,3,'7h5109014',11500,'N','aire y direccion','BLANCO',1),(92,'CHANGAN','PIKUP CUPULA',2005,'112050','CCA6351',1,1,'jl465q5556qr2064',5900,'N','con lona','BLANCO',2),(93,'CHEVROLET','SPARK',2008,'4008187','QAB6984',2,1,'B10S1013336KC2',10900,'N','','VERDE',1),(94,'CHEVROLET','CORSA SEDAN 4P',2011,'08774','LDA1167',1,3,'717801',10500,'D','','GRIS',1),(95,'CHEVROLET','CORSA WIND',1995,'1001806','CCB7435',1,3,'566928',7500,'D','SEÑADO','ROJO',1),(96,'CITROEN','MEHARI',1972,'1034','CCB2903',1,1,'a.483003646',4500,'N','','ROJO',1),(97,'CHEVROLET','C10 D/H, CUPULA',1992,'700451','PVA1243',3,1,'sa8862b415592x',9800,'D','cupula vidriada','ROJO',2),(98,'FORD ','RANGER XL 4X2',2000,'901321343','CAB1346',1,3,'b32563478',13500,'N','','GRIS',1),(99,'FIAT','UNO PIKUP',2000,'31665','DAA7189',1,3,'5079871',8500,'N','con vigia','ROJA',2),(100,'FIAT','UNO SD',2006,'1047825','SBP8397',1,3,'5240184',8900,'N','taxi','NEGRO',1),(101,'FIAT','EUROPA 128',1980,'270678','AAF1354',1,3,'3558470',3500,'N','','CELESTE',1),(102,'FIAT','SIENA',1998,'daa5431','DAA5431',1,3,'5059256',8500,'D','taxi','NEGRO',1),(103,'FORD','VERONA TALLER ACOSTI',1995,'09540','CCB5923',1,1,'usc001864',0,'N','Taller Acostita','NEGRO',1),(104,'FORD','ESCOR SPORT',1978,'10500','CCB6263',1,3,'08054',4000,'N','','CELESTE',1),(105,'PEUGEOT','306SLD',1996,'458314','B540165',1,3,'10cuc34004401',8900,'D','','BLANCO',1),(106,'RANAULT','MEGANE',2001,'21470','LHA5339',1,3,'e9qa736c256806',10800,'D','full','GRIS',1),(107,'RENAULT','12GTL 4P',1982,'314612','SAJ1020',1,3,'3647387',3900,'N','ACOSTITA.','ROJO',1),(108,'TOYOTA','COROLLA XL 1.8',1992,'4313','CCB3423',1,3,'1848963',4000,'D','','BLANCO',1),(109,'SEAT','TOLEDO',1997,'233269','AAF7749',1,3,'1y658896',7900,'D','','NEGRO',1),(110,'TOYOTA','HILUX SRV4 4X4 D/H',2001,'036964','CCB7342',4,1,'1kz0843015',13500,'D','19500','ROJO',2),(111,'RENAULT','18 GTS BREAK',1990,'024591','CCB3231',1,3,'f007265',5900,'N','','AZUL',1),(112,'VOLKSWAGEN','GOL PLUS 1.0',2005,'5086','CCB5015',2,3,'AZN248040 ',12000,'N','','GRIS',1),(119,'CHEVROLET','S10 CAB. EXT',1997,'422709','B526160',1,3,'4aba47b024524c',12500,'D','','VERDE',1),(120,'YUMBO','GS2  125CC',2014,'0','0',1,3,'156fmi*14b01941*',1570,'N','','NEGRO',4),(121,'FIAT','NUEVO FIORINO ',2015,'902821455','PVA2279',1,3,'2093416',17690,'N','','GRIS',2),(122,'WINNER','ATV125',2014,'123456','123456',1,3,'1p52qmi*d80000*',2000,'N','','BLANCO',4),(123,'RENAULT','GTL  12',1991,'367282','B139484',1,3,'140029ns2129',3000,'N','','GRIS',1),(124,'WINER','EXPLORER 125CC',2010,'1079625','CCQ361',1,3,'157fmi0a038330',550,'N','','ROJO',4),(125,'FIAT','UNO LX  PIKUP ',1992,'024626','CCB2810',5,1,'7905003',7500,'N','','ROJO',2),(126,'FIAT ','UNO CS',1989,'4698','CCB3302',2,1,'2807225',5500,'N','','BLANCO',1),(127,'BYD','F0 G-I 1.0',2012,'1230127','SBM9596',2,1,'BYD371QA11066181',10500,'N','','ROJO',1),(128,'CHERY','QQ3 1.1L CONFORT',2010,'1162452','SBJ3387',1,3,'SQR472FFGAE50549',9800,'N','','NEGRO',1),(129,'FIAT','ELBA INOCENTI ',1997,'109472','CCA3025',5,1,'1912075',7500,'D','','VERDE',1),(130,'FORD','RANGER XLT',2001,'DAA5088','DAA5088',1,3,'B32573980',0,'D','','gris',1),(131,'CHERY ','QQ CONFORT',2010,'654789','MAD9088',3,1,'123456789',10000,'N','','VERDE',1),(132,'CHERY','QQ LIGHT',2011,'65713','B139293',3,1,'123456',8500,'N','','BLANCO',1),(133,'CHEVROLET','AGILE LTZ',2011,'354851','DAA9112',3,1,'6510645',16900,'N','','BORDEAU',1),(134,'CHEVROLET','CHEVETTE',88,'12348','CCA5179',3,1,'35785416',4500,'N','','NARANJA',1),(135,'CHEVROLET','CORSA CLASSIC 1.7',2000,'11106','LDA4539',5,1,'646079',10500,'D','','GRIS',1),(136,'CHEVROLET','CORSA COMBO',2001,'15641','SAA6557',3,1,'32456156',9500,'N','','BLANCO',2),(137,'CHEVROLET','CORSA WAGON',2008,'1564','AAC3063',3,1,'32154654',13800,'N','','AZUL',1),(138,'CHEVROLET','MONTANA 1.8 STD',2006,'321561','CCA6324',2,1,'32156465',11500,'N','','NEGRO',2),(139,'CHEVROLET','MONZA MEGA',1993,'8979845','SAA1000',3,1,'15654',6900,'N','','BORDEAU',2),(140,'CITROEN','AX',1990,'156456','CCA3665',3,1,'20516545FHF',5900,'N','','ROJO',2),(141,'CITROEN','XARA',1999,'654654','B556802',3,1,'321312',9900,'D','','AZUL',1),(142,'DAEWOO','TICO',1998,'357465','LBA2858',3,1,'987977',6900,'N','','BLANCO',1),(143,'DAHIATSU','CUORE',1999,'58945','AAE6780',3,1,'325858',7800,'N','','BLANCO',1),(144,'EFFA','CARGO BOX E/FRIO',2007,'65418552','CCA6718',3,1,'619645',7900,'N','','BLANCO',2),(145,'FIAT','DUNA WEEKEND',1988,'324145','MAD2965',3,1,'58954',5900,'D','','BLANCO',2),(146,'FIAT','DUNA',1996,'321785','CCB8232',3,1,'89754',7900,'N','','VERDE',2),(147,'FIAT','FIORINO',2006,'96584','MAB1479',3,1,'1598787',10300,'D','','BLANCO',2),(148,'YUMBO','C110',2014,'2014','OKM',1,3,'ZS152FMH8E300098',1200,'N','LZSXCHLH2E5202756','BLANCA',4),(151,'FIAT','FIORINO',2010,'1234567','SBI5476',3,1,'1234567',10000,'N','','BLANCA',2),(153,'FIAT','SPAZIO',1994,'12345679','DAA3796',3,1,'12345679',5800,'N','','BLANCO',1),(154,'FIAT','STRADA  PICK UP',2010,'123456','B574407',3,1,'12354823',12000,'N','','VERDE',2),(155,'FIAT','UNO',1986,'74158','AAH3058',3,1,'615846',6900,'D','','BLANCO',1),(156,'FIAT','UNO S',1987,'25698','AAE5744',3,1,'65894',5500,'D','','BLANCO',1),(157,'FIAT','UNO CS',1994,'985624','B528627',3,1,'35943',6500,'N','','BLANCO',1),(158,'FIAT','UNO FIRE',1994,'35842','AAB9757',3,1,'89562',7200,'N','','AZUL',1),(159,'FIAT','UNO SCR',1994,'85426','CCA4091',3,1,'98564',7500,'N','','ROJO',1),(160,'FIAT','UNO CS',1995,'96879','QAB3020',3,1,'321894',5900,'N','C/L C/SUCESION','ROJO',1),(161,'FIAT','UNO CS',1996,'98563','CCB5811',3,1,'85462',6800,'D','','CELESTE',1),(162,'FORD','ESCORT GL 1.8',1994,'65239','SBF7624',3,1,'98753',7500,'N','','GRIS',1),(163,'FORD','ESCORT RURAL',1997,'7554685','LFA3050',3,1,'123584',7500,'N','C/L BALTA','VERDE',1),(164,'FORD','FIESTA LX',1997,'25458','DAA3794',3,3,'45682',7900,'N','C/L','AZUL',1),(165,'FORD','MONDEO CLX',1998,'635456','LBA1255',3,1,'2156',0,'N','','AZUL',1),(166,'GEELY','LC 1.0',2012,'98562','SBN1577',3,1,'258945',10900,'N','','ROJO',1),(167,'HYUNDAI','ATOS',1999,'48752','SAA6951',3,1,'65826',8900,'N','','DORADO',1),(168,'JAC','REFINO C/ASIENTOS',2011,'74963','EMB0328',5,1,'852046',22000,'N','','BLANCO',2),(169,'KIA','CERES',1999,'98564','B132910',1,3,'2568',9800,'D','','BLANCO',3),(170,'MAZDA','B2500  D/C  4X4 D/H',1998,'89587','B131349',5,1,'784684',13000,'D','13500 ','BLANCO',2),(171,'MITSUBISHI','LANCER',2000,'89587','MAA5295',3,1,'89758',11000,'N','','VERDE',2),(172,'NISSAN','TL 720 T P.UP',1993,'8594','CCB4662',3,1,'3215',7500,'D','','AZUL',2),(173,'PEUGEOT','106XN',1998,'856897','SAQ8968',3,1,'5658',8900,'N','','AZUL',1),(174,'PEUGEOT','107 1.0 CP AUTOM.',2011,'89584','PAB1774',3,1,'89785',17900,'N','','NEGRO',1),(175,'PEUGEOT','206XR 1.4',1999,'85206','NAB2829',3,1,'92315',10500,'N','C/L CONSIGNADO','...',1),(176,'PEUGEOT','306 1.8 SR AA DH SEDAN',1995,'65814','LAA1268',3,1,'9582415',7900,'N','','VERDE',1),(177,'PEUGEOT','PARTNER',2012,'89584','LAB4744',3,1,'892135',12900,'N','','GRIS',2),(178,'RENAULT','18.D',1985,'25623','DAA3303',3,1,'98574',5900,'D','','ROJO',1),(179,'RENAULT','GTS',19989,'8523489','SAC3819',3,1,'69824',8900,'N','','VERDE',1),(180,'RENAULT','18TD',1990,'98562','AAE3344',3,1,'8973125',4900,'D','C/L TALLER','ROJO',1),(181,'RENAULT','CLIO RL 1.2',1994,'105904','PVA 1404	',2,3,'E5G716C001338  ',7200,'N','','ROJO',1),(182,'RENAULT','CLIO RL 1.2',1994,'85419','PVA1404',3,1,'54568',7200,'N','','',1),(183,'RENAULT','CLIO AUTENTIQUET',2003,'1254','B803020',3,3,'26145',11900,'D','','',1),(184,'RENAULT','CLIO EXPRESION',2004,'852719','LNA1307',3,1,'35894',11500,'D','TALLER','VERDE',1),(185,'RENAULT','NUEVO CLIO',2006,'44144','AAD9988',3,1,'854625',11900,'D','','BLANCO',1),(186,'RENAULT','KANGOO RURAL',2005,'54852','CCA6032',3,1,'89658',11000,'D','','BLANCO',2),(187,'VOLKSWAGEN','GOL',1995,'65698','AAE8049',3,1,'585858',7500,'N','','BLANCO',1),(188,'VOLKSWAGEN','GOL',1995,'1548','MAA1893',3,1,'7854214',7500,'D','','ROJO',1),(189,'VOLKSWAGEN','GOL',1995,'52145','QAB2542',3,1,'85421',0,'D','TALLER','BLANCO',1),(190,'VOLKSWAGEN','GOL 1.0',1995,'96582','LEA5278',3,1,'85426',9500,'N','','BLANCO',1),(191,'VOLKSWAGEN','GOL NF POWER C/A',2012,'2321','AAH5026',3,1,'85458',16900,'N','','GRIS',1),(192,'VOLKSWAGEN','SANTANA',1990,'8546258','GAA1433',3,1,'562584',5000,'N','','VERDE',1),(193,'VOLKSWAGEN','PASSAT',1981,'111254','CCA2915',3,1,'8521247',4800,'N','','VERDE',1),(194,'CHERY','QQ CONF.ABS AIRBAG',0,'123454','00000',2,3,'SQR472FFDDM00742',11990,'N','','BLANCO',1),(195,'CHERY','YO-KI',0,'000','0000',3,1,'0000',10880,'N','','BLANCO',2),(197,'LIFAN','FOISON DOBLE CABINA',0,'0000','0000',1,3,'LF479Q5*Y140100374 ',14990,'N','LCN1A3F42E0100279','GRIS',2),(198,'LIFAN','FOISON FURGON',0,'0000','0000',3,1,'2545',13290,'N','','',2),(199,'SEAT','CORDOBA D/H',1997,'321574','LFA2322',1,3,'1Y636728   ',8900,'D','VSSZZZ6KVR035641','BLANCO',1),(200,'TOYOTA','COROLLA',1993,'3265','AAE8601',5,1,'25418',9200,'D','C/L MIGUES','BLANCO',1),(201,'TOYOTA','HILUX',1990,'25485','PAA9866',3,1,'254585',5500,'D','C/L MIGUES','',2),(202,'VOLKSWAGEN','SANTANA',1987,'24587','CCB1720',5,1,'25412',5900,'N','C/L MIGUES','VERDE',1),(203,'ZXAUTO',' PIKUP 4X2 CAJA LARGA',2009,'78487','CCA7233',2,1,'254218',9500,'N','','BLANCO',2),(207,'CHEVROLET','S10 PICK UP',1998,'91130','LDA2409',5,1,'4A8A47B087416D1',10500,'D','','BLANCO',2),(208,'YUMBO','TOP 125CC',0,'0000','0000',1,3,'1P39FMB12A09784',1290,'N','CHASIS :     LHJXCBLAXC2866156','ROJO',4),(209,'MOTOMEL','BLITZ B1 110CC',0,'000','000',1,3,'152FM*13A31150*',1450,'N',' LHJXCHLA5D2945707','NEGRO',4),(210,'PEUGEOT','306 XN',1997,'1022179','CCA9823',1,3,'1421998',8500,'N','','AZUL',1),(212,'CHEVROLET','AGILE LTZ',2011,'95871','SBM2865',2,1,'325876',17900,'N','','NEGRO',1),(213,'CHEVROLET','CORSA 1.6',2006,'489308','B552030',2,3,'5K5027263',11500,'N','','AZUL',1),(214,'CHEVROLET','CORSA II SEDAN 1.8',2009,'1030089','CCA 7151',2,3,'4Q0015811',14500,'N','','BEIGE',1),(215,'CHEVROLET','SPARK',2008,'4008187','QAB6984',2,1,'651852',10900,'N','1000 CC','VERDE',1),(216,'CITROEN','XSARA PICASSO',2008,'36598','LHA2245',2,3,'98522415',21000,'N','','AZUL',2),(217,'CITROEN','BERLINGO',1997,'150673','MAC3637',2,3,'10CV3J4010418',9900,'D','','BLANCO',2),(218,'DFM','EQ 1020 TF',2010,'1053409','CCB8191',2,1,'10081168',8500,'N','','GRIS',2),(219,'EFFA','CARGO PIKUP ',2008,'1023236','CCA7035',2,1,'8601303HA',7200,'N','','AZUL',2),(220,'FIAT','STRADA ADV. DOB/CAB',2010,'1048379','CCB5313',2,3,'X40562337',17900,'N','','VERDE',2),(221,'FIAT','DUNA',1998,'121231','CCA2088',2,1,'3215846',6500,'D','','BLANCO',2),(222,'FIAT','FIORINO',2000,'321574','CCB3991',2,1,'321588',8900,'N','','BLANCO',2),(223,'FIAT','UNO FIORINO',2012,'258852','PVA2001',2,1,'741147',11000,'N','','BLANCO',2),(224,'FIAT','UNO DS 4P',1999,'985698','CCA5913',2,1,'32658',8500,'D','','BLANCO ',2),(225,'GONOW','FAN  D/C',2011,'125325','B568216',1,3,'AO4889',15500,'N','','BORDO',2),(227,'GWM','VOLEEX C30',2011,'32157','CCA1177',2,1,'565845254',15900,'N','','GRIS',2),(228,'HYUNDAI','ACCENT',1999,'33384587','CCA3319',1,3,'G4EHV315977',7900,'N','','AZUL',1),(229,'HYUNDAI','EXCEL',1995,'326598','CCA5718',2,1,'777895',7500,'N','','AZUL',1),(231,'KIN','TODOTERRENO',2009,'65284','CAA1668',2,1,'58585800',5900,'N','','ROJO',1),(232,'PEUGEOT','306 SL',1996,'1087408','CAA1537',2,3,'VF37BK2D231092962',9000,'N','','BLANCO',1),(233,'RENAULT','18 GTS BREAK',1991,'9984565','B506957',2,1,'33658',5900,'N','','BORDO',1),(234,'RENAULT','KANGOO',2006,'32157','2006',2,3,'32154',11500,'D','','BLANCO',2),(235,'RENAULT','LAGUNA',1996,'22245','DAA8967',2,1,'321548',11500,'N','','GRIS',1),(236,'RENAULT','MEGANE',1999,'9658','CCB5652',2,3,'AC04391',8900,'N','','GRIS',1),(237,'RENAULT','TWINGO III FULL',2005,'656','CCB9158',2,1,'6698',12900,'N','','VERDE',1),(238,'VOLKSWAGEN','GOL 1.6 MDI 4P',2000,'98653','QAB2614',2,1,'254845',11500,'D','','BLANCO',1),(239,'VOLKSWAGEN','GOL 2P  1.8 ',1993,'09650','CCB6397',2,3,'UD338659',6500,'N','','CELESTE',1),(241,'VOLKSWAGEN','GOL CD PLUS 2P 1.6',1998,'107368 ','CCA2441',2,1,'BEA.035703',8200,'N','','GRIS',1),(242,'VOLKSWAGEN','GOL POWER 4P 1.6',2012,'254215','AAH5026',2,1,'584587',16900,'N','kilometros??','GRIS',1),(244,'VOLKSWAGEN','PARA TI',1988,'7774541','B202681',2,1,'11145811',5800,'D','','CELESTE',2),(245,'YASUKI','CH1012LXEI',2007,'25487','SBG1837',2,1,'5266548',6500,'N','','VERDE',1),(246,'TOYOTA','COROLLA FULL',2005,'111062','CCA7385',1,3,'1CD0449508',18000,'N','','BLANCO',1),(247,'CHANA','BENNI',0,'0000','00',3,1,'0',12990,'N','','ROJO',1),(248,'WINNER','STRONG',2010,'1049355','CCV574',1,3,'156FMI0A012627',700,'N','','ROJO',4),(250,'CHERY','QQ 1.1 FULL',0,'000','0000',2,1,'0000.',12490,'N','','AZUL',1),(251,'CHERY','FULWIN HACH',2014,'0000','000',2,3,'SQR477FJADK00363',15990,'N','','BLANCO',1),(254,'CHERY','YOKI',0,'0','0',2,1,'00.',10880,'N','','BLANCO',1),(255,'FIAT','STRADA WORKING PICK UP',0,'0','0',5,1,'1254689',17390,'N','Rotarios vendida.','OPULENCE',2),(256,'GONOW','MINI TRUCKS  PIKUP',0,'00','00',2,1,'000003',10690,'N','','GRIS',2),(257,'GONOW','MINI TRUCKS DOB/CAB',0,'0','0',2,3,'LJ465QR1E11',12990,'N','cHASIS: LCR1A8018EX606460','GRIS',2),(258,'CHEVROLET','S10 4X4 LT/DSL',2006,'00101392','RAA1638',1,3,'M1T243115',22500,'D','','gris',2),(259,'WINNER','BIS PRO NEW GEN.',2011,'1089486','CCQ925',1,3,'1P52FMI0B800867',750,'N','CHASISLS:   RXCJLC9BA278499','ROJO',4),(260,'CHEVROLET','MONZA  SLE 1.6',1986,'337523','SAH2817',1,3,'SUPL12244',5500,'D','JHGV3.5','AZUL',1),(261,'DFM','PIKUP EQ1020',2010,'1041235','CCB7940',1,3,'09137065',6500,'N','','BLANCO',2),(262,'WINNER','LIVE 125',0,'0','0',1,3,'KT1P52FMI*12037786*',0,'N','LKXXCJL07C709664','NEGRO',4),(263,'FIAT','WEEKEND ADVENTURE',0,'0','0',1,3,'2658452',26350,'N','*9BD374379**F5062780*','GRIS CROMO',2),(264,'GEELY','CK 081.3',2012,'1083107','CCB9386',1,3,'MR479QBAN265212',12900,'N','L6T7524S6CN001783','AZUL',1),(265,'YUMBO','GTS II 125',0,'0','0',1,3,'156FM1*E22015517*',0,'N','','',4),(266,'Winner','Zeta 125',2014,' ',' ',1,3,'KT157FMI*D0007909*',0,'N','Okm','Azul',1),(267,'YUMBO','CYCLON',0,'0000','000000',1,3,'156FMI*14B03118',1650,'N','','ROJA',4),(268,'FIAT','STRADA TREKKING',2010,'548340','B574407',1,3,'9512655',12000,'N','','VEDRE',2),(269,'YUMBO','SHARK MOTARD',2010,'1056714','CCV936',1,3,'156FMI10B11726',750,'N','CHASIS LHJYCJLAXA26515677','NEGRO',4),(270,'FIAT','STRADA KIT 3P D/C',0,'0000000','0000000',1,3,'2146073',21990,'N','','Gris Cromo',1),(274,'YUMBO','CITY 125',0,'0','0',1,3,'153FMI*14B01427*',1250,'N','*LHJXCJLF5E2974869*','GRIS',4),(275,'WINNER','FORCE 125',2010,'0','0',1,3,'1P52FMI*OAO10685*',650,'N','usada sin empadronar','GRIS',4),(276,'FIAT','STRADA ADV. D/CAB.C/LOKER ',2010,'1054228','CCB8196',1,3,'2016362',17500,'N','','VERDE',2),(277,'FIAT','UNO CS',1993,'4385','CCB2898',2,3,'3675813',7500,'N','','BLANCO',1),(279,'FAW','CA1020K3 TRCK D/H',2010,'1002201','PAA8637',5,1,'Y72100379Z',11900,'D','','BLANCO',3),(280,'TOYOTA','COROLLA GL 1.6',1992,'9579','CCA4039',1,3,'1262443',6800,'D','','BORDEAU',1),(284,'BYD','NEW F3 GS I',2014,'0000','0000',2,3,'BYD473QE214338584',18490,'N','','GRIS',1),(285,'VOLKSWAGEN','GOL GL  1.6',1997,'259680','B204628',2,1,'UND 044930',8900,'N','','LILA',1),(286,'DAEWOO','DAMAS COACH',1995,'471001','SAF 8775',2,1,'F8CB254987',4900,'N','','AZUL',1),(287,'PEUGEOT','PARTNER B9 FGL',2014,'000','000',2,3,'10FX8C3500009',21990,'N','','BORDO',2),(288,'PEUGEOT','PARTNER B9 FGL',2010,'1041087','CCA 7392',2,3,'10FX7W3426204',18500,'N','','GRIS OSCURO',1),(290,'FIAT','UNO FIRE',1994,'042310','CCA 9157',2,3,'5343618',5900,'N','','GRIS',1),(291,'FIAT','SIENA ATTRACTIVE',2011,'1056053','CAB 1433',3,1,'9686994',15500,'N','','BLANCO',1),(292,'PEUGEOT','PARTNERT B9 FGL ',0,'000','000',2,3,' 10FX8C3499801',21990,'N','','GRIS PLATA',2),(293,'YUMBO ','DAKAR 200',2007,'700871','P512070',5,1,'ZS169FML36806628',900,'N','','ROJA',4),(294,'WINNER','SAHARA',2004,'025125','CCK796',1,1,'*5525042',600,'N','','VERDE',4),(295,'PEUGEOT','SPX',1996,'024302','CCK220',1,1,'11103619',400,'N','','AZUL',4),(296,'YAMAHA','V-80',1995,'386047','BAI216',5,1,'4GC005140',550,'N','','AZUL',4),(297,'GENESIS','B05',2006,'1079284','SDV495',5,1,'QJ1E40QMB63004125',500,'N','','AZUL',4),(298,'WINNER','SPY',2010,'1066912','CCY895',1,3,'139QMBPEL1120125',500,'N','','GRIS',4),(299,'ASAKI','AZ110',2008,'1023425','CCP984',1,1,'LF1P52FMH81196129',500,'N','','NEGRO',4),(300,'WINNER','EXPLORER 125',2007,'1005834','CCO298',1,1,'156FMI7C060776',650,'N','','AZUL',4),(301,'YASUKI','UR 125FYE',2004,'085109','CCM657',5,1,'04060523',650,'N','','VERDE',4),(302,'WINNER','EXPLORER 200',2010,'1065036','CCY856',5,1,'163FMLAJ051104',750,'N','','NEGRO',4),(303,'WINNER','EXPLORER',2011,'1065970','CCY542',5,1,'157FMI*0A105956*',950,'N','','ROJA',4),(304,'YASUKI','WIND 125',2007,'1003847','CCF075',1,1,'156FMI60032136',800,'N','','NEGRO',4),(305,'YASUKI','SPIRIT 200',2010,'DAS162','DAS162',5,1,'163FML10507200',700,'N','','NEGRO',4),(306,'VITAL','TR 110',2010,'DAP413','DAP413',1,3,'1P52FMH*0A0055298*',750,'N','','ROJO',4),(307,'WINNER','STREET 125',2010,'1062397','CCY272',5,1,'157FMIpel100300014',650,'N','','GRIS',4),(308,'YUMBO','DAKAR S 125',2007,'1009627','CCF438',5,1,'LZSJCJL0775201452',900,'N','','ROJO',4),(309,'WINNER','FORCE II',2012,'902769159','CAF698',1,3,'KT1P52FMI*12020377*',750,'N','','GRIS',4),(310,'VITAL','TR 110',2010,'1066243','CCY876',1,3,'1P52FMH0A055321',500,'N','','AZUL',4),(311,'STAR','SK 110',2008,'1017133','CCO845',5,1,'SK150FMH0800029840',500,'N','','AZUL',4),(312,'YASUKI','UR 125 SILVER',2006,'1045455','CCU601',1,1,'LB157FMI20014683',650,'N','','ROJO',4),(313,'YUMBO','GTS 125',2011,'1088883','CAB182',1,3,'156FMI*11837860*',750,'N','*LHJPCJLAXB2778636*','GRIS',4),(314,'CHANA','SC1022BB23D  d/c',2008,'1021240','CCB7625',2,1,'JL465Q5856AC051926',8900,'N','CHASIS: LSCBB23D18G084030','AZUL',2),(315,'FORD','ECOSPORT FEERISTYLE ',0,'0','0',2,1,'1234562',29990,'N','','CHAMPANG',2),(316,'FORD','FIESTA SEDAN KINETIK 1.6',0,'0','0',2,1,'003388',26990,'N','','GRIS PLATA',1),(317,'FORD','HATCH KINETIC 1.6',0,'00','0',2,1,'00001',26990,'N','','NEGRO',1),(318,'FORD','RANGER  XLY 4X2 D/C 2.5 ',0,'0','0',1,3,'12315799',35990,'N','','AZUL',2),(319,'FIAT','PUNTO ATTRACTIVE 1.6',0,'0','0',2,1,'2457354',22990,'N','','ROJO',1),(320,'CHEVROLET','CORSA WIND 1.0',1998,'24133','PMA1194',3,1,'BS0137918',7900,'N','','Gris',1),(321,'FIAT            ','STRADA WORKING D/CAB',0,'0','0',1,3,'2209403',20990,'N','*9BD578942**F7880092','GRIS',2),(322,'FIAT','IDEA ADVENRUTE',2013,'1088548','CCB9437',2,1,'2266250',21900,'N','67.000KM','GRIS OSC.',1),(323,'FIAT','STRADA WORKING',2012,'DAA9741','DAA9741',1,3,'1061622',17900,'N','','NEGRO',2),(324,'Fiat','Strafa worquing 3P',0,'0','0',1,3,'2208136',20990,'N','','blanco',2),(325,'Ford','Eco Sporrt Titanium 2.0',0,'0','0',1,3,'aojbf8967872',35990,'N','automatica','Roja',2),(326,'BYD','NEW F3',0,'0','0',1,3,'BYD473QE214044459',18490,'N','','GRIS',1),(327,'GEELY','CK  1.3',2011,'561399','B568261',3,1,'MR479QA4N212498',10500,'N','','GRIS',1),(328,'FIAT','PALIO FIRE',2014,'0000','0000',2,3,'2100940',16890,'N','','GRIS CROMO',1),(329,'FIAT','STRADA ADVENTURE DOBLE CABINA CON LOCKER',2014,'0000','0000',2,3,'2682739',24490,'N','','GRIS CROMO',2),(330,'GONOW','FAN DOB/CAB ',2011,'1080559','CCB9880',1,3,'BJ491EQ3B01757',15500,'N','','GRIS',2),(331,'CHANA','SC1022BB13DFA',2010,'1056178','CCB8212',1,3,'JL465Q5A56AH000989',7500,'N','','BLANCO',2),(332,'CITROEN','XSARA 1.9',1998,'1019780','CCB5179',1,3,'10CUHW4002587',7500,'D','','GRIS',1),(333,'WINNER','LIVE 125',0,'0','0',1,3,'KT1P52FMI*120037786*',0,'N','','NEGRO',4),(334,'CHERY            ','QQ CONFORT',0,'0','0',1,3,'SQR472FFDDM00101    ',0,'N','LVVDB12B4ED039499','rojo',1),(335,'CHERY','QQ CONFORT',2012,'1248128','SBO1757',1,3,'SQR472FFDCC50309',9990,'N','','NEGRO',1),(337,'CHEVROLET','CORSA ST PIKUP',1997,'4446','CCB2719',1,3,'4EC1NO58071',7500,'D','','VERDE',2),(338,'FORD','ESCORT LX DIRECI HIDRA,LLANTAS',1997,'DAA0121','DAA0121',1,3,'RTMVJO3208',8900,'D','','VERDE',1),(340,'VOLKSWAGEN','GOL 1.0',2005,'901876691','CAB1581',1,3,'AZN241255',11500,'N','','GRIS OSC',1),(343,'CHERY','YOKI',0,'0','0',1,3,'SQR472WFAFDH00477',0,'N','','BLANCO',2),(344,'CHERY','COWIN ',0,'0','0',1,3,'SQR477FMAEA00146',14490,'N','','BORDEAU',1),(346,'VOLKSWAGEN','GOL CL MI E ',1998,'497172','SBA5764',5,1,'UNF0077230',7500,'D','','BLANCO',1),(347,'VOLKSWAGEN','GOL 1.9 SD',2002,'500208','PZA1119',1,3,'1Y656981',8900,'N','TALLER','GRIS',1),(348,'FIAT','UNO DS',1997,'9019002898','CAA2248',1,3,'2025804',6900,'D','','GRIS OSC.',1),(349,'EFFA','AOJUN',2008,'1030409','CCA7159',1,3,'123012',11900,'N','','GRIS',2),(350,'CITROEN','XSARA BREAK 1.9 D',2001,'57717','IAA4866',5,1,'10DXCL60188750',10500,'D','','GRIS',2),(351,'FIAT','SIENA ATRACTIVE',0,'0','0',1,3,'1230123418',18990,'N','','ROJO',1),(352,'DFSK','MINI TRUCK DOB/CAB, ABS',0,'0','0',1,3,'AF11-05*14335541*',12400,'N','','GRIS',2),(353,'BYD','NWE F3 GS-I',0,'0000','0000',2,3,'BYD473QE 213409983',18490,'N','','GRIS',1),(355,'PEUGEOT','208 1.0 3 PTS',0,'000','000',2,3,'0000000',23490,'N','','GRIS OSC',1),(356,'PEUGEOT','PARTNER B9 FGL ',0,'000','000',2,3,'10FX8C3499801',21990,'N','','GRIS',2),(357,'JAC            ','HFC 1040 KS ',0,'0','0',1,3,'D4064062                 ',21990,'N','LJ11KBABXE6001490','BLANCO',3),(359,'TOYOTA','HILUX',1995,'902363149','CAA 2419',3,3,'000000000',13000,'D','','GRIS',1),(360,'ZOTYE','Z 200 1.3',2012,'902611341','DAB 0059',2,3,'4A90MBR0496',12000,'N','','NEGRO',1),(361,'FIAT','SIENA ATTRACTIVE',0,'0','0',2,1,'00000000',18990,'N','','GRIS OSC.',1),(362,'PEUGEOT','208 1.0',0,'000000','000000',2,1,'0000000000000000',23490,'N','','GRIS OSC',1),(363,'PEUGEOT','207 ACTIVE 1.4 SW',0,'000','000',2,3,'10FSX46612685',26990,'N','','ROJO',1),(364,'PEUGEOT','206 XR 1.6 PREMIUM',2005,'01111605','CCA 5972',2,3,'10DBTU0007416',13500,'N','','AZUL',1),(365,'CHERY','QQ COMFORT',0,'000','000',2,3,'SQR472FFDDM00130',11990,'N','','AZUL',2),(366,'DAEWOO','TICO SL',1996,'441229','B123325',2,3,'F8C364623',6800,'N','','BLANCO',1),(367,'HAIMA','3 SEDAN GL',2012,'902682524','AAI 9857',1,3,'HM479QA19047872',15900,'N','','HABANO',2),(368,'WINNER','EXPLORER 125',2011,'1082977','CCQ815',1,3,'156FMI2BJ055188',950,'N','','ROJO/GRIS',4),(369,'NISSAN','SENTRA',1995,'03243','LKA 1355',2,1,'CD17400443B',6900,'D','','CELESTE',1),(370,'CHEVROLET','S10 D/C  2.5  DELUXE 4X2',1998,'459559','B540961',1,3,'4A8A46B089240D',13000,'D','','VERDE',2),(371,'FORD','RANGER D/C',2010,'1171941','SBJ 8024',2,1,'AJ319532',22000,'N','','VERDE',2),(372,'MOTOMEL','S2',0,'0','0',1,3,'156FMI13A01038         ',0,'N','','NEGRO',4),(373,'GEELY','SCOTER',2014,'000000','000',5,1,'325852',0,'N','RIFA ROTARIOS','NEGRO',4),(374,'YUMBO','GS2 125CC',2011,'1078517','CCQ351',5,1,'156FMI11B40276',850,'N','600 QUIERE BURGE','NEGRO',4),(376,'MOTOMEL','TRX EN DURO',0,'0000','000',1,3,'156FMI-13-00571',1379,'N','','NEGRO',4),(377,'MOTOMEL ','TRX EN DURO 125CC',0,'00000','00000',5,1,'85879',1379,'N','','BLANCO',4),(379,'MOTOMEL','TRX EN DURO 125CC',0,'000','0000',5,1,'32158811',1379,'N','','NEGRO',4),(380,'VITAL','VX110',0,'000','000',1,3,'85698700',850,'N','ES DE CARLA CLIENTA QUE LA SACO EN UNA RIFA','AZUL',4),(381,'MOTOMEL','BLITZ110',0,'000','000',1,3,'152EMH*14A30690*',949,'N','RIFA ESCUELA CANDOBLES *LHJXCHLA4E2977551*','ROJO',4),(382,'MOTOMEL','BLITZ110cc',0,'000','000',5,3,'111111111111122222222',950,'N','','ROJO',4),(383,'WINGLE','5E',0,'1080559','CCB9880',1,3,'SQR472FFDDM10461',26250,'N','CHASIS.LVVDB12B8ED066351','GRIS',1),(384,'RENAULT','CLIO 2 AUTENTIQUE',2003,'459093','B803020',1,3,'K9KA700D036986',11900,'D','','BLANCO',1),(385,'VOLKSWAGEN','1.6 TUNING (CHAPISTA)',1990,'2587787','SAU1723',3,1,'3215646515',7500,'N','FALTA LIBRETA','AZUL',1),(386,'CHEVROLET','S10BLAZER 2.8',2000,'441920','B123404',1,3,'4JB1T395584',13500,'D','','NEGRO',2),(387,'DAEWOO','TICO 4P ',2000,'1021685','CCB4111',2,1,'F8C937223',6900,'N','','VERDE',1),(388,'EFFA','MINYI CA/EXT 1.0',2010,'1066650','CCB8176',2,1,'DA465Q9800650',8500,'N','','BLANCO',2),(389,'CITROEN','XSARA 1.9 4P FULL A/A D/H LL V/E',2001,'901785532','CAB1219',1,1,'10DXCL6017194',8500,'D','','BLANCO',1),(390,'CHERY            ','COWIN',0,'0','0',1,3,'SQR477FMAEA00025     ',14490,'N','','BLANCO',1),(391,'Peugeot','207 Compact',2013,'1092197','CCB 8929',2,3,'10FSW96548503',17500,'N','','ROJO',1),(392,'CHERY','BEAT',0,'00','00',1,3,'SQRD4G15AAED00003',18490,'N','','GRIS',2),(393,'WINGLE',' 5E D/CAB ',0,'0','23900',1,3,'12345',26250,'N','','GRIS',2),(394,'FIAT','SATRADA WORKING ',0,'0','0',1,3,'2257515',17390,'N','','ROJO',2),(395,'FIAT','STRADA WORKING C/ EXT.',0,'000','000',1,3,'2127361',18690,'N','','GRIS',2),(396,'CHANGHE ','IDEAL II',2012,'902606856','CCB9881',1,3,'DA465Q-2-1B20886-E',0,'N','','BLANCO',1),(397,'YUMBO','CYCLON ',0,'0','0',1,3,'156FMI14B02444',1650,'N','','NEGRO',4),(405,'CHERY','QQ CONFORT',0,'0','0',1,3,'SQR472FFDDM00436',11990,'N','chasis: LVVDB12BXED040348','GRIS',1),(406,'GONOW','MINI VAN CARGO',2011,'1074336','CCB8730',3,1,'LJ465Q31AE2B02756986',9500,'N','','GRIS',2),(407,'TOYOTA','HILUX (SEÑADA)',1995,'902363149','CAA2419',1,3,'2L3859826',13500,'N','','GRIS',2),(408,'CHEVROLET','CORSA HATCH',2008,'1032133','CCB 4168',2,1,'A4001739',12900,'N','','GRIS',1),(409,'VOLKSWAGEN','GOL 305 D',1986,'284248','AAA2458',5,1,'BE043178',4200,'N','','VIOLETA',1),(410,'MITSUBISHI','L200 4x2 D/H',1996,'2001','PVA1608',1,3,'rx3459',9500,'N','','GRIS',2),(413,'FIAT','DUNA BERLINA',1989,'1020847','CCB5182',1,3,'0576558',4000,'D','','AZUL',1),(414,'GEELY','LC CROOS',2013,'902754022','CAA 2467',2,1,'MR479QCCN239929',15900,'N','','ROJO',1),(415,'FIAT','STRADA WORKING D/CAB ',0,'0','0',1,3,'2196098',20990,'N','9BD578942*F7899994','',2),(416,'FIAT','PALIO FIRE',0,'0','0',1,3,'510A2011*2184020*',0,'N','','blanco',1),(417,'CHEVROLET','CORSA WIND 1.4',1996,'416145','B523421',3,1,'EXP28822002',7500,'N','','BORDEAU',1),(418,'GEELY','CK',2009,'12380','LDA5753',5,1,'MR479Q906265435',10900,'N','','GRIS',1),(419,'FAW','N5 1.0 FULL',2013,'902634099','EMB1366',1,3,'FC605255',10500,'N','','GRIS',1),(420,'NISSAN','SENTRA STD',1995,'105341','CCA3227',1,3,'E16769105M',7500,'N','','BLANCO',1),(421,'LADA ','SAMARA 21080 4P',1994,'083565','CCB4358',3,1,'1466779',4800,'N','','ROJO',1),(422,'TOYOTA ','CORONA GLI 2.0',1994,'468637','B206694',5,1,'1506974',9900,'D','','BLANCO',1),(423,'FIAT','STRADA ADVENTURE  ',0,'0','0',1,3,'178F4055*27136640*    ',24490,'N','','OPULENCE',1),(424,'BYD            ','F3 NEW GS-I',0,'0','0',1,3,'BYD473QE214044485',0,'N','','BLANCO',1),(425,'MITSUBISHI','L200 4X4 D/H',1995,'19045','PAA8356',1,3,'GN8778',12900,'D','','ROJO',2),(426,'DFM','EQ1021NF dob/cab',2009,'1130933','SBH7040',5,1,'8064851',8500,'N','','BORDEAU',1),(427,'CHERY','TIGGO ',0,'00','00',2,3,'SQRE4G16AAEF07000',23490,'N','','BLANCO',2),(428,'CHERY','TIGGO 2.0 4x2',2011,'1063390','CCA 7951',2,3,'SQR484FAFAK01010',16500,'N','','GRIS',2),(429,'FIAT','PALIO',2002,'902760834','CAA 2511',2,1,'176090115462439',9500,'N','','GRIS',1),(430,'ISUZU','TFR 16H10',1996,'608','CCB 5630',1,3,'596278',11200,'D','DOBLE CABINA','ROJO',2),(431,'FIAT','UNO CL',2002,'110402','CCA 5210',2,3,'6336101',9500,'N','','ROJO',1),(432,'FORD','ESCORT LX ST WAGON',1997,'476675','B548113',2,1,'RTMVM05680',7900,'D','','BORDO',1),(433,'VOLKWAGEN','GOL SAVEIRO',1993,'103195','CCA1308',1,3,'BE074572',6750,'N','','blanco',1),(434,'CHERY','QQ COMFORT',0,'000000000','00',2,3,'SQR472FFDDM00758',11990,'N','','GRIS',1),(435,'KIA','AVELLA DELTA ST',1999,'108739','CCA 1661',2,1,'883715',6800,'N','','GRIS PLATA',1),(436,'FIAT','STRADA WORKING',0,'000000000000','00',3,3,'2263725',20990,'N','','TELERIUM',1),(437,'FIAT','PALIO FIRE 1.4',0,'000000000','000',2,3,'2184175',16890,'N','','ROJO',1),(438,'PEUGEOT ','205 GR',1990,'1592','CCA 9041',2,3,'U80.069',6000,'N','','AZUL',1),(439,'CHERY','FULWIN',0,'00000000000000','000',2,3,'SQR477FJADK00140',15990,'N','','GRIS',1),(440,'CHEVROLET','SPARK 1000CC',2010,'1054937','CCA 7727',2,1,'B10S1558005KC2',11500,'N','','NEGRO',1),(441,'CHERY','QQ STANDAR',0,'00000','00000',1,3,'SQR372ADED01308',10990,'N','','GRIS',1),(442,'WINNER ','EXPLORER 125CC',75637,'0753','03215',5,1,'156FMI2DC053602',0,'N','LXYJCJL0XD0443242','ROJA Y GR',4),(443,'WINNER','FAIER 125CC',0,'00','0',5,1,'AE1P52FMIE0039475',0,'N','LKXXCJL90E0006589','ROJO',4),(444,'WINNER','EXPLORER 125CC',0,'0','0',5,1,'156FMI2DC053633',0,'N','LXYJCJL09D0443244','BLANCA',4),(445,'WINNER','EXPLORER 125CC',0,'044','045',5,1,'156FMI2DC053627',0,'N','LXYJCJL06D04431730','GRIS Y NEG',4),(446,'WINNER','FAIRE 125CC',0,'0','0',5,1,'T1P52FMID000077130',0,'N','LKXXCJL02D1032296','GRIS',4),(447,'WINNER','FAIER',0,'0','0',5,1,'*LLCLXBCA1DA101505*',0,'N','LLCLXVCA1DA101503','NEGRO',4),(448,'WINNER','FAIRE',0,'0','0',5,1,'T1P52FMI12039699',0,'N','LKXXCJL02CA712570','NEGRO',4),(449,'WINNER','FAIRE 110CC',0,'0','0',5,1,'LC152FMHLQ273104',0,'N','LLCLXVCA4BA101480','AZUL',4),(450,'WINNER','LIVE 125 CC',0,'0','0',5,1,'AD1P52FMIE0039206',0,'N','LKXXCJL09E006320','',4),(451,'WINNER','CG 125 CC',0,'0','0',5,1,'157FMIPEL13D1201126',0,'N','LE6PCJLL7D21126','GRIS',4),(452,'WINNER','CG 125CC',0,'0','0',5,1,'157FMIPEL13D1201080',0,'N','LE6PCJLL9D2001080','NEGRO',4),(453,'FIAT','PALIO WEEKEND',0,'0','0',1,3,'2305909',20990,'N','9bd3743356f5071265','GRIS',2),(454,'FIAT','STRADA WORKING  CAB/EXT 1.4',0,'0','0',1,3,'310A20112257500',18690,'N','X9BD578842F7895891','BLANCA',1),(455,'FIAT','STRADA DOB CAB 1.4 3P',0,'0','0',2,1,'310A20012257763',20990,'N','9BD578942F7896305','GRIS',2),(456,'FIAT','DOB/CAB ADVENTURE 1.6',0,'0','0',1,3,'178F40552713611',23990,'N','9BD578975F7903589','BLANCO',1),(457,'FIAT','STRADA DOB /CAB1.4',0,'0','0',1,3,'310A20112196360',20990,'N','9BD578942F7898081','ROJA',1),(458,'BYD','S6',0,'0','0',1,3,'BYD483QB314019582',31990,'N','LC0C14CG1E1025507','NEGRO',1),(459,'MONDIAL','FD 400 H 4X4',0,'0','0',1,3,'HS185MQ0E0A0086',0,'N','','CAMUFLADO MARRON',1),(460,'CHANA','SC1022BB23D',2010,'1067981','CAA 1027',2,1,'JL465Q5A56AK003210',9000,'N','PICK UP / DOBLE CABINA','GRIS',2),(461,'CHEVROLET','SPARK LTZ EXTRA FULL',2010,'1144117','SBI3263',2,1,'B10S1421692KC2',11200,'N','','NEGRO',1),(462,'DFSK','EQ1020TF PICKUP SEÑADA',2013,'902630474','CCB9515',5,1,'125470071',8500,'N','','AZUL',2),(463,'VOLKSWAGEN','GOL 1.0',2005,'902370644','PAV 5424',1,3,'AZN248819',11500,'N','','GRIS OSC',1),(464,'CHEVROLET','MONZA SL 1.8',1990,'219321','AAI7595',1,3,'485910',5500,'N','','GRIS',1),(465,'FIAT','UNO CS',1994,'DAA0526','DAA0526',1,3,'4137723',5900,'N','','VERDE',1),(466,'CITROEN ','XSARA XD ',2000,'E624119','EMB0972',1,3,'10DXBA0002735',10900,'D','','GRIS',1),(467,'FIAT','DUNA',1995,'024492','CCB2929',1,3,'1568807',0,'D','','ROJO',1),(470,'FIAT','SIENA ATRACTIVE D/H - A/A',0,'0','0',2,1,'2186085',20990,'N','8AP372316F6102827','GRIS',1),(471,'CHEVROLET','CORSA CLASIC 1.7',1999,'339685','AAC8886',1,3,'476022',6000,'D','','BLANCO',1),(472,'FIAT','PALIO WEEKEND END ELX',2003,'702724','PVA 1687',5,1,'0212133',0,'N','','',2),(473,'FIAT','UNO S',2008,'123456','CCA7943',5,1,'35864356',8900,'D','','AZUL',1),(477,'FIAT','ADVENTURE DOB/CAB  C/LOKER 3P',0,'0','0',2,1,'2719330',24490,'N','','VERDE.SAVAGE',2),(478,'FIAT','PALIO FIRE1.4 5P',0,'0','0',1,3,'1946701',16890,'N','CASIS . F3060630','GRIS BARI',1),(481,'ZOTIE','Z200 1.3L FULL ',2012,'902589003','DAA9985',1,3,'4A90MBR0548',12500,'N','LJ8A2B5B5CD000588','NEGRO',1),(482,'EFFA','IDEA 1.0 4P LLANTAS , A/A',2008,'1013027','CCB5148',1,3,'DA468Q7500521L1F',8200,'N','LKCDZ2AJ27H830796','GRIS',1),(483,'FIAT','WORKING D/C FULL',0,'0','0',2,1,'310A2011*2318695*',20990,'N','*9BD578942*F7916671*','ROJO',2),(484,'FIAT','STRADA WORKING C/EXTEN FULL',0,'0','0',1,3,'310A2011*2325830*',18690,'N','*9BD578842*F7917475*','GRIS CROMO',2),(485,'FAW','MINI VAN 5 P PUERT. LATE',2010,'DAA9093','DAA9093',2,1,'0911659-3JD3',9000,'N','LFBOC1438B6F27570','BLANCO',1),(486,'CHERY','FULLWIN A13 Sedan Extra Full',0,'0','0',1,3,'SQR477FJADH00480',0,'N','LVVDA11B3ED004893','GRIS',1),(490,'FIAT','STRADA CAB/EXTEN D/H ',2005,'470766','B 129446',1,1,'2073084',7500,'D','','AMARILLA',2),(491,'FIAT','UNO DS',1999,'11494','CCA5913',1,3,'2280593',8500,'D','','BLANCO',1),(492,'CHEVROLET','S10  D/C  A/A D/H 2.8  4X4 FULL',2006,'901124772','CAA2954',5,1,'M1T257555',21000,'D','','GRIS',2),(493,'KIA','PRIDE BETA SEDAN 4P',1996,'4563388','SAO8443',5,1,'B3535722',7900,'N','','GRIS',2),(495,'SEAT','TOLEDO 1.9 SE D 4P',1997,'106874','CCA8795',5,1,'1Y4343030',5500,'D','','BLANCO',1),(496,'VOLKSWAGEN','GOL 1.0',2005,'902370644','PAB5424',1,3,'AZN2488190',11500,'N','','GRIS',1),(497,'FIAT','STRADA WORKING PICK UP',0,'0','0',5,1,'2340119',17390,'N','9bd578742f7921445','TELLURIUM',2),(498,'DAIHATSU','CHARADE SG 1.3',1993,'DAA0020','DAA0020',5,1,'0351793',6000,'N','JDAG102S000678505','ROJO',1),(499,'FIAT','SIENA EL TD  DH-AA',2001,'01111412','CCA5882',5,1,'5152606',9500,'D','','BLANCO',1),(500,'FIAT','STRADA WORK A/A ',2012,'1078567','CCB9364',1,3,'0673633',14500,'N','9BD27844NC7486829','GRIS',2),(501,'FIAT','UNO FIORINO FURGON',2013,'902668071','CAB1173',2,1,'1277571',11900,'N','','BLANCA',2),(502,'VOLKSWAGEN','BORA A4 2.0 TRENDLINE',2011,'1105043','OAB5707',2,1,'CBP233278',19000,'N','','GRIS',1),(503,'CHEVROLET','LUV C/AIRE',1995,'202.700','KMA6119',5,1,'143458',10900,'D','','ROJA',2),(504,'FIAT','STRADA WORKING TD',2004,'130918','MAD7043',1,3,'5212756',11500,'N','','BLANCA',2),(505,'GWM','WINGLE D/C 5 4X4 D LUXURY',2011,'1215799','SBM2527',3,1,'1102409455',23900,'D','','BLANCO',2),(506,'CHEVROLET','CORSA GL 1.7 C/AA',2003,'134194','KDA1035',1,3,'180726',9800,'D','','BLANCO',1),(507,'CHERY','QQ 1.1L CONFORT',2011,'744231','AAH4900',5,1,'SQR472FFGAF50598',10000,'N','','BLANCO',1),(508,'CHERY','FULLWIN',2013,'1092084','CCB9477',1,3,'SQR477FJACG01099',14500,'N','','ROJO',1),(509,'FORD','TAUNUS GL',1982,'4276','CCB3087',1,3,'0419223',3500,'N','','celeste',1),(510,'VOLKSWAGEN ','GOL 1.9 ',2002,'128547','MAD 8764',5,1,'1Y656838',9800,'D','','BLANCO',1),(511,'NISSAN ','TD 27',1996,'600114','PBT1075',1,3,'TD27-505474',12500,'D','','GRIS',2),(512,'FIAT','UNO CS',1989,'1207','PSA1166',3,1,'2844395',4900,'N','','BLANCO',1),(513,'FOTON','BJ1039V3JD3-B,  C/ JAULA',2011,'900937795','PVA2355',5,1,'BJ493ZQA23041',10500,'D','C/ JAULA','BLANCO',3),(514,'JMC','JX1041DL2  AA, DH',2011,'1076606','CCM1993',5,1,'B5076204',12500,'D','CHASIS.LETAEAG23BHN32140','BLANCO',3),(515,'VOLKSWAGEN','GOL MI  1.0',1997,'1007961','PAA9243',5,1,'BE074739',6300,'D','','ROJO',1),(516,'RENAULT','NUEVO CLIO EXP A/A 4P',2004,'02494','LNA1307',1,3,'K9KA700D00D071486',11500,'D','8A1LB07155L55L558403','VERDE',1),(517,'HYUNDAI','H100 FURGON',1994,'900268028','B576259',1,3,'D4BXR686876',8500,'D','KMFFD27XPRU066576','BLANCA',2),(518,'NISSAN ','SD23  D/C  ',1994,'433716','SBE1096',5,1,'SD23287785',9800,'D','','NEGRA',2),(519,'EFFA','D/C A/A D/H FULL 2.2CC',2008,'162756','MAD6219',5,1,'JM491QME597998',11500,'N','','NEGRA',2),(520,'FORD ','RANGER 4X2 2.8L XLT A/A  ',2008,'362137','ERB1910',5,1,'C36229910',21900,'D','','GRIS',2),(521,'CHANGHE','IDEAL II A/A D/H VIDRIOS 1.0',2012,'1087291','CCB9423',5,1,'DA465Q21407419E',9500,'N','a.t','NEGRO',1),(522,'CHEVROLET','BLAZER A/A  D/H 2.5TD FULL ',1999,'204.192','KMA5108',5,1,'4A8A46B120032E',10900,'D','','GRIS',2),(523,'yumbo','gs125',2015,'0','0',1,3,'15b00629',1550,'N','lhjpcjlb7f2993034','negro',4),(524,'Fiat','Working D/C',0,'0','0',2,1,'310A2011*2340129*',20990,'N','*9BD578942*F7920844*','Tellurium',2),(525,'FIAT','PALIO W.END TREKKING 1.4',0,'0','0',2,1,'310A2011*2305911*',21990,'N','*9BD374366*F5071407*','ROJO',1),(526,'FIAT','STRADA WORKING D/C 1.4',0,'0','0',2,1,'310A2011*2337992*',20990,'N','*9BD578942*F7920396*','OPULENCE',2),(527,'NISSAN','D21CLD PIKUP CAJA LARGA',2007,'700878','PVA1235',5,1,'TD27821786',14000,'D','','GRIS',2),(528,'FIAT','STRADA ADVENTURE 1.6',2012,'1083701','CCB9394',3,1,'2227283',18900,'N','35.000KM','ROJO',2),(529,'FIAT','DUNA S ',1999,'900929182','CCB9039',5,1,'0119076',7800,'D','','BLANCO',1),(530,'PEUGEOT','206 RURAL SW X-LINE 1.4 ',2008,'1090307','SBF9545',5,1,'10DBS80004279',15900,'N','','AZUL',2),(531,'CHANA','BENNI',0,'0','0',1,3,'JL466Q5*E65J003830*',12499,'N','LS5A3ABD8FA955212','OCRE',1),(532,'FAW','N5 1.0 FULL',0,'0','0',1,3,'FE603323',13500,'N','','ABANO',1),(533,'PEUGEOT','FURGON',2008,'901542353','B143879',5,1,'10DXBJ0011951',12900,'N','','blanco',1),(534,'EFFA','CARGO D/C',2009,'1052580','CCB8186',5,1,'80064263HD3',8200,'N','CHASIS LKHPC2AG28AL51494','GRIS',2),(535,'KIA','CERES PIKUP',1999,'495660','B132910',1,1,'SC033932',7500,'D','KNCSB2122X6852323','BLANCO',3),(536,'FIAT','FIORINO ESTANDAR',0,'0','0',5,1,'7656769',15990,'N','','BLANCO',2),(537,' FIAT','UNO CS',1997,'4131','CCB4516',3,1,'176AB0001801025',0,'N','','ROJO',2),(538,'FAW','Z7 LUXURY C/CD',2009,'221000','LAB 1505',5,1,'147424',10900,'N','','NEGRA',2),(539,'FIAT','UNO FIORINO',2006,'5889','CCB3912',5,1,'7005315',9800,'N','','BLANCA',2),(540,'JMC','CAB, SEN  JX1041DL2 2.5KG',2010,'1047657','CCM1997',5,1,'9A088638',13000,'D','','BLANCO',3),(542,'CHEVROLET','MONZA 1.6 4P',1986,'337523','SAH2817',3,1,'SUPL122440',3800,'D','','AZUL',1),(543,'FIAT','PALIO RURAL WIKEEND ',2003,'216568','HAY525',3,1,'5215464',10900,'D','','BORDEAU',2),(544,'VOLKSWAGEN','PARATI RURAL ',2000,'062213','MAB8029',3,1,'23193',11500,'D','','GRIS',2),(545,'FIAT','FURGON DUCATO',1996,'E44312','EMA9134',5,1,'1398090',7800,'D','','BLANCO',2),(546,'FORD','ESCORT LX  s/libreta',1998,'024277','CCB3215',1,1,'RKEWP27896',8500,'N','','BORDÓ',1),(547,'SUZUKI','FORZA GL 4P ',1990,'133268','AAF8436',1,1,'G13BA153974',3000,'N','-4','BLANCO',1),(548,'FIAT','UNO 4P SD D/H , V/E',2008,'1095695','SBN8873',3,1,'5252780',5500,'D','','NEGRO',1),(549,'FIAT','600 S',1981,'1010219','PVA1828',5,1,'0088905',3500,'N','','ROJO',1),(550,'CHEVROLET','CORSA CLASIC 1.6',2008,'200542','PSA1078',5,1,'7H5129882',11900,'N','','GRIS ',1),(552,'FIAT','UNO PIKUP 1.5',1989,'8375','CCA2212',5,1,'29854051',6900,'N','','BEIGE',2),(553,'FIAT ','ADVENTURE 1.6 C/LOKER',0,'0','0',5,1,'178F4055*2709792*',23490,'N','*9BD578976**F7905675*','GRIS ',1),(555,'FIAT','ADVENT.1.6 S/LOKER',0,'0','0',5,1,'178F4055*2716856*',22790,'N','*9BD578975*F7905156*','ROJA',1),(557,'FIAT','STRADA ADV.DOB.2Pc/lok',2014,'902722934','CAB1522',2,1,'2515082',18900,'N','','NEGRO',2),(558,'GEELY','JL125T35',2012,'902694772','CAC593',5,1,'1P52QMIC07280025',750,'N','','ROJA',4),(560,'CHEVROLET','CORSA GL 1.7 4P D/H',2003,'134194','KDA1035',1,1,'1807260',8200,'D','','BLANCO',1),(561,'FIAT','PREMIO S 4P',1988,'1035363','CCB4188',5,1,'2576939',5900,'N','','GRIS',1),(563,'CHANA ','FURGON C/VIDR Y ASIENT',2008,'1020129','CCA6966',5,1,'JL465Q5756A2128250',7500,'N','','BLANCO',2),(564,'CHERY','FULWIN HACH 1.5',2014,'528768','CAB1413',2,1,'sqr477fjadf00209',14500,'N','','GRIS',1),(565,'TOYOTA','COROLLA XL 1.8',1989,'724822','AAF4200',5,1,'1141383',6900,'D','','BLANCO',1),(566,'FIAT','PALIO ',1997,'1016903','CCA6878',5,1,'5071365',8900,'N','','BORDEAU',1),(567,'EFFA','D/C FULL 2.2',2007,'1003032','CCB5114',3,1,'458045',11500,'N','','VERDE',1),(568,'VOLKSWAGEN','GOL POWER 1.6 A/A D/H ',2012,'1071325','CAA1131',5,1,'CFZ094192',15000,'N','','ROJO',1),(569,'CHERY','QQ 1.1 CONFORD 4CILIN',2009,'1035750','CCB7773',2,1,'SQR472FFG9B06537',9500,'N','','ROJO',1),(570,'EFFA','PLUTUS D/C DIR, A/A D/H  3.2',0,'0','0',4,1,'3215845',19900,'D','','BLANCO',2),(571,'FIAT','STRADA TREIKKING D/CAB',0,'0','0',5,1,'1111',19490,'N','','BLANCO',2),(572,'FIAT','WORKING CAB.EXT 1.4',0,'0','0',5,1,'32165654',17790,'N','','ROJA',2),(573,'LIFAN','320',2011,'1220235','SBM4786',5,1,'LF479Q3110400249',9500,'N','','VIOLETA',1),(574,'CHANGAN','DOB/CAB 1.0',2007,'901948244','PVA2317',1,3,'JL465Q5656MJ4556',8900,'N','','BLANCO',2),(575,'CHEVROLET','S10 4X2 FULL D/C',2011,'1067786','CCB8410',2,1,'6Y0029270',19800,'N','','GRIS',2),(576,'NISSAN','D21 DOB.CAB   4X2  ',2005,'1021744','PVA1966',5,1,'TD27741828',14900,'D','','BLANCO',2),(577,'CHEVROLET','BLAZER FULL',1997,'023951','CCB2976',2,1,'4A8A46B040577C',12900,'D','','VERDE',1),(578,'VOLKSWAGEN','GOL CL MI C/D 1.6',1997,'481245','SAS4400',5,1,'UND130938',7900,'N','','BORDEAU',1),(579,'CHERY','FULWIN HATCHBACK 1.5',2014,'902818264','CAB1909',2,1,'SQR477FJADK00151',14500,'N','','GRIS',1),(580,'MITSUBISHI','L200 4X2 D/H',1998,'328108','AAC',5,1,'JH9746',13000,'D','','BLANCO',1),(581,'FIAT','DOB/CAB 1.4 3P',0,'0','0',5,1,'3215646548',19490,'N','','GRIS',2),(582,'FOTON','CAMION',0,'0','0',5,1,'325765468',18550,'D','','BLANCO',3),(583,'GWM','WINGLE 3 PIKUP 4X4',2011,'1058630','CCB8330',3,1,'SJC4044',15500,'N','','BLANCO',2),(584,'CHEVROLET','S/10  D/C ',2000,'00117250','RAB2081',3,1,'40704020492',13500,'D','','AZUL',2),(585,'VOLKSWAGEN','GOL GLI 1.8  D/H',1996,'1013617','CCB4071',5,1,'UDC074250',8000,'D','','BLANCO',1),(586,'RENAULT','TWINGO',1998,'487233','SAQ2867',5,1,'D7FB700F192166',6500,'N','','AZUL',1),(587,'CHEVROLET','CELTA 1.4 5P FULL',2013,'902713366','DAB0655',2,1,'T70053005',13900,'N','','NEGRO',1),(588,'GWM','WINGLE 4X2 2.4',2011,'124316','NAU3715',5,1,'SHN3651',16900,'N','lascano venta 27052015','NEGRO',2),(589,'FIAT','UNO 2P  TOP',1991,'3607','CCB3979',1,3,'3336548',4900,'N','','ROJO',1),(590,'FIAT','UNO FIORINO FORTE',2005,'143810','MAC4459',5,1,'5228327',8500,'D','','BLANCO',2),(591,'GWM','HABAL M4(SEÑADA)',2014,'902808509','CAB1884',5,1,'1401002057',18500,'N','','BLANCO',2),(592,'VOLKSWAGEN','GOL POWER 1.6',2009,'1021890','CCA7001',5,1,'UNF604198',13900,'N','','VERDE ',1),(593,'VOLKSWAGEN','GOL CL 1.6',1993,'102241','CCA1368',5,1,'UD315185',5900,'D','','GRIS',1),(594,'fiat','topolino',2007,'123456','CCA4732',5,1,'56484635489',12313,'D','','verde',1),(595,'VOLKSWAGEN','GOL CLI 1.6 2P',1996,'1355','CCB6518',1,3,'UNC133095',7900,'D','9BWZZZ377TT0281','AZUL',1),(596,'CHERY','QQ3 1.1 CONFORD',2012,'1246827','SBN9978',5,1,'SQR472FFDCC50197',9800,'N','','AZUL',1),(597,'TOYOTA','TERCEL EL 50 P4',1996,'410171','B534439',5,1,'1n0137914',8000,'D','','AZUL',1),(598,'VOLKSWAGEN','GOL 1.6 MID ',2000,'54104','OAB2614',5,1,'UNF134681',11500,'D','','BLANCO',1),(599,'CHEVROLET','CORSA 1.7 DSL  D/H',2000,'112147','CCA6112',2,1,'555379',8500,'N','7800 EN ROCHA','GRIS',1),(600,'FUQI','FQ1021 D/C ',2009,'1033652','CCB4178',1,3,'975179',9000,'N','','NEGRO',2),(601,'WINNER','EXPLORER 250cc ',0,'0','0',5,1,'169FMM*DA073674*',2399,'N','*LXYJCNL04D0404069*','roja/gris',4),(602,'WINNER','EXPLORER 200cc ',0,'0','0',5,1,'163FML*DA102798*',1399,'N','*LXYJCML08D0414047*','NEGR/GRIS',4),(603,'WINNER','FAIR SPORT 125cc',0,'0','0',1,3,'KT1P52FMI*12039399*',1100,'N','LKXXCJL09CA710590','NEGRO',4),(604,'WINNER','FAIR 110cc',0,'0','0',4,1,'LC152FMI*MQ212420*',1290,'N','*LLCLXBCA0EA101008*','NEGRO',4),(605,'VITAL','NG 125cc',0,'0','0',5,1,'1P52FMI*DH051355*',1150,'N','*LXYXCJL0XD0622021*','BORDEAU',4),(606,'WINNER','EXPLORER 125cc',0,'0','0',5,1,'156FMI-2*EA136140*',1599,'N','*LXYJCJL00E0214845*','BLANCA/GRIS',4),(607,'WINNER','EXPLORER 200cc',0,'0','0',5,1,'163FML*DA102776',1399,'N','*LXYJCML00D0414107*','ROJO/GRIS ',4),(608,'BACCIO','CLASSIC 125cc',0,'0','0',5,1,'156FMI*F22014243*',1100,'N','*LFFWJ0469FCB14217*','ROJO',4),(609,'WINNER','FAIR 110cc',0,'0','0',5,1,'LC154FMH*MQ212476*',1290,'N','*LLCLXBCA5FA100954*','CELESTE',4),(610,'VITAL ','NG 125cc',0,'0','0',5,1,'1P52FMI*DH051316*',1149,'N','*LXYXCJL09D0622138*','BLANCA',4),(611,'YUMBO','CITY 125CC',0,'0','0',1,3,'153FMI*15B01096*',1250,'N','*LHJXCJNFXF2705879*','BORDEAU',4),(612,'WINWER','FAIR 125CC',0,'0','0',5,1,'KT1P52FMI*12039388*',1100,'N','LKXXCJLOXCA710579','NEGRO',4),(613,'BACCIO','CLASSIC 125CC',0,'0','0',5,1,'156FMI*F22014308*',1100,'N','*LFFWJ04C3FCB14262*','ROJO',4),(614,'MOTOMEL','TRX 125CC',0,'0','0',5,1,'156FMI*13A00485*',1379,'N','*LHJYCJLE9D2932831*','BLANCO',4),(615,'WINNER','EXPLORER 125CC',0,'0','0',5,1,'156FMI-2*EA136123*',1599,'N','*LXYCJCL05E0214442*','BLANC/GRIS',4),(616,'WINNER ','FAIR SPORT 125CC',0,'0','0',1,3,'KT1P52FMI*12039402',1100,'N','LKXXCJL04CA710593','NEGRO',4),(617,'WINER ','CG 125CC',2014,'258884','QQ125',5,1,'2546824',750,'N','','ROJO',4),(618,'SUZUKI','100CC',0,'0','0',5,1,'47TG2345',1650,'N','','NEGRO',4),(619,'CHERY','TIGIO 2.0 4X2',2011,'1064715','CCB8355',3,1,'SQR484FAFAK00901',16900,'N','','NEGRO',2),(620,'FORD','ESCORT L1.8  ',1990,'642','CCB6373',3,1,'1047838',4900,'N','28','GRIS',1),(621,'JAC','HFC DOB/CAB  1.0  ',2014,'902751601','CAA2460',1,3,'D01654679',11,'N','','BLANCO',1),(622,'VOLKSWAGEN','GOL 1.0',2005,'148171','MAA6529',1,3,'AZN250417',10300,'N','','GRIS',1),(623,'VOLKSWAGEN','GOL CLI STANDAR',1995,'341598   ','AAE7643',1,3,'UNC006399',0,'N','','',1),(624,'CHEVROLET','S10 STD 4X4 ',2004,'587703','IAB4062',5,3,'40704156017',19500,'D','','BLANCO',2),(625,'GONOW','WAN 7 PASAJEROS',0,'0','0',2,1,'4568673485467',16990,'N','','GRIS',2),(626,'CHEVROLET','AGILE LS 1.4 5P FULL',2011,'DEM220','DEM0138',5,1,'U65019921',15900,'N','','NEGRO',1),(627,'PEUGEOT','208 5p',0,'0','0',1,3,'10B1030077682',20990,'N','VF3CCZMZ0FW000736','AZUL',1),(628,'CHEVROLET','CORSA COMBO A/A 5PASAJ',1999,'901775173','CCB9148',1,1,'X14SZ02HZ8389',7900,'N','','BLANCO',1),(629,'BYD','F0 GL 1.0 A/A D/H VID',2009,'1200448','SBL2998',5,1,'BYD371QA0918328',9800,'N','','BLANCO',1),(630,'CHEVROLET','CORSA WAGON 1.4 A/A V/E ',2009,'900914220','CAB1644',1,3,'T85007195',13500,'N','','GRIS PLATA',2),(631,'CHERY','QQ CONFOR',2011,'1061692','CCB8274',5,3,'SQR472FFGAJ50921',9500,'N','','ROJO',1),(632,'FIAT','PALIO WEEKEND TREKKING  ',0,'0','0',1,3,'2514791',21490,'N','','GRIS',2),(634,'WINNER','EXPLORER 125',2010,'1079625','CCQ361',5,1,'157FMI0A0383300',650,'N','','ROJO',4),(635,'YASUKI','CY 80 A',2001,'025165','CCK821',1,1,'01205180',0,'N','','ROJO',4),(636,'HONDA','CH 80 ELITE',1992,'3038','CCK142',1,1,'HF03E-820242',0,'N','','ROJA',4),(637,'JIALING','JH50',1994,'10446','CCL745',1,1,'3-010107',0,'N','','NEGRO',4),(638,'WINNER','EXPLORER 125',2010,'0','CC111',1,1,'11111111',0,'N','NO ESTA EMPADRONADA','NARANJA',4),(639,'SUZUKI','BALENO1.6',1996,'900646417','CAA3356',5,1,'737034',8900,'N','','AZUL',1),(640,'CHEVROLET','CORSA SDN 1.8',2009,'4009843','QAB3433',2,1,'4Q0014978',14200,'N','','GRIS',1),(642,'EFFA','CARGO D/C ',2010,'901574025','CAA4067',5,1,'0300139HC0',7500,'N','','GRIS',2),(643,'VOLKSWAGEN','GOL CLI STANDAR',1995,'4001201','QAB2542',5,1,'UN019804',8000,'D','','BLANCO',1),(644,'CHERY','NEW QQ LUXURY',0,'0','0',5,1,'SQR371FAAEM55587',12690,'N','LVVDB12B6FB053997','ABANO',1),(645,'FIAT','PALIO W.TREKKING 1.4',0,'0','0',1,3,'310A2011**2514789*',21490,'N','*9BD374356**G5077726*','GRIS PLATA',2),(646,'FAW','N5 1.0 FULL',0,'0','0',1,3,'321654',13490,'N','','GRIS PLATA',1),(647,'CHEVROLET','CORSA WIND 1.0',1996,'DAA8720','DAA8720',3,1,'4EC1246423',7500,'D','','GRIS',1),(648,'FAW','DOB/CAB A/A D/H D/E LANTAS',2008,'21063','LAA7702',1,1,'12759A',11500,'N','','CHAMPANG',2),(649,'FIAT','PANDA 1.0',1993,'900880722','CAB2224',5,1,'4960966',5800,'N','','ROJO',1),(650,'CHEVROLET','S10 D/C D/H VID 2.5',1998,'459559','B540961',5,1,'4ABA46B089240D',13500,'D','','VERDE',2),(651,'FIAT','PALIO W.TREKKING 1.4',0,'0','0',2,1,'310A2011*2474656*',21490,'N','9BD374356**G5077353*','ROJO',2),(652,'CHEVROLET','D-MAX 3.0  D/C',2008,'1087600','CCB9427',5,1,'663925',14900,'D','','BLANCO',2),(653,'CHANA','SC1022 CAB/EXT',2008,'1030345','CCA7158',2,1,'JL465Q5856AC052454',7800,'N','5700','GRIS',1),(654,'CHERY','QQ CONFORD',2012,'1250211','SBO3055',2,1,'SQR472FFDCD02671',9800,'N','','BLANCO',1),(655,'FAW','N5 1.0 FULL',0,'0','0',5,1,'J79Q*3E000356*',13490,'N','LFPX1ACC7F5E06492','ROJO',1),(656,'FAW','N5 1.0  FULL',0,'0','0',5,1,'J79Q*3E000270*',13490,'N','LFPX1ACC2F5E00387','GRIS',1),(657,'YUMBO','C110 DLX',2007,'1004826','CCF741',5,1,'ZS152FMH37111668',650,'N','','ROJA',4),(658,'CHEVROLET','S/10  D/C FULL',2006,'901812856','SBX2197',5,1,'M1T240535',18900,'D','','GRIS',2),(660,'PEUGEOT','306 XN 4P  1.4 LLANTAS',1997,'1022179','CCA9823',5,1,'14219980',7900,'N','5600','AZUL',1),(661,'CHEVROLET','CORSA WAGON 1.4 A/A FULL',2011,'DAA8813','DAA8813',2,1,'T85084531',14900,'N','','GRIS',2),(662,'CHEVROLET','SONIC LT HATCH FULL',2012,'902606138','CCB9494',2,1,'F16D4364120KA',19500,'N','','NEGRO',1),(663,'FIAT','STRADA WORKING VENDIDA',0,'0','0',5,1,'310A2011*2304643*',17790,'N','*9BD578942**F79111142*','GRIS',2),(664,'FIAT','SIENA ELX TD ',2005,'5116','CCB8210',5,1,'5226143',14000,'D','','BLANCO',1),(665,'FIAT','EVO WAY FULL 1.4CC',0,'0','0',5,1,'327A055*2572165*',16590,'N','*9BD195A64**G0701706*','HABANO ',1),(666,'CHERY','QQ LITE 800CC',2011,'DRI0333','DRI0333',5,1,'SQR372FGBD00395',7000,'N','5750','GRIS',1),(668,'CHEVROLET','CORSA CLASIC  A/A,D/H',2008,'505640','B140698',2,1,'7H51090140',11800,'N','','BLANCO',1),(669,'CITROEN ','XSARA 1.9 TD FULL',1999,'108916','CCA1655',5,1,'10cuef0000236',9800,'D','','BLANCO',1),(670,'CHERY','QQ STANDAR',2011,'1065590','CCB8458',2,1,'sqr372fgba00133',8900,'N','7000','ASEITUNA',1),(671,'NISSAN','PICK C/CUPULA',1992,'451059','B537395',5,1,'SD23277670',5000,'D','','NARANJA',2),(672,'MAHINDRA','CIMARRON 4X4 D/C D/H ',2004,'523827','B135687',1,1,'DK44G27831',7900,'D','','VERDE',2),(673,'FORD','ESCOR GL 1.6',1993,'051228','CCB5579',5,1,'1535276',6800,'N','4500','BLANCO',1),(674,'FIAT','BRAVA SX',1998,'497860','SAP3803',2,1,'9791956',7500,'N','4800','VERDE',1),(675,'FIAT','UNO CS 2P',1995,'508380','B134102',5,1,'3930923',4500,'N','','VERDE',1),(676,'CHEVROLET','AVEO LS 1.6 FULL',2013,'902646318','OAC3074',5,1,'1DL170957',16500,'N','','GRIS',1),(677,'CHEVROLET','CORSA 4P ESTANDAR',2009,'900215210','CAB1910',2,1,'t85025621',9800,'N','','GRIS',1),(678,'VOLKSWAGEN','PARATI  RURAL',1988,'01104513','CCA4419',1,1,'BE056764',4500,'D','','AZUL',2),(679,'GEELY','CK 1.3 GS',2013,'902644226','CCB7935',5,1,'MR479Q*D2N276224*',11900,'N','','GRIS',1),(680,'CHEVROLET','CORSA WIND 4 PTAS',1998,'900679662','CAB2907',5,1,'397744',7200,'D','','AZUL',1),(681,'FIAT','UNO FIORINO PIKUP',1991,'2367','PVA1394',5,1,'3487587',3900,'N','','BEIGE',2),(682,'ZXAUTO','GRANDTIGER DC  FULL',2010,'1173311','SBJ8710',2,1,'997360',12900,'N','','GRIS',2),(683,'FIAT','STRADA WORKING D/CAB',2014,'902783065','CAA2613',5,1,'1948014',16900,'N','','TELERIUM',2),(685,'CHEVROLET','ASTRA (TALLER)',0,'0','SBC7782',5,1,'123',0,'N','','GRIS',1),(686,'CHEVROLET','CORSA WIND 1.7',2000,'901797889','CAA3150',2,1,'657824',8900,'D','','BLANCO',1),(687,'NISSAN','720 D/C ',1986,'9433','NAI9995',5,1,'SD23-057401',8000,'D','','BLANCO',2),(688,'FAW','N5',0,'0','0',5,1,'FE603248',12990,'N','LFPX1ACC7F5E00384','GRIS PLATA',1),(689,'TOYOTA','TERCEL   4P ',1996,'055827','OAB3270',5,1,'2859938',7900,'N','','GRIS',1),(690,'FIAT','STRADA TREKKING D/CAB (KIT 3)',0,'0','0',5,1,'2593785',19490,'N','9BD578952*GB020804','BLANCO',2),(691,'FIAT',' STRADA TREIKKING D/CAB (KIT 3)',0,'0','0',5,1,'2595665',19490,'N','9BD578952*GB021540','ROJO',2),(692,'ZNA','RICH 2.4 FULL',0,'0','0',5,1,'465986',17990,'N','LJNTGU2K4FN007733','BLANCO',2),(693,'CITROEN ','BERLINGO GRAND1.6',2011,'902065767','PVA2212',2,1,'10FX8D3453436',16900,'N','','GRIS',2),(694,'MERCEDES BENZ','SPRINTER PIKUP CAMION',1999,'435879','B122212',5,1,'632999-10-509.139',14900,'D','','BLANCO',3),(695,'CHERY','FACE 1.3 FULL ABS DOB ARG',2010,'1056668','CCB6943',5,1,'SQR473FFFAB03143',10500,'N','','GRIS',1),(696,'CHEVROLET','CORSA WAGON 1.4',2009,'1054729','CCA7715',5,1,'TB5011513',12500,'N','','GRIS',2),(697,'FIAT','SIENA FIRE ',0,'0','0',2,1,'310A2011*2563038*',17590,'N','*8AP372316**G6131581*','ROJO',1),(698,'FIAT','STRADA WORKING CAB/EXT 1.4',0,'0','0',5,1,'310A2011*2614694*',17790,'N','*9BD578842**GB029344*','ROJO',2),(699,'FIAT','STRADA TREKKING',2011,'1055572','CCB5269',5,1,'9716389',11900,'N','9BD27830NB7314172','NEGRO',2),(700,'GEELY','LC CROSS 1.3 GB FULL',2012,'902599892','CCB9009',5,1,'MR479Q*C4N250829*',12900,'N','','ROJO',1),(701,'GONOW','NINI TRUCK D/C FULL',2012,'902600805','CCB9492',3,1,'LJ465QR1E1/C07161399',8900,'N','7500','AZUL',2),(702,'GWM','DEER D/C ',2009,'1032482','CCB4174',5,1,'D081077838',10500,'N','','CHANPAG',2),(703,'GEELY','CK 1.0  GS SEDAN 4P',2013,'902688365','B142353',2,1,'JL3G10A*D1H001137*',10500,'N','','BLANCO',1),(704,'JAC','HFC 1042 ',0,'0','0',5,1,'3254887',25990,'D','','BLANCO',3),(705,'JAC','HFC1061   5.000K',2010,'1050342','CCM1480',5,1,'09142229',9500,'D','','BLANCO',3),(706,'NISSAN','PIKUP',1994,'3720','CCB2103',5,1,'Z20649367',8900,'N','','BLANCO',2),(707,'CHEVROLET','CORSA WIND 1.4',1995,'1001806','CCB7435',4,1,'1001806',6800,'D','','ROJO',1),(708,'GEELY','LC 1.0 GB FULL 4P',2014,'902753803','CAB1600',5,1,'jl3g10a*d8h001518*',9800,'N','','GRIS',1),(709,'PEUGEOT','306 SR FULL',1995,'444375','SAU1489',2,1,'10kJB12000856',7800,'N','','GRIS',1),(710,'BYD','F0 GL 1.0 A/A,D/H,VIDRIOS',2010,'1045780','CCB7891',3,1,'BYD371QA109077269',8900,'N','','CELESTE',1),(711,'BYD','F0 GLX-I',0,'0','0',2,1,'887877',11690,'N','','GRIS',1),(712,'EFFA','D/C  D/H CAJA LARGA',2008,'1017622','CCA6902',5,1,'JM491QME598159',9500,'N','','AZUL',2),(713,'RENAULT','MEGAN II RXE 4PTAS',2000,'985118','SAH4000',2,1,'F3RP791033750',11900,'N','93YJAMG35YJ086495','GRIS',1),(714,'CHERY','QQ CONFORT 3 1.1',2011,'1061568','CCA7912',5,1,'SQR482FFGAL50083',8800,'N','','BLANCO',1),(715,'DAIHATSU','CHARADE 1.5 STD',1999,'5433','CCB1385',3,1,'0735390',7800,'N','6','AZUL',1),(716,'EFFA','CARGO FURGON',2010,'1055353','CCB5267',5,1,'9500118-HB',7500,'N','','BLANCO',2),(718,'BYD','F0 GI ',2012,'902607120','CCB8941',2,1,'BYD371QA112020165',9800,'N','','NEGRO',1),(719,'CHERY','QQ 3 1.1 CONFORT',2012,'1087043','CCB9055',5,1,'SQR472FFDCC50545',8500,'N','','GRIS',1),(720,'FORD','ESCORT XR3 1.8',1992,'01107906','CCA5625',5,1,'USA011843',6900,'N','','BORDO',1),(721,'FIAT','IDEA ADVENTURE 1.6',0,'0','0',5,1,'2814340',25590,'N','9BD13531B*G2281387','ROJO ALPINE',2),(722,'FORD','FIESTA CLX',1997,'133180','KCA2554',5,1,'MU39022',7500,'D','','BLANCO',1),(723,'GONOW','MINI TRUCK PICK UP 1.0',2012,'DAA9829','DAA9829',5,1,'LJ465QR1E1C01307481',7500,'N','','BLANCO',2),(724,'FAW','N5 1.0 EXTRA FULL',0,'0','0',5,1,'FE602917',11990,'N','LFPX1ACC3F5E06750','ABANO',1),(725,'CHERY ','FULWIN HATCH 1.5 EXTRA FULL',0,'0','0',5,1,'SQR477F*NAFC00391*',15990,'N','*LVVDB11B1FD603791*','ROJO',1),(726,'RENAULT','MEGAN SEDAN 1.9 TD',2009,'1023208','CAB1041',2,1,'F9QA736C295543',11500,'D','','BLANCO',1),(727,'CHEVROLET','S 10 D/CAB 4X4 ',2011,'900968348','CAA3349',5,1,'M1T371248',26000,'D','','NEGRO',2),(728,'GEELY','CK 1.0 GB',2013,'902664466','CAB 1170',2,1,'JL3G10A*D3H001127*',10500,'N','','BORDO',1),(729,'WULING','FURGON',2008,'516502','B134905',5,1,'711270698',5900,'N','','BLANCO',2),(730,'VOLKSWAGEN','GOL 1.0 PLUS',2005,'3354','CCA 9618',5,1,'AZN238694',9000,'N','','BLANCO',1),(731,'VOLKSWAGEN','GOL NF POWER',2010,'25536','LAB8993',5,1,'CFZ044118',12500,'N','','GRIS',1),(732,'CITROEN','XSARA 1.9 D',2001,'34053','DAA7316',5,1,'10DXBA0003666',9800,'N','','GRIS',1),(733,'TOYOTA','COROLLA 1.6 XLI',2007,'110555','NAM 4150',5,1,'3ZZE580090',15000,'N','','GRIS',1),(734,'SMA','C81',2009,'25020','LAB7267',5,1,'JL481Q610306604',7900,'N','','GRIS',1),(735,'FIAT','STRADA PIKUP 1.4',2013,'1091415','CCB9472',2,1,'1053077',12500,'N','10','VERDE',2),(736,'FIAT','TREKKING 3P',0,'0','0',5,1,'7654',19490,'N','','ROJO',2),(737,'VOLKSWAGEN','GOL 1.8,A/A,V/E,D/H LLANTAS',1999,'439323','B532407',5,1,'UDH029347',8500,'N','6','AZUL',1),(739,'FIAT','UNO DS 4P',1999,'111494','CCA5913',5,1,'02280593',7500,'D','5','BLANCO',1),(740,'FIAT','EVO WAY ESTANDAR',0,'0','0',5,1,'12350',14690,'N','','ROJO',1),(741,'GWM','WINGLE SUPER LUXURY 3',2012,'1091054','CCB9463',2,1,'1105414560',19500,'D','','BLANCA',2),(742,'CHERY','QQ 3 CONFORT',2011,'1074444','CCB8734',2,1,'SQR472FFDBF00373',8500,'N','','GRIS',1),(743,'FAW',' N5 1.0',0,'0','0',5,1,'J79Q*3F000031*',11990,'N','LFPX1ACC7F5E06623','ROJO',1),(744,'VOLKSWAGEN','SAVEIRO 1.6 ESTANDAR',2004,'901455267','CAB 1354',5,1,'UNF502179',8900,'N','68','GRIS',2),(745,'VOLKSWAGEN','GOL 2P  1.6',1997,'668','CCB5880',5,1,'UND158507',7900,'N','6','GRIS',1),(746,'HYUNDAI','ELANTRA ',1996,'902404615','B20972',5,1,'G4GMT106524',7900,'N','','VERDE',2),(747,'VOLKSWAGEN','GOL 1.9  2P LLANTAS D/H',2003,'303351','AAB3027',5,1,'BGG000365',9800,'D','78','BLANCO',1),(748,'FORD','FIESTA 4P D/H V/E',1999,'373576','AAD7490',5,1,'RTLW235035',7800,'D','68','AZUL',1),(749,'CHEVROLET ','CORSA GL 1.7 PIKUP',1998,'901348046','CAA5208',5,1,'392681',7000,'D','45','BORDEAU',2),(750,'BYD','F0 GLX-I  FULL ARBAG  ABS',2012,'901675088','CAB2703',5,1,'BYD371QA111078318',8800,'N','66','NEGRO',1),(751,'PEUGEOT ','PARTNER 170 CD 1.9',1998,'110690','CCA5485',5,1,'10CUHF4008680',9800,'D','','AZUL',2),(752,'FIAT','SIENA',2005,'01','CCB8210',5,1,'0011',12000,'N','','BLANCO',1),(753,'GONOW','D/C ',0,'0','0',5,1,'LJ465QR1E1*F04620228*',13290,'N','*LCR1A8018GX600192*','GRIS',2),(754,'FIAT','UNO EVO WAY',0,'0','0',5,1,'2679431',14690,'N','9BD195A64*G0727655','AZUL NEPTUNO',1),(755,'FIAT','UNO EVO WAY',0,'0','0',2,1,'2675328',14690,'N','9BD195A64*G0726799','BLANCO BANCHISSA',1),(756,'VOLKSWAGEN','GOL CLI 1.6',1996,'900646256','CAB1609',5,1,'BE952723',6900,'D','','BLANCO',1),(757,'FIAT','UNO CS',1989,'900559063','CAB1186',3,1,'2828180',4900,'N','','ROJO',1),(758,'FORD','RANGER XLT 4X2',2011,'901847202','SBZ3055',2,1,'bj383067',18900,'N','','GRIS',2),(759,'PEUGEOT','205 GR 4P ',1990,'364671','B106520',1,1,'0137409',3500,'N','','VERDE',1),(760,'NISSAN','720 DOB/CAB  ',1987,'358403','B102735',1,1,'249773',5900,'D','','BLANCA',2),(761,'CHEVROLET','CELTA 1.0',2005,'1019856','SBD3387',2,1,'2Z0003344',8200,'N','','NEGRO',1),(762,'CITROEN ','AX SPOT',1997,'463020','B542357',5,1,'10FY5Z0390316',3900,'D','','AZUL',1),(763,'OPEL','REKORD CARAVAN',1981,'900528276','PMA1503',2,1,'61691610037928',5500,'D','','AZUL',2),(764,'FIAT','EVO WAY',0,'0','0',5,1,'23157',14690,'N','','VERDE',1),(765,'CHEVROLET','CORSA WIND',1999,'970842','SAZ1610',2,1,'UC0000159',7900,'N','','GRIS OSC.',1),(766,'FIAT ','UNO SX',1993,'419120','SBF5338',5,1,'3568382',4800,'N','','GRIS',1),(767,'BYD','F0 CONSIGNADO',2014,'902813277','CAB1814',5,1,'BYD371QA114012098',8800,'N','','BORDO',1),(768,'VOLKSWAGEN ','GOL CL MI E',1997,'482270','SAW6499',5,1,'UND148744',6800,'N','','BLANCO',1),(769,'CHEVROLET','CORSA WAGON',2004,'467679','B128780',5,1,'7H5018296',11500,'N','','GRIS',2),(770,'FIAT','UNO FIRE',1996,'233717','AAA2659',3,1,'6268945',7800,'N','','VERDE',1),(772,'JAC','J2 EXTRA FULL',0,'0','0',5,1,'151515',10990,'N','','GRIS',1),(773,'CITROEN','C 3 AIRCROSS',2013,'902610448','CCB9496',2,1,'10DF03000176',19500,'N','','',2),(774,'FIAT','SIENA ATTRACTIVE 1.4',2015,'902811299','CAB1887',2,1,'2010985',14900,'N','','GRIS CROMO',1),(775,'DAIHATSU','CUORE 4P',1995,'939755','SAE6343',5,1,'3911352',5900,'N','','BLANCO',1),(776,'CHERY','FULWIN',2013,'1092727','CCB9484',5,1,'SQR477FJACG01100',10900,'N','','ROJO',1),(777,'JMC','N900,A/A,D/H V/E',2012,'902682875','CCM2631',5,1,'B6086239',17500,'D','','BLANCO',3),(778,'RENAULT','MEGANE',2007,'1042719','CAA1989',5,1,'F9QA736C291350',10500,'N','','',1),(779,'RENAULT ','SYMBOL FULL',2010,'1041742','CCB7882',2,1,'K4MA670Q007584',14000,'N','','GRIS',1),(780,'HYUNDAI','ACCENT GLS',2001,'449934','B540953',2,1,'G4EAY947590',8000,'N','','BLANCO',1),(781,'MITSUBISHI','L200 4X2 2.5 ',0,'0','0',5,1,'0101010101',39990,'D','','BLANCA',2),(782,'FIAT','UNO EVO WAY',0,'0','0',5,1,'276607',16590,'N','','ROJO',1),(783,'FOTON','BJ1039 C/JAULA',2010,'41146','DAA7676',5,1,'BJ493ZQ915117',11500,'D','','BLANCO',3),(784,'FIAT','STRADA PIKUP A/A D/H',2013,'1090732','CCB9462',1,1,'0864922',8900,'N','','VERDE',2),(785,'MAHINDRA','CIMARRON PIKUP 4X4',2007,'902802716','SBR7507',5,1,'DH54B25070',9800,'D','','ROJA',2),(787,'FIAT','UNO S 2P ',1986,'0298','DVE0298',1,1,'22222223',4000,'D','','BLANCO',1),(788,'VOLKSWAGEN ','PARATI 1.9 SD',2009,'1139130','SBR3760',5,1,'BGG038801',7900,'D','','BLANCA',2),(789,'CHEVROLET','S 10 4X4 DOB/CAB',2011,'123265','NAT2953',2,1,'M1T373925',23900,'D','','NEGRO',2),(790,'PEUGEOT','208 LIKE',0,'0','0',5,1,'122245',21990,'N','','GRIS',1),(791,'MOTOMEL','BLITZ B1 110CC',0,'0','0',1,3,'1444455445',950,'N','','ROJO',4),(792,'YUMBO ','DAKAR 125',0,'0','0',5,1,'447788',1499,'N','','NEGRA',4),(793,'YUMBO ','TOP 125 CC',0,'0','0',5,1,'88887777',1290,'N','','ROJO',4),(794,'FAW','N5 1.3 EXTRA FULL',2012,'790335','AAI3745',5,1,'HC821191',11000,'N','','BORDÓ',1),(795,'FIAT',' FIORINO PIKCUP',1996,'250909','AAA9083',3,1,'146A5000-4672597',7000,'N','','BLANCA',2),(796,'VOLKSWAGEN','GOL 1.6 D/H',2005,'469326','B133554',5,1,'UNF301988',8900,'N','','NEGRO',1),(797,'JAC','J2 1.0 MT LUXURY CONSIG.',2014,'902810762','CAB2952',5,1,'D3486124',8500,'N','','BLANCO',1),(798,'BACCIO','CLASSIC 125',0,'0','0',5,1,'44445444',1030,'N','','AZUL',4),(805,'CHERY','TIGGO FL 1.6 CONFORT señada',2015,'902846664','CAA3059',2,1,'SQRE4G16AAEF070000',17000,'N','VINO DE ROCHA','BLANCO',2),(806,'MITSUBISHI','L 200',2001,'410043','AAC6167',5,1,'4D56AY1389',13900,'D','VINO DE MIGUES','BLANCO',2),(807,'LADA','LAIKA MOTOR TOYOTA',1993,'02.3266','CCB3013',5,1,'0713985',3900,'D','','BLANCO',1),(808,'CHEVROLET','MONTANA',2007,'112239','NAN5301',5,1,'A40000775',9800,'N','','GRIS PLATA',2),(810,'DAIHATSU','CHARADE G 202 T',1997,'01.106293','CCA1208',5,1,'2099750',6500,'N','','ROJO',1),(811,'JAC','J 2 EXTRA FULL',0,'0','0',5,1,'F3595599',10990,'N','','GRIS',1),(812,'CHERY','NEW QQ STD 1.0',0,'0','0',5,1,'47848',10490,'N','','CELESTE',1),(813,'GEELY','CK 1.3 GS',2013,'902662985','CAB1167',5,1,'MR479Q*D1N257962*',11500,'N','','BLANCO',1),(814,'CHEVROLET','S10 C/CUPULA',1996,'458772','B707179',5,1,'487452',9900,'D','','ROJO',2),(815,'CHEVROLET','CORSA 1.4',2010,'177054','MAE2013',3,1,'T8505',9500,'N','','ROJO',2),(816,'GEELY','CK 1.0 GS',2013,'902659874','CCB9922',5,1,'JL3G10A',8900,'N','','CELESTE',1),(817,'CHEVROLET','CORSA WIND 1.4',1995,'895','CCB5848',5,1,'B14NZ310',6800,'N','','BLANCO',1),(818,'HYUNDAI','ATOS GL 4PTS',1999,'495848','B400950',5,1,'G4HCW115404',6900,'N','','',1),(819,'NISSAN','NP300  FRONTIR S 4X2 VENDIDA 2.5',0,'0','0',5,1,'787878',41990,'D','','GRIS',2),(820,'FAW','N5',2012,'1244085','SBN8228',4,1,'FC401861',8900,'N','','BORDO',1),(821,'JMC','N900 (doble rueda)',2005,'1738','CCM2193',5,1,'51170891',10500,'D','','BLANCO',3),(822,'CHERY','QQ 3 LIGHT',20114,'902772794','CAA2571',5,1,'SQR372ADCJ00247',7500,'N','','BLANCO',1),(823,'WINNER','EXPLORER TRIAL LED',0,'0','0',5,1,'9898989',1599,'N','','negra',4),(824,'FORD','RANGER PICKUP 4X4 3.0',2008,'05839','LGA2842',3,1,'C34256114',18500,'D','','ROJO',2),(829,'CHERY','QQ CONFORT',2010,'1162452','SBJ3387',5,1,'SQR472FFGAE505490',8000,'N','','NEGRO',1),(830,'CITROEN ','AX FIRST',1994,'1015837','CCB5154',5,1,'10FP1J1898735',4800,'N','','ROJO',1),(831,'FIAT','STRADA ADVENTURE C/LOCKER',0,'0','0',5,1,'656565655',21990,'N','','GRIS',2),(832,'FIAT ','TREKKING D/CAB',0,'0','0',5,1,'65656565666',18590,'N','','BLANCA',2),(833,'FIAT ','TREKKING D/CAB',0,'0','0',5,1,'65656599',18590,'N','','GRIS ',2),(835,'FUQI','FQ1021',2009,'1031204','CCB4161',5,1,'966396',10500,'N','','NEGRO',2),(836,'GONOW','GA 1021 D/CAB',2008,'21579','LAB1068',2,1,'GA491QE0801638',10500,'N','','AZUL',2),(837,'FIAT','ELBA INNOCENTI',1995,'3469','CCB2764',2,1,'1610710',7500,'D','','VERDE',2),(838,'VOLKSWAGEN','SAVEIRO CABINA EXT',2011,'1058679','CCA7852',2,1,'CFZ794909',12900,'N','','GRIS',2),(839,'CHEVROLET','CORSA 1.8 SDT SEDAN',2006,'10886555','CCB8920',5,1,' A45007900',10900,'N','','GRIS',1),(840,'JAC','J2',0,'0','0',5,1,'99998989',10990,'N','','GRIS',1),(841,'VOLKSWAGEN ','POLO 1.9 AA, DH',2004,'605','CCB6365',5,1,'ASY080295',8900,'D','','BLANCO',1),(842,'NISSAN','D 22 SEÑA',2011,'1063971','CCB8447',5,1,'KA24499995A',14900,'N','','GRIS',2),(843,'FIAT','147 SPAZIO',1985,'3662','DAA3662',5,1,'2053755',3800,'D','','BLANCO',1),(844,'CHEVROLET','CORSA WIND 1.7',2001,'111288','CCA5810',4,1,'795414',7900,'D','','VERDE',1),(845,'HAFEI','HFJ7100CE3 1.0',2012,'76621','DAA9561',2,1,'1301229-HB',7800,'N','','CELESTE',1),(846,'FIAT','EVO WAY',0,'0','0',5,1,'29888',14690,'N','','ROJO',1),(847,'NISSAN','D21 CLD 4X2',2007,'2118','CCB4005',5,1,'TD27-800981',10500,'D','','VERDE',2),(848,'GWM','WINGLE 5 4X2 FULL',2012,'8989','CCB9421',5,1,'SKS9692',12900,'N','','NEGRA',2),(849,'FIAT','EVO SPORTING 1.4',0,'0','0',2,1,'555555555',16990,'N','','NEGRO',1),(850,'GONOW','GA5023XXYSE4 7 PASAJEROS',2013,'902676375','CAB1106',2,1,'LJ465QR1E1D03657515',8900,'N','','BORDO',2),(851,'JAC','J2 1.0MT LUXURY',2016,'903004305','CAA5354',2,1,'F3595608',10300,'N','','ROJO',1),(852,'RENAULT','TWINGO',1996,'452515','B537833',5,1,'C3GA700A512357',6500,'N','','AMARILLO',1),(853,'ORIENT','PICK UP D/C TROY - 8',2010,'1068219','CCB8467',2,1,'GA491QE0901597',0,'N','','ROJO',2),(854,'PEUGEOT','301 N1 1.6',2014,'902653233','DAB0283',5,1,'10FC1A0008299',18000,'N','','BLANCO',1),(855,'CITROEN','C3 1.6',2008,'1018813','CCA7534',2,1,'10DBTY0006285',12500,'N','','BLANCO',1),(856,'FIAT','STRADA ADVENTURE 1.6 S/LOCKER',0,'0','0',5,1,'22222',21290,'N','','GRIS',2),(857,'MITSUBISHI','L200 TRITON 4X2 EXTRA FULL vendida',0,'0','0',5,1,'CAY0781',28990,'N','','BLANCA',2),(858,'TOYOTA','COROLLA XL 2.0',1994,'01.102782','CCA1183',3,1,'2612569',7900,'D','','BALNCO',1),(859,'TOYOTA','HILUX  D/CAB',1992,'901821242','CAB2903',3,1,'2L3836765',11500,'D','','GRIS',2),(860,'CHEVROLET','S10 P/UP 2.8',2006,'152560','MAC6489',4,1,'M1T238757',13900,'D','','BLANCA',2),(861,'FIAT','STRADA WORKING 1.4 CAB/ EXT',2012,'1078130','CCB8970',2,1,'0670463',12900,'N','','ROJO',2),(862,'FIAT','STRADA ADVENTURE 1.8 DOB/CAB',2010,'1045856','CCA7481',5,1,'X40560877',13200,'N','','ROJA',2),(863,'VOLKSWAGEN','SAVEIRO POWER 1.6',2008,'1017566','CCA6899',5,1,'UNF472932',9500,'N','','BLANCA',2),(864,'CHANA','SC1022BB13DFA PICK UP',2010,'1043767','CCB7870',2,1,'JL465Q5956AC002401',4800,'N','','BLANCA',2),(865,'CITROEN ','XSARA 1.9',2001,'900858091','CAA5401',2,1,'10DXBA0003716',8200,'D','','BORDO',1),(866,'CHEVROLET','MONTANA SPORT P/UP 1.8 ',2008,'19377','DAA6739',5,1,'A40012643',9500,'N','','GRIS',2),(867,'VOLKSWAGEN','GOL NF POWER',2012,'777794','AAH8388',5,1,'CFZ907332',12500,'N','','GRIS',1),(868,'VOLKSWAGEN','GOL 1.6 2P LLANT D/H V/E',1995,'03.6538','CCB2622',1,1,'UDC015697',6900,'D','','BORDO',1),(869,'BYD','F0 GL-I 1.0',2011,'901161910','SBV7253',5,1,'BYD371QA110061284',8500,'N','','NEGRO',1),(870,'FIAT','PALIO S',1999,'851','CCB6186',5,1,'5075456',6800,'D','','BLANCO',1),(871,'FIAT','STRADA TREKKING',0,'0','0',5,1,'8888888888888',18590,'N','','VERDE',2),(872,'FIAT','UNO ATTRACTIVE',0,'0','0',5,1,'2797278',12890,'N','','GRIS',1),(875,'FIAT','UNO CS',1993,'102390','CCA2184',5,1,'37321120',5800,'N','','CELESTE',1),(877,'DFM',' EQ1020TF 1.0 ',2010,'1041235','CCB7940',5,1,'091370650',5900,'N','','BLANCA',2),(878,'VOLKSWAGEN','GOL MI',1998,'110.533','KMA7725',3,1,'UNF020726',0,'N','','',1),(879,'GONOW','WAY M2 D/C',0,'0','0',5,1,'8787878',12990,'N','','AZUL',2),(880,'FIAT','PALIO 4P A/A D/H',2004,'1046594','CCB8000',2,1,'5218190',9800,'D','','BLANCO',1),(881,'GWM','DEER PIKUP D/H A/A',2009,'900917523','CAA2805',5,1,'D081078032',8900,'N','','BLANCA',2),(882,'CITROEN','BERLINGO VRIDA',1998,'854902','QAA7055',3,1,'KFX10FS7DPSA2255232',6500,'N','','VERDE',2),(883,'DFM','PIKUP 1.0 ',2010,'1041235','CCB7940',5,1,'LGHT12175A9900504',5900,'N','','BLANCO',2),(884,'FAW','DOB/CAB ',2008,'DAA6791','DAA6791',3,1,'806562892-J6',5800,'N','','DORADA',2),(885,'WINNER','STREET 125CC',2011,'DVF961','DVF961',1,1,'157FMIPEL11BB915141',550,'N','','NEGRA',4),(886,'JAC','1040 PIKUP AA D/RUEDA 2500K',0,'0','0',2,1,'F4037348',23490,'D','','BLANCO',3),(890,'FIAT','UNO ATTRACTIVE',0,'0','0',5,1,'2863634',12890,'N','','ROJO',1),(891,'FIAT','UNO ATRACTIVE',0,'0','0',1,3,'FIATATRACTIVE',12890,'N','','BLANCO',1),(893,'RENAULT','SANDERO STEPWAY 2016',0,'0','0',5,1,'7655665',22490,'N','','BORDO',2),(894,'CHEVROLET','SPARK EXTRA FULL',2013,'902631296','DAB0149',2,1,'B10S1011809KD2',11500,'N','','ROJO',1),(895,'CHERY','FULWIN 1.5 HATCHBACK',2014,'902756890','CAB1664',2,1,'SQR477FJADH00041',11800,'N','','CELESTE',1),(896,'VOLKSWAGEN','GOL 1.6',1997,'1075090','CCB8813',5,1,'UND164201',6800,'N','','VERDE',1),(897,'FIAT','UNO EVO WAY',0,'0','0',2,1,'777777777777777',14690,'N','','GRIS',1),(898,'JMC','CAMION RUEDA SENCILLA 1800KG',0,'0','0',5,1,'999999999',19990,'D','','BLANCO',3),(899,'FIAT ','UNO ATTRACTIVE',0,'0','0',5,1,'11111111444477777',12890,'N','','BLANCO',1),(900,'FIAT','STRADA WORKING D/CAB',2014,'902667926','CAB1332',5,1,'1496024',13000,'N','','VERDE',1),(901,'RENAULT','MEGANE 1.9TD  D/H V/E A/A',2009,'1023208','CAB1041',3,1,'F9QA736C2955430',11500,'D','','BLANCO',1),(902,'GEELY','LC 1.3 5P FULL',2011,'564412','B569182',5,1,'MR479QB2N504181',8900,'N','','NEGRO',1),(903,'CHEVROLET','S10 STD 2.8 D/CAB',2001,'1091957','CAA1719',5,1,'40704059027',13900,'D','','BORDO',2),(904,'RENAULT','CLIO 2RN',2000,'996646','SAA1602',2,1,'D017481',7500,'N','','VERDE',1),(905,'RENAULT','DUSTER OROCH 1.6 (vendida)',0,'0','0',5,1,'K4M2842Q065646',21490,'N','','ROJO',2),(906,'MAHINDRA','SCORPIO D/C 4X2',2013,'902663500','CAA4986',2,1,'BKC4L22186',15000,'D','','GRIS',2),(907,'VOLKSWAGEN','SAVEIRO C/EXT',2010,'1042171','CCA7406',5,1,'CFZ734286',10900,'N','','GRIS OSC',2),(908,'FIAT','UNO CS',1989,'03.4690','CCB1548',5,1,'2946026',4800,'N','','VERDE',1),(909,'DAEWOO','CIELO FULL A/A D/H V/E',1997,'1176','CCB7033',1,1,'A15SMS106514B',6800,'N','','AZUL',1),(910,'CHEVROLET','CELTA 1.4 3P AA',2010,'901558512','CAB1892',5,1,'T70000483',9800,'N','','VERDE',1),(911,'FIAT','UNO ATTRACTIVE',0,'0','0',2,1,'54545454',12890,'N','','BLANCO',1),(912,'GWM','WINGLE 5E 4X4 2.4 FULL (vendida)',0,'0','0',5,1,'1221545121',24950,'N','','BLANCA',2),(913,'FORD','ESCORT LX 1.8 A/A D/H V/E LLANTA',1998,'4304','CCB2978',1,1,'RTMWL11946',7900,'D','','VERDE',1),(914,'CHEVROLET','S10 TURBO DIESEL',1996,'112648','CCA6304',3,1,'4A8A47B018840B',6800,'D','','VERDE',2),(917,'ISUZU',' TFR 16 H 10',1996,'608','CCB5630',5,1,'5962780',8500,'D','','ROJO',2),(918,'FIAT','UNO EVO WAY',0,'0','0',5,1,'789789789',14690,'N','','TELLERIUM',1),(919,'MITSUBISHI','LANCER 1.3 GL',1999,'108114','CCA1754',5,1,'XT2933',7900,'N','','ROJO',1),(920,'HYUNDAI','ACCENT 1.3',1995,'104081','CCA1496',5,1,'G4EHR311085',6000,'N','','VERDE',1),(921,'CHEVROLET','MONZA SLE 1.8',1985,'901103438','CAB2527',5,1,'18LA31005410',4500,'N','','VERDE',1),(922,'RENAULT',' DUSTER OROCH 2.0 (vendida)',0,'0','0',5,1,'F4RE412C028813',23490,'N','','ROJO',2),(923,'FIAT','UNO EVO WAY (vendido)',0,'0','0',5,1,'0001122441111',14690,'N','','ROJO',1),(924,'CHEVROLET','S 10 P/UP 4X2',2011,'1067702','CAA1020',5,1,'6Y0029259',16500,'N','','GRIS',2),(925,'EFFA','DD1020B FULL',2009,'25061','LAB3850',2,1,'JM491QMEE07785',9000,'N','','VERDE',2),(926,'CHEVROLET','CORSA 1.6',2005,'111194','CCA5755',5,1,'5K5018249',9000,'N','','BLANCO',1),(928,'FIAT','STRADA PIKUP D/H Y LONA',2004,'130918','MAD7043',5,1,'52127560',7500,'D','','BLANCA',2),(929,'FIAT','STRADA WORKING 1.4 CAB/EXT',2015,'902809571','CAB1886',5,1,'2086981',13900,'N','','ROJO',2),(930,'VOLKSWAGEN','GOL 1.9 SD ORIGINAL',2005,'469785','B134606',5,1,'BGG011319',9500,'D','','ROJO',1),(931,'FAW','DOB/CAB ESTAND.',2007,'1014080','CCA6798',5,1,'710571113J6',5000,'N','','GRIS',2),(932,'FIAT','SIENA EL TD A/A D/A',1998,'159598','MAD4941',5,1,'5063622',8500,'D','','AZUL',1),(933,'CHEVROLET','CORSA CLASSIC STD',2008,'902338996','CAB2948',5,1,'5K5035222',8000,'N','','ROJO',1),(934,'FIAT','FIORINO UNO C/ CUPULA',1998,'01.107708','CCA4641',2,1,'5503211',7000,'N','','VERDE',2),(935,'LIFAN','X 50 FULL 1.5',0,'0','0',5,1,'4545454545',14990,'N','','ROJO',2),(936,'NISSAN','FRONTIER P/UP',2009,'536294','B139552',2,1,'TD27873273',13900,'D','','BLANCA',2),(937,'FIAT','PREMIO S',1988,'2405','CCB4794',2,1,'127A2011',3500,'N','','GRIS',1),(938,'FIAT','UNO EVO WAY',0,'0','0',5,1,'8989896556',14690,'N','','ROJO',1),(939,'CHERY','QQ CONFORT',2014,'902777921','CCB9192',5,1,'SQR472FFDDF02303',8500,'N','','BLANCO',1),(940,'KIA','PICANTO EX MT 1.0',2015,'902839972','CAA6984',5,1,'G3LAEP069679',9800,'N','','GRIS',1),(941,'CHEVROLET','CELTA 1.4',2010,'1146059','SBI4041',3,1,'t70000265',9800,'N','','gris',1),(943,'CHANA','SC1022BB23D',2010,'1067981','CAA1027',5,1,'JL465Q5A56AK0032100',8000,'N','','GRIS',2),(944,'VOLKSWAGEN','GOL GLI STD',1995,'110145','CCA4989',5,1,'UNC025928',4900,'N','','BLANCO',1),(945,'FIAT','PALIO 4P D/H ',1999,'440616','B123200',1,1,'0751490',7500,'D','','ROJO',1),(948,'EFFA','CAB/EXTE 1.0 ESTANDAR',2010,'1066650','CCB8176',1,1,'DA465Q98006500',6900,'N','','BLANCA',2),(949,'FIAT','STRADA DOB/CAB',2011,'1017378','PVA1917',5,1,'0270959',10900,'N','','GRIS ',2),(950,'FIAT','UNO DS 4P LLANTA D/H',1995,'440937','SBE7258',1,1,'1640527',5900,'D','','BLANCO',1),(951,'CHERY','QQ CONFORT',2011,'1053038','CCB8189',2,1,'SQR472FFGAE50555',7800,'N','','NEGRO',1),(952,'CHEVROLET','CELTA 1.0',2006,'900232577','B579399',2,1,'2Z0003482',8200,'N','','BLANCO',1),(953,'FIAT','ELBA INNOCE, LLANTAS',1995,'3469','CCB2764',5,1,'161071000',7500,'D','','VEDRE',1),(954,'LIFAN','X50 EXTRA FULL ',0,'0','0',5,1,'7878787898',16990,'N','','AZUL',1),(955,'LIFAN','X50 FULL 1.5',0,'0','0',5,1,'98986655566',14990,'N','','',1),(956,'FIAT','UNO 3P',1995,'414792','B400662',3,1,'4368835',5900,'N','','ROJO',1),(957,'CHEVROLET','CORSA PIKUP ESTAND',1996,'261814','AAH1554',1,1,'B16NZ31001980',5500,'N','','BLANCO',2),(961,'DAIHATSU','CHARADE',1993,'DAA0020','DAA0020',3,1,'03517930',5900,'N','','ROJO',1),(963,'CITROEN','AX SPOT',1997,'463020','B542357',3,1,'10FY5Z03903160',5900,'D','','AZUL',1),(964,'ZOTIE','Z100',2016,'0','0',2,1,'1230458',10950,'N','','ROJO',1),(965,'CHANA','Pikup 1800kg',2012,'902746534','SBU3731',5,1,'JL474Q7C4CF000077',9900,'N','','GRIS',2),(966,'MITSUBISHI','NEW L200 4x2 TRITON 2.4',0,'0','0',2,1,'M8754W',28990,'N','','BORDO',2),(967,'JMC','FULL C/SIMP. R/SENCILLA',0,'0','0',1,1,'MT7878548754',19990,'D','','BLANCO',3),(968,'FIAT','STRADA WORKING CAB/EXT',0,'0','0',5,1,'0214542',14690,'N','','ROJO',2),(969,'LIFAN','330 1.3',0,'0','0',2,1,'78965666',11990,'N','','BLANCO',1),(971,'PEUGEOT ','PARNER',0,'0','0',2,1,'7777774444',21490,'D','','BLANCA',2),(972,'CHERY','QQ AUT FULL LUXURY',2012,'1023743','PVA1982',1,1,'SRQ472',8900,'N','','ROJO',1),(973,'GWM','DEER LUXURY',2010,'1037801','CCB7847',2,1,'D090815304',9500,'N','','NEGRA',2),(974,'HAFEI','HFJ7100CE3',2011,'1090196','CAA1653',5,1,'1301203HB',6900,'N','','BLANCO',1),(976,'DFSK',' PICK ESTANDAR',2013,'902725840','CAB1526',1,1,'133395210',6900,'N','','GRIS',2),(977,'CHERY','TIGGO FULL A/A D/H LLANTAS',2008,'902441048','CAB2365',5,1,'SQR484FF7J05720',12500,'N','','BORDO',2),(978,'HYUNDAI','ACCENT 1.5TD D/H A/A V/E LLANTA',2010,'57794','OAC5496',5,1,'D4FAAU8AA185',11900,'D','','BLANCO',1),(979,'TOYOTA','TERCEL 1.3 4P EST',1998,'1046102','CCA9888',1,1,'3212035',7900,'N','','BLANCO',1),(980,'TOYOTA','HILUX',1989,'DAA8066','DAA8066',4,1,'2L1749550',8900,'D','','BLANCA',2),(981,'FIAT','STRADA TREKKING CAB/EXT',0,'0','0',5,1,'00212100',14690,'N','','BLANCA',1),(982,'BYD','F0 GLXI 1.0',0,'0','0',1,1,'80032100',11990,'N','','ROJO',1),(983,'VOLKSWAGEN','GOL 1.9 SD',2004,'158475','MAG4708',1,1,'BGG002670',7800,'D','','ROJO',1),(984,'HYUNDAI ','ACCENT 1.3 2P LLANTAS',1995,'20.4647','CCB3040',3,1,'G4EHS373253',6900,'N','','ROSADO',1),(985,'DAIHATSU','CHARADE G100',1993,'240007','AAE9630',1,1,'1914065',5900,'N','','',1),(986,'FIAT','UNO CS',1993,'900204165','CCB9010',5,1,'3724261',4900,'N','','VERDE',1),(987,'CHEVROLET','CORSA GL 1.7',2000,'1006122','CCB7599',1,1,'686368',6900,'D','','GRIS',2),(988,'GEELY','LC 1.3',2011,'DAA8499','DAA8499',3,1,'MR479Q*ACN581841',5900,'N','','NEGRO',1),(989,'FIAT','UNO ATTRACTIVE',0,'0','0',5,1,'99969696',12890,'N','','ROJO',1),(991,'VOLKSWAGEN','GOL D/H  A/A 2P',1997,'481245','SAS4400',1,1,'UND1309380',6800,'N','5','BORDEAU',1),(992,'FAW','N5 1.0 NEW L FULL',2015,'902866089','CCA6206',1,1,'FE602649',9000,'N','','GRIS',1),(993,'FIAT','STRADA ADVENT CAB/EXT 1.6 ',2010,'1056777','CCB8167',1,1,'178F4055*2030962',12000,'N','','GRIS',1),(994,'ZNA','RICH 4X4 2.4 FULL LLANTAS A/A D/H ',2013,'902759010','CAB1474',1,1,'437428',13900,'N','','BLANCO',2),(995,'WINNER','EXPOLER 125',2012,'902654579','CAB473',1,1,'156FMI-2',0,'N','','BLANCA',4),(996,'KEEWAY','F-ACT 50',2009,'1048608','CCV555',1,1,'KW1E40QMB',0,'N','','GRIS/AZUL',4),(997,'LIFAN','X 50 1.5 FULL',0,'0','0',1,1,'878755555',14990,'N','','MARRON',2),(998,'Fiat','Uno GL 1.0',2016,'103956','AAB1755',5,1,'12345687',9500,'N','Alguna descripcion aca','ROJO',1),(999,'CITROEN ','XSARA PICCASO ',2006,'592966','IAB7364',4,1,'10LH3W1296003',12900,'N',' EXTRA FULL 2.0 ','GRIS PLATA ',1),(1012,'CHEVROLET','MODELO SLE 1.6',1986,'337523','SAH2817',4,1,'SUPL1224400',0,'D','','BLANCO',1),(1016,'CHEVROLET','S 10 PICK UP',2006,'152560','MAC6489',4,1,'M1238757',13900,'D','','',2),(1017,'FIAT ','PALIO WEEKEND',2003,'216568','HAY525',4,1,'5215465',8900,'D','','',2),(1019,'LADA','AFALINA SEDAN ',2000,'302451','AAF 8092',4,1,'252932B',4500,'N','','',1),(1020,'RENAULT ','18 4 P',1989,'943472','SAC3819',4,1,'160025NS2443',5500,'N','','VERDE',1),(1021,'SUZUKI ','VAM PANEL ',1989,'325567','AAA2962',4,1,'F10A861691 ',4800,'N','','',2),(1022,'VOLKSWAGEN ','GOL 1.6 2P',1997,'900663554','AAN3515',4,1,'UND054337',6500,'N','','ROJO ',1),(1023,'MAZDA ','4X4 D/C ',1998,'431551','B131349',4,1,'L362349',12800,'N','TALLER','',2),(1024,'HYUNDAI ','ACCENT1.3',1997,'900663686','MAG2857',4,1,'G4EHV064400',7900,'N','','VERDE',1),(1025,'MITSUBISHI ','LANCER RURAL ',1997,'423318','B525471',4,1,'SY6354',7900,'N','','',2),(1026,'OPEL ','RECORD',1979,'30821004','SAE 4854',4,1,'200160434',4500,'N','','GRIS PLATA ',1),(1027,'FORD','FIESTA 2P',1995,'18462','LHA3435',4,1,'SLO4811',5500,'N','','BLANCO',1),(1028,'FIAT','UNO S 2P',1987,'311306','AAE5744',4,1,'SUPL9133',4500,'D','','',1),(1030,'FIAT ','SPAZIO',1994,'425884','SAK1649',4,1,'8104914',4500,'N','','BLANCO',1),(1031,'WINNER ','SR200CC',2012,'100896','898925',4,1,'169FML8C300064',900,'N','','',4),(1032,'WINNER','BIS PRO',2011,'778384','ATD437',4,1,'1P52FMI0B801390',650,'N','','NEGRO',4),(1033,'FAW ','CA1020VJ D/C',2010,'1038060','CCA7326',4,1,'908578402J6',6800,'N','','AZUL',2);
/*!40000 ALTER TABLE `unidades` ENABLE KEYS */;
UNLOCK TABLES;

--
-- Table structure for table `usuarios`
--

DROP TABLE IF EXISTS `usuarios`;
/*!40101 SET @saved_cs_client     = @@character_set_client */;
/*!40101 SET character_set_client = utf8 */;
CREATE TABLE `usuarios` (
  `id_usuario` int(11) NOT NULL AUTO_INCREMENT,
  `nombre` varchar(50) NOT NULL DEFAULT '0',
  `apellido` varchar(50) NOT NULL DEFAULT '0',
  `username` varchar(20) NOT NULL DEFAULT '0',
  `password` varchar(130) NOT NULL DEFAULT '0',
  `perfil` int(11) NOT NULL DEFAULT '0',
  `sucursal` smallint(6) NOT NULL DEFAULT '0',
  PRIMARY KEY (`id_usuario`)
) ENGINE=InnoDB AUTO_INCREMENT=13 DEFAULT CHARSET=utf8;
/*!40101 SET character_set_client = @saved_cs_client */;

--
-- Dumping data for table `usuarios`
--

LOCK TABLES `usuarios` WRITE;
/*!40000 ALTER TABLE `usuarios` DISABLE KEYS */;
INSERT INTO `usuarios` VALUES (1,'Walter','Sosa','walter','ffd7a5bb4eb623c9939daa9700837dfd73b9222bd764662ae944326ce287c9ccd693c80be867d3c677a575d9a82c5bc16c4ea32bebce094d8fb188408447dce4',1,1),(2,'Administrador','admin','admin','5f9697f0e313fa51f5551cdf00898f1c44954933eb5a44bceb731d40c3207eee25698945af3cbdc6d1a90947252e920bd01c1134141394b075ab0bd7b0c3746d',2,1),(3,'Yesica','N','yesica','dcdf9806a2dee122837fb641c4b124d78ad69c4a371bec13f983bae30d37c8e0e90faa4aa26d8e7db29b2c5a088cf34ab59734170835bb433d390f3cfb266f14',4,1),(4,'Verónica','N','veronica','17c5364437fca620c57b54c2ba6d097e289e42478976fa6069146b7a20590d32af85367d4a406b3be9ea7731e8ee88429f705dc1a838d8aa286604bba7653e94',3,3),(5,'Daniel','N','daniel','d0d313aff509ac0360435f3039d308da920476d7140839ec55f971304bdb5e2da48d2d565c36abf5daa6350910b30d79dfdc0e8325c2cb6067fa511c42c2f7ee',3,2),(6,'Natalia','N','natalia','b4332c5644b8b6d18fd34a5478807930b1c9604914717c1da1748ce2e4c0390afec4f885d6d81d4de81bc827e602fcd2aa13245af5527e63ef16bdd4412680c0',3,3),(7,'Daniela','N','daniela','a9020b54554a7bb15bf63aff417d39a49daa49ed9615e5a5d2a13748569e17e75a7eedd5298bcc35a5c6f214c354e89200e9f542f2e84b9bb2896042f8cb9759',3,3),(8,'Lucía','N','lucia','3fa0ca8e336a6d52ba4ee0f699d670038aa5a3be7c87a02ca0ff752e496e60759d1913e7952f1713c3e2fc6f1f518c3e5709c50772b13471486b359fcedf676a',4,2),(9,'Julio','Rodríguez','julio','c47384786bccb5350d67943cbe26156fd82b105894434e1708a606353252c873c7482d99e6ecedc2d60779252c5489dec7211a75680326f277c1236cb7a42bed',5,3),(10,'Migues','Admin','migues','ee95e396d1eb34097ca34ab0ecd6b325abdb9e5cccc0663f69d721d490a3b0f58bd84e215f5b1995fbb0e044ca8cd49f85d408b67c05ee8630f20e086f8ce87e',4,4),(11,'Pablo','Correa','pablin','4eca758d4e1125c590901f36960245be8d15d80bd6540546b2e7497f27e790305c8bd639909142247d4c1e1e4d3f811c42875317400ef7b7103c147586091681',5,1),(12,'Canelones','N','canelones','1e06b425ceb1576423eedec1550bab3e25dc3455c021bf738a1b3b7667318cb29464ae2b865b046079ea62b523910d5d0ae982e12f9f7838793da1b0bd05d6c0',3,4);
/*!40000 ALTER TABLE `usuarios` ENABLE KEYS */;
UNLOCK TABLES;
/*!40103 SET TIME_ZONE=@OLD_TIME_ZONE */;

/*!40101 SET SQL_MODE=@OLD_SQL_MODE */;
/*!40014 SET FOREIGN_KEY_CHECKS=@OLD_FOREIGN_KEY_CHECKS */;
/*!40014 SET UNIQUE_CHECKS=@OLD_UNIQUE_CHECKS */;
/*!40101 SET CHARACTER_SET_CLIENT=@OLD_CHARACTER_SET_CLIENT */;
/*!40101 SET CHARACTER_SET_RESULTS=@OLD_CHARACTER_SET_RESULTS */;
/*!40101 SET COLLATION_CONNECTION=@OLD_COLLATION_CONNECTION */;
/*!40111 SET SQL_NOTES=@OLD_SQL_NOTES */;

-- Dump completed on 2016-11-21 16:20:20
